Key Id,Tournament Id,tournament Name,Match Id,Match Name,Stage Name,Group Name,Group Stage,Knockout Stage,Replayed,Replay,Match Date,Match Time,Stadium Id,Stadium Name,City Name,Country Name,Home Team Id,Home Team Name,Home Team Code,Away Team Id,Away Team Name,Away Team Code,Score,Home Team Score,Away Team Score,Home Team Score Margin,Away Team Score Margin,Extra Time,Penalty Shootout,Score Penalties,Home Team Score Penalties,Away Team Score Penalties,Result,Home Team Win,Away Team Win,Draw,sofifa_id,player_url,short_name,long_name,age,dob,height_cm,weight_kg,nationality,club,player_positions,preferred_foot,team_position,team_jersey_number
1.0,WC-1930,1930 FIFA World Cup,M-1930-01,France v Mexico,group stage,Group 1,1.0,0.0,0.0,0.0,7/13/1930,15:00,S-193,Estadio Pocitos,Montevideo,Uruguay,T-28,France,FRA,T-44,Mexico,MEX,41,4.0,1.0,3.0,-3.0,0.0,0.0,0-0,0.0,0.0,home team win,1.0,0.0,0.0,158023,https://sofifa.com/player/158023/lionel-messi/20/159586,L. Messi,Lionel Andrés Messi Cuccittini,32,1987-06-24,170,72,Argentina,FC Barcelona,"RW, CF, ST",Left,RW,10.0
2.0,WC-1930,1930 FIFA World Cup,M-1930-02,United States v Belgium,group stage,Group 4,1.0,0.0,0.0,0.0,7/13/1930,15:00,S-192,Estadio Gran Parque Central,Montevideo,Uruguay,T-80,United States,USA,T-06,Belgium,BEL,30,3.0,0.0,3.0,-3.0,0.0,0.0,0-0,0.0,0.0,home team win,1.0,0.0,0.0,20801,https://sofifa.com/player/20801/c-ronaldo-dos-santos-aveiro/20/159586,Cristiano Ronaldo,Cristiano Ronaldo dos Santos Aveiro,34,1985-02-05,187,83,Portugal,Juventus,"ST, LW",Right,LW,7.0
3.0,WC-1930,1930 FIFA World Cup,M-1930-03,Yugoslavia v Brazil,group stage,Group 2,1.0,0.0,0.0,0.0,7/14/1930,12:45,S-192,Estadio Gran Parque Central,Montevideo,Uruguay,T-84,Yugoslavia,YUG,T-09,Brazil,BRA,21,2.0,1.0,1.0,-1.0,0.0,0.0,0-0,0.0,0.0,home team win,1.0,0.0,0.0,190871,https://sofifa.com/player/190871/neymar-da-silva-santos-jr/20/159586,Neymar Jr,Neymar da Silva Santos Junior,27,1992-02-05,175,68,Brazil,Paris Saint-Germain,"LW, CAM",Right,CAM,10.0
4.0,WC-1930,1930 FIFA World Cup,M-1930-04,Romania v Peru,group stage,Group 3,1.0,0.0,0.0,0.0,7/14/1930,14:50,S-193,Estadio Pocitos,Montevideo,Uruguay,T-59,Romania,ROU,T-54,Peru,PER,31,3.0,1.0,2.0,-2.0,0.0,0.0,0-0,0.0,0.0,home team win,1.0,0.0,0.0,200389,https://sofifa.com/player/200389/jan-oblak/20/159586,J. Oblak,Jan Oblak,26,1993-01-07,188,87,Slovenia,Atlético Madrid,GK,Right,GK,13.0
5.0,WC-1930,1930 FIFA World Cup,M-1930-05,Argentina v France,group stage,Group 1,1.0,0.0,0.0,0.0,7/15/1930,16:00,S-192,Estadio Gran Parque Central,Montevideo,Uruguay,T-03,Argentina,ARG,T-28,France,FRA,10,1.0,0.0,1.0,-1.0,0.0,0.0,0-0,0.0,0.0,home team win,1.0,0.0,0.0,183277,https://sofifa.com/player/183277/eden-hazard/20/159586,E. Hazard,Eden Hazard,28,1991-01-07,175,74,Belgium,Real Madrid,"LW, CF",Right,LW,7.0
6.0,WC-1930,1930 FIFA World Cup,M-1930-06,Chile v Mexico,group stage,Group 1,1.0,0.0,0.0,0.0,7/16/1930,14:45,S-192,Estadio Gran Parque Central,Montevideo,Uruguay,T-13,Chile,CHL,T-44,Mexico,MEX,30,3.0,0.0,3.0,-3.0,0.0,0.0,0-0,0.0,0.0,home team win,1.0,0.0,0.0,192985,https://sofifa.com/player/192985/kevin-de-bruyne/20/159586,K. De Bruyne,Kevin De Bruyne,28,1991-06-28,181,70,Belgium,Manchester City,"CAM, CM",Right,RCM,17.0
7.0,WC-1930,1930 FIFA World Cup,M-1930-07,Yugoslavia v Bolivia,group stage,Group 2,1.0,0.0,0.0,0.0,7/17/1930,12:45,S-192,Estadio Gran Parque Central,Montevideo,Uruguay,T-84,Yugoslavia,YUG,T-07,Bolivia,BOL,40,4.0,0.0,4.0,-4.0,0.0,0.0,0-0,0.0,0.0,home team win,1.0,0.0,0.0,192448,https://sofifa.com/player/192448/marc-andre-ter-stegen/20/159586,M. ter Stegen,Marc-André ter Stegen,27,1992-04-30,187,85,Germany,FC Barcelona,GK,Right,GK,1.0
8.0,WC-1930,1930 FIFA World Cup,M-1930-08,United States v Paraguay,group stage,Group 4,1.0,0.0,0.0,0.0,7/17/1930,14:45,S-192,Estadio Gran Parque Central,Montevideo,Uruguay,T-80,United States,USA,T-53,Paraguay,PRY,30,3.0,0.0,3.0,-3.0,0.0,0.0,0-0,0.0,0.0,home team win,1.0,0.0,0.0,203376,https://sofifa.com/player/203376/virgil-van-dijk/20/159586,V. van Dijk,Virgil van Dijk,27,1991-07-08,193,92,Netherlands,Liverpool,CB,Right,LCB,4.0
9.0,WC-1930,1930 FIFA World Cup,M-1930-09,Uruguay v Peru,group stage,Group 3,1.0,0.0,0.0,0.0,7/18/1930,14:30,S-191,Estadio Centenario,Montevideo,Uruguay,T-81,Uruguay,URY,T-54,Peru,PER,10,1.0,0.0,1.0,-1.0,0.0,0.0,0-0,0.0,0.0,home team win,1.0,0.0,0.0,177003,https://sofifa.com/player/177003/luka-modric/20/159586,L. Modrić,Luka Modrić,33,1985-09-09,172,66,Croatia,Real Madrid,CM,Right,RCM,10.0
10.0,WC-1930,1930 FIFA World Cup,M-1930-10,Chile v France,group stage,Group 1,1.0,0.0,0.0,0.0,7/19/1930,12:50,S-191,Estadio Centenario,Montevideo,Uruguay,T-13,Chile,CHL,T-28,France,FRA,10,1.0,0.0,1.0,-1.0,0.0,0.0,0-0,0.0,0.0,home team win,1.0,0.0,0.0,209331,https://sofifa.com/player/209331/mohamed-salah/20/159586,M. Salah,Mohamed  Salah Ghaly,27,1992-06-15,175,71,Egypt,Liverpool,"RW, ST",Left,RW,11.0
11.0,WC-1930,1930 FIFA World Cup,M-1930-11,Argentina v Mexico,group stage,Group 1,1.0,0.0,0.0,0.0,7/19/1930,15:00,S-191,Estadio Centenario,Montevideo,Uruguay,T-03,Argentina,ARG,T-44,Mexico,MEX,63,6.0,3.0,3.0,-3.0,0.0,0.0,0-0,0.0,0.0,home team win,1.0,0.0,0.0,231747,https://sofifa.com/player/231747/kylian-mbappe/20/159586,K. Mbappé,Kylian Mbappé,20,1998-12-20,178,73,France,Paris Saint-Germain,"ST, RW",Right,RW,7.0
12.0,WC-1930,1930 FIFA World Cup,M-1930-12,Brazil v Bolivia,group stage,Group 2,1.0,0.0,0.0,0.0,7/20/1930,13:00,S-191,Estadio Centenario,Montevideo,Uruguay,T-09,Brazil,BRA,T-07,Bolivia,BOL,40,4.0,0.0,4.0,-4.0,0.0,0.0,0-0,0.0,0.0,home team win,1.0,0.0,0.0,201024,https://sofifa.com/player/201024/kalidou-koulibaly/20/159586,K. Koulibaly,Kalidou Koulibaly,28,1991-06-20,187,89,Senegal,Napoli,CB,Right,LCB,26.0
13.0,WC-1930,1930 FIFA World Cup,M-1930-13,Paraguay v Belgium,group stage,Group 4,1.0,0.0,0.0,0.0,7/20/1930,15:00,S-191,Estadio Centenario,Montevideo,Uruguay,T-53,Paraguay,PRY,T-06,Belgium,BEL,10,1.0,0.0,1.0,-1.0,0.0,0.0,0-0,0.0,0.0,home team win,1.0,0.0,0.0,202126,https://sofifa.com/player/202126/harry-kane/20/159586,H. Kane,Harry Kane,25,1993-07-28,188,89,England,Tottenham Hotspur,ST,Right,ST,10.0
14.0,WC-1930,1930 FIFA World Cup,M-1930-14,Uruguay v Romania,group stage,Group 3,1.0,0.0,0.0,0.0,7/21/1930,14:50,S-191,Estadio Centenario,Montevideo,Uruguay,T-81,Uruguay,URY,T-59,Romania,ROU,40,4.0,0.0,4.0,-4.0,0.0,0.0,0-0,0.0,0.0,home team win,1.0,0.0,0.0,212831,https://sofifa.com/player/212831/alisson-ramses-becker/20/159586,Alisson,Alisson Ramses Becker,26,1992-10-02,191,91,Brazil,Liverpool,GK,Right,GK,1.0
15.0,WC-1930,1930 FIFA World Cup,M-1930-15,Argentina v Chile,group stage,Group 1,1.0,0.0,0.0,0.0,7/22/1930,14:45,S-191,Estadio Centenario,Montevideo,Uruguay,T-03,Argentina,ARG,T-13,Chile,CHL,31,3.0,1.0,2.0,-2.0,0.0,0.0,0-0,0.0,0.0,home team win,1.0,0.0,0.0,193080,https://sofifa.com/player/193080/david-de-gea-quintana/20/159586,De Gea,David De Gea Quintana,28,1990-11-07,192,82,Spain,Manchester United,GK,Right,GK,1.0
16.0,WC-1930,1930 FIFA World Cup,M-1930-16,Argentina v United States,semi-finals,not applicable,0.0,1.0,0.0,0.0,7/26/1930,14:45,S-191,Estadio Centenario,Montevideo,Uruguay,T-03,Argentina,ARG,T-80,United States,USA,61,6.0,1.0,5.0,-5.0,0.0,0.0,0-0,0.0,0.0,home team win,1.0,0.0,0.0,215914,https://sofifa.com/player/215914/ngolo-kante/20/159586,N. Kanté,N'Golo Kanté,28,1991-03-29,168,72,France,Chelsea,"CDM, CM",Right,RCM,7.0
17.0,WC-1930,1930 FIFA World Cup,M-1930-17,Uruguay v Yugoslavia,semi-finals,not applicable,0.0,1.0,0.0,0.0,7/27/1930,14:45,S-191,Estadio Centenario,Montevideo,Uruguay,T-81,Uruguay,URY,T-84,Yugoslavia,YUG,61,6.0,1.0,5.0,-5.0,0.0,0.0,0-0,0.0,0.0,home team win,1.0,0.0,0.0,138956,https://sofifa.com/player/138956/giorgio-chiellini/20/159586,G. Chiellini,Giorgio Chiellini,34,1984-08-14,187,85,Italy,Juventus,CB,Left,LCB,3.0
18.0,WC-1930,1930 FIFA World Cup,M-1930-18,Uruguay v Argentina,final,not applicable,0.0,1.0,0.0,0.0,7/30/1930,14:15,S-191,Estadio Centenario,Montevideo,Uruguay,T-81,Uruguay,URY,T-03,Argentina,ARG,42,4.0,2.0,2.0,-2.0,0.0,0.0,0-0,0.0,0.0,home team win,1.0,0.0,0.0,153079,https://sofifa.com/player/153079/sergio-aguero/20/159586,S. Agüero,Sergio Leonel Agüero del Castillo,31,1988-06-02,173,70,Argentina,Manchester City,ST,Right,ST,10.0
19.0,WC-1934,1934 FIFA World Cup,M-1934-01,Austria v France,round of 16,not applicable,0.0,1.0,0.0,0.0,5/27/1934,16:00,S-081,Stadio Benito Mussolini,Turin,Italy,T-05,Austria,AUT,T-28,France,FRA,32,3.0,2.0,1.0,-1.0,1.0,0.0,0-0,0.0,0.0,home team win,1.0,0.0,0.0,155862,https://sofifa.com/player/155862/sergio-ramos-garcia/20/159586,Sergio Ramos,Sergio Ramos García,33,1986-03-30,184,82,Spain,Real Madrid,CB,Right,LCB,4.0
20.0,WC-1934,1934 FIFA World Cup,M-1934-02,Czechoslovakia v Romania,round of 16,not applicable,0.0,1.0,0.0,0.0,5/27/1934,16:00,S-080,Stadio Littorio,Trieste,Italy,T-20,Czechoslovakia,CSK,T-59,Romania,ROU,21,2.0,1.0,1.0,-1.0,0.0,0.0,0-0,0.0,0.0,home team win,1.0,0.0,0.0,176580,https://sofifa.com/player/176580/luis-suarez/20/159586,L. Suárez,Luis Alberto Suárez Díaz,32,1987-01-24,182,86,Uruguay,FC Barcelona,ST,Right,ST,9.0
21.0,WC-1934,1934 FIFA World Cup,M-1934-03,Germany v Belgium,round of 16,not applicable,0.0,1.0,0.0,0.0,5/27/1934,16:00,S-072,Stadio Giovanni Berta,Florence,Italy,T-29,Germany,DEU,T-06,Belgium,BEL,52,5.0,2.0,3.0,-3.0,0.0,0.0,0-0,0.0,0.0,home team win,1.0,0.0,0.0,188545,https://sofifa.com/player/188545/robert-lewandowski/20/159586,R. Lewandowski,Robert Lewandowski,30,1988-08-21,184,80,Poland,FC Bayern München,ST,Right,ST,9.0
22.0,WC-1934,1934 FIFA World Cup,M-1934-04,Hungary v Egypt,round of 16,not applicable,0.0,1.0,0.0,0.0,5/27/1934,16:00,S-075,Stadio Giorgio Ascarelli,Naples,Italy,T-34,Hungary,HUN,T-25,Egypt,EGY,42,4.0,2.0,2.0,-2.0,0.0,0.0,0-0,0.0,0.0,home team win,1.0,0.0,0.0,189511,https://sofifa.com/player/189511/sergio-busquets-burgos/20/159586,Sergio Busquets,Sergio Busquets i Burgos,30,1988-07-16,189,76,Spain,FC Barcelona,"CDM, CM",Right,CDM,5.0
23.0,WC-1934,1934 FIFA World Cup,M-1934-05,Italy v United States,round of 16,not applicable,0.0,1.0,0.0,0.0,5/27/1934,16:00,S-078,Stadio Nazionale PNF,Rome,Italy,T-39,Italy,ITA,T-80,United States,USA,71,7.0,1.0,6.0,-6.0,0.0,0.0,0-0,0.0,0.0,home team win,1.0,0.0,0.0,194765,https://sofifa.com/player/194765/antoine-griezmann/20/159586,A. Griezmann,Antoine Griezmann,28,1991-03-21,176,73,France,FC Barcelona,"CF, ST, LW",Left,LW,17.0
24.0,WC-1934,1934 FIFA World Cup,M-1934-06,Spain v Brazil,round of 16,not applicable,0.0,1.0,0.0,0.0,5/27/1934,16:00,S-073,Stadio Luigi Ferraris,Genoa,Italy,T-71,Spain,ESP,T-09,Brazil,BRA,31,3.0,1.0,2.0,-2.0,0.0,0.0,0-0,0.0,0.0,home team win,1.0,0.0,0.0,211110,https://sofifa.com/player/211110/paulo-dybala/20/159586,P. Dybala,Paulo Bruno Exequiel Dybala,25,1993-11-15,177,75,Argentina,Juventus,"CAM, RW",Left,RW,10.0
25.0,WC-1934,1934 FIFA World Cup,M-1934-07,Sweden v Argentina,round of 16,not applicable,0.0,1.0,0.0,0.0,5/27/1934,16:00,S-069,Stadio Renato Dall'Ara,Bologna,Italy,T-72,Sweden,SWE,T-03,Argentina,ARG,32,3.0,2.0,1.0,-1.0,0.0,0.0,0-0,0.0,0.0,home team win,1.0,0.0,0.0,195864,https://sofifa.com/player/195864/paul-pogba/20/159586,P. Pogba,Paul Pogba,26,1993-03-15,191,84,France,Manchester United,"CM, CDM",Right,LDM,6.0
26.0,WC-1934,1934 FIFA World Cup,M-1934-08,Switzerland v Netherlands,round of 16,not applicable,0.0,1.0,0.0,0.0,5/27/1934,16:00,S-074,San Siro,Milan,Italy,T-73,Switzerland,CHE,T-46,Netherlands,NLD,32,3.0,2.0,1.0,-1.0,0.0,0.0,0-0,0.0,0.0,home team win,1.0,0.0,0.0,210257,https://sofifa.com/player/210257/ederson-santana-de-moraes/20/159586,Ederson,Ederson Santana de Moraes,25,1993-08-17,188,86,Brazil,Manchester City,GK,Left,GK,31.0
27.0,WC-1934,1934 FIFA World Cup,M-1934-09,Austria v Hungary,quarter-finals,not applicable,0.0,1.0,0.0,0.0,5/31/1934,16:30,S-069,Stadio Renato Dall'Ara,Bologna,Italy,T-05,Austria,AUT,T-34,Hungary,HUN,21,2.0,1.0,1.0,-1.0,0.0,0.0,0-0,0.0,0.0,home team win,1.0,0.0,0.0,202652,https://sofifa.com/player/202652/raheem-sterling/20/159586,R. Sterling,Raheem Sterling,24,1994-12-08,170,69,England,Manchester City,"RW, LW",Right,LW,7.0
28.0,WC-1934,1934 FIFA World Cup,M-1934-10,Czechoslovakia v Switzerland,quarter-finals,not applicable,0.0,1.0,0.0,0.0,5/31/1934,16:30,S-081,Stadio Benito Mussolini,Turin,Italy,T-20,Czechoslovakia,CSK,T-73,Switzerland,CHE,32,3.0,2.0,1.0,-1.0,0.0,0.0,0-0,0.0,0.0,home team win,1.0,0.0,0.0,190460,https://sofifa.com/player/190460/christian-eriksen/20/159586,C. Eriksen,Christian  Dannemann Eriksen,27,1992-02-14,181,76,Denmark,Tottenham Hotspur,"CAM, CM",Right,RM,23.0
29.0,WC-1934,1934 FIFA World Cup,M-1934-11,Germany v Sweden,quarter-finals,not applicable,0.0,1.0,0.0,0.0,5/31/1934,16:30,S-074,San Siro,Milan,Italy,T-29,Germany,DEU,T-72,Sweden,SWE,21,2.0,1.0,1.0,-1.0,0.0,0.0,0-0,0.0,0.0,home team win,1.0,0.0,0.0,192119,https://sofifa.com/player/192119/thibaut-courtois/20/159586,T. Courtois,Thibaut Courtois,27,1992-05-11,199,96,Belgium,Real Madrid,GK,Left,GK,13.0
30.0,WC-1934,1934 FIFA World Cup,M-1934-12,Italy v Spain,quarter-finals,not applicable,0.0,1.0,1.0,0.0,5/31/1934,16:30,S-072,Stadio Giovanni Berta,Florence,Italy,T-39,Italy,ITA,T-71,Spain,ESP,11,1.0,1.0,0.0,0.0,1.0,0.0,0-0,0.0,0.0,draw,0.0,0.0,1.0,152729,https://sofifa.com/player/152729/gerard-pique-bernabeu/20/159586,Piqué,Gerard Piqué Bernabéu,32,1987-02-02,194,85,Spain,FC Barcelona,CB,Right,RCB,3.0
31.0,WC-1934,1934 FIFA World Cup,M-1934-13,Italy v Spain,quarter-finals,not applicable,0.0,1.0,0.0,1.0,6/1/1934,16:30,S-072,Stadio Giovanni Berta,Florence,Italy,T-39,Italy,ITA,T-71,Spain,ESP,10,1.0,0.0,1.0,-1.0,0.0,0.0,0-0,0.0,0.0,home team win,1.0,0.0,0.0,162835,https://sofifa.com/player/162835/samir-handanovic/20/159586,S. Handanovič,Samir Handanovič,34,1984-07-14,193,92,Slovenia,Inter,GK,Right,GK,1.0
32.0,WC-1934,1934 FIFA World Cup,M-1934-14,Czechoslovakia v Germany,semi-finals,not applicable,0.0,1.0,0.0,0.0,6/3/1934,16:30,S-078,Stadio Nazionale PNF,Rome,Italy,T-20,Czechoslovakia,CSK,T-29,Germany,DEU,31,3.0,1.0,2.0,-2.0,0.0,0.0,0-0,0.0,0.0,home team win,1.0,0.0,0.0,167495,https://sofifa.com/player/167495/manuel-neuer/20/159586,M. Neuer,Manuel Neuer,33,1986-03-27,193,92,Germany,FC Bayern München,GK,Right,GK,1.0
33.0,WC-1934,1934 FIFA World Cup,M-1934-15,Italy v Austria,semi-finals,not applicable,0.0,1.0,0.0,0.0,6/3/1934,16:30,S-074,San Siro,Milan,Italy,T-39,Italy,ITA,T-05,Austria,AUT,10,1.0,0.0,1.0,-1.0,0.0,0.0,0-0,0.0,0.0,home team win,1.0,0.0,0.0,167948,https://sofifa.com/player/167948/hugo-lloris/20/159586,H. Lloris,Hugo Lloris,32,1986-12-26,188,82,France,Tottenham Hotspur,GK,Left,GK,1.0
34.0,WC-1934,1934 FIFA World Cup,M-1934-16,Germany v Austria,third-place match,not applicable,0.0,1.0,0.0,0.0,6/7/1934,18:00,S-075,Stadio Giorgio Ascarelli,Naples,Italy,T-29,Germany,DEU,T-05,Austria,AUT,32,3.0,2.0,1.0,-1.0,0.0,0.0,0-0,0.0,0.0,home team win,1.0,0.0,0.0,168542,https://sofifa.com/player/168542/david-josue-jimenez-silva/20/159586,David Silva,David Josué Jiménez Silva,33,1986-01-08,173,67,Spain,Manchester City,"CAM, CM",Left,LCM,21.0
35.0,WC-1934,1934 FIFA World Cup,M-1934-17,Italy v Czechoslovakia,final,not applicable,0.0,1.0,0.0,0.0,6/10/1934,17:00,S-078,Stadio Nazionale PNF,Rome,Italy,T-39,Italy,ITA,T-20,Czechoslovakia,CSK,21,2.0,1.0,1.0,-1.0,1.0,0.0,0-0,0.0,0.0,home team win,1.0,0.0,0.0,179813,https://sofifa.com/player/179813/edinson-cavani/20/159586,E. Cavani,Edinson Roberto Cavani Gómez,32,1987-02-14,185,77,Uruguay,Paris Saint-Germain,ST,Right,ST,9.0
36.0,WC-1938,1938 FIFA World Cup,M-1938-01,Switzerland v Germany,round of 16,not applicable,0.0,1.0,1.0,0.0,6/4/1938,17:00,S-045,Parc des Princes,Paris,France,T-73,Switzerland,CHE,T-29,Germany,DEU,11,1.0,1.0,0.0,0.0,1.0,0.0,0-0,0.0,0.0,draw,0.0,0.0,1.0,182493,https://sofifa.com/player/182493/diego-godin/20/159586,D. Godín,Diego Godín,33,1986-02-16,187,78,Uruguay,Inter,CB,Right,RCB,2.0
37.0,WC-1938,1938 FIFA World Cup,M-1938-02,Cuba v Romania,round of 16,not applicable,0.0,1.0,1.0,0.0,6/5/1938,17:00,S-052,Stade du T.O.E.C.,Toulouse,France,T-18,Cuba,CUB,T-59,Romania,ROU,33,3.0,3.0,0.0,0.0,1.0,0.0,0-0,0.0,0.0,draw,0.0,0.0,1.0,182521,https://sofifa.com/player/182521/toni-kroos/20/159586,T. Kroos,Toni Kroos,29,1990-01-04,183,76,Germany,Real Madrid,CM,Right,LCM,8.0
38.0,WC-1938,1938 FIFA World Cup,M-1938-03,France v Belgium,round of 16,not applicable,0.0,1.0,0.0,0.0,6/5/1938,17:00,S-046,Stade Olympique de Colombes,Paris,France,T-28,France,FRA,T-06,Belgium,BEL,31,3.0,1.0,2.0,-2.0,0.0,0.0,0-0,0.0,0.0,home team win,1.0,0.0,0.0,188350,https://sofifa.com/player/188350/marco-reus/20/159586,M. Reus,Marco Reus,30,1989-05-31,180,71,Germany,Borussia Dortmund,"CAM, LM, ST",Right,CAM,11.0
39.0,WC-1938,1938 FIFA World Cup,M-1938-04,Hungary v Dutch East Indies,round of 16,not applicable,0.0,1.0,0.0,0.0,6/5/1938,17:00,S-047,Vélodrome Municipal,Reims,France,T-34,Hungary,HUN,T-22,Dutch East Indies,IDN,60,6.0,0.0,6.0,-6.0,0.0,0.0,0-0,0.0,0.0,home team win,1.0,0.0,0.0,188567,https://sofifa.com/player/188567/pierre-emerick-aubameyang/20/159586,P. Aubameyang,Pierre-Emerick Aubameyang,30,1989-06-18,187,80,Gabon,Arsenal,"ST, LM",Right,LM,14.0
40.0,WC-1938,1938 FIFA World Cup,M-1938-05,Italy v Norway,round of 16,not applicable,0.0,1.0,0.0,0.0,6/5/1938,17:00,S-042,Stade Vélodrome,Marseille,France,T-39,Italy,ITA,T-51,Norway,NOR,21,2.0,1.0,1.0,-1.0,1.0,0.0,0-0,0.0,0.0,home team win,1.0,0.0,0.0,208722,https://sofifa.com/player/208722/sadio-mane/20/159586,S. Mané,Sadio Mané,27,1992-04-10,175,69,Senegal,Liverpool,"LW, LM",Right,LW,10.0
41.0,WC-1938,1938 FIFA World Cup,M-1938-06,Brazil v Poland,round of 16,not applicable,0.0,1.0,0.0,0.0,6/5/1938,17:30,S-050,Stade de la Meinau,Strasbourg,France,T-09,Brazil,BRA,T-55,Poland,POL,65,6.0,5.0,1.0,-1.0,1.0,0.0,0-0,0.0,0.0,home team win,1.0,0.0,0.0,212218,https://sofifa.com/player/212218/aymeric-laporte/20/159586,A. Laporte,Aymeric  Laporte,25,1994-05-27,189,85,France,Manchester City,"CB, LB",Left,LCB,14.0
42.0,WC-1938,1938 FIFA World Cup,M-1938-07,Czechoslovakia v Netherlands,round of 16,not applicable,0.0,1.0,0.0,0.0,6/5/1938,18:30,S-038,Stade Jules Deschaseaux,Le Havre,France,T-20,Czechoslovakia,CSK,T-46,Netherlands,NLD,30,3.0,0.0,3.0,-3.0,1.0,0.0,0-0,0.0,0.0,home team win,1.0,0.0,0.0,218667,https://sofifa.com/player/218667/bernardo-mota-carvalho-e-silva/20/159586,Bernardo Silva,Bernardo Mota Veiga de Carvalho e Silva,24,1994-08-10,173,64,Portugal,Manchester City,"RW, CAM, CM",Left,RW,20.0
43.0,WC-1938,1938 FIFA World Cup,M-1938-08,Cuba v Romania,round of 16,not applicable,0.0,1.0,0.0,1.0,6/9/1938,18:00,S-052,Stade du T.O.E.C.,Toulouse,France,T-18,Cuba,CUB,T-59,Romania,ROU,21,2.0,1.0,1.0,-1.0,0.0,0.0,0-0,0.0,0.0,home team win,1.0,0.0,0.0,200145,https://sofifa.com/player/200145/carlos-henrique-venancio-casimiro/20/159586,Casemiro,Carlos Henrique Venancio Casimiro,27,1992-02-23,185,84,Brazil,Real Madrid,CDM,Right,CDM,14.0
44.0,WC-1938,1938 FIFA World Cup,M-1938-09,Switzerland v Germany,round of 16,not applicable,0.0,1.0,0.0,1.0,6/9/1938,18:00,S-045,Parc des Princes,Paris,France,T-73,Switzerland,CHE,T-29,Germany,DEU,42,4.0,2.0,2.0,-2.0,0.0,0.0,0-0,0.0,0.0,home team win,1.0,0.0,0.0,200104,https://sofifa.com/player/200104/heung-min-son/20/159586,H. Son,손흥민 孙兴慜,26,1992-07-08,183,78,Korea Republic,Tottenham Hotspur,"CF, LM",Right,LM,7.0
45.0,WC-1938,1938 FIFA World Cup,M-1938-10,Brazil v Czechoslovakia,quarter-finals,not applicable,0.0,1.0,1.0,0.0,6/12/1938,17:00,S-037,Stade du Parc Lescure,Bordeaux,France,T-09,Brazil,BRA,T-20,Czechoslovakia,CSK,11,1.0,1.0,0.0,0.0,1.0,0.0,0-0,0.0,0.0,draw,0.0,0.0,1.0,135507,https://sofifa.com/player/135507/fernando-luiz-rosa/20/159586,Fernandinho,Fernando Luiz Rosa,34,1985-05-04,179,67,Brazil,Manchester City,CDM,Right,CDM,25.0
46.0,WC-1938,1938 FIFA World Cup,M-1938-11,Hungary v Switzerland,quarter-finals,not applicable,0.0,1.0,0.0,0.0,6/12/1938,17:00,S-040,Stade Victor Boucquey,Lille,France,T-34,Hungary,HUN,T-73,Switzerland,CHE,20,2.0,0.0,2.0,-2.0,0.0,0.0,0-0,0.0,0.0,home team win,1.0,0.0,0.0,164240,https://sofifa.com/player/164240/thiago-emiliano-da-silva/20/159586,Thiago Silva,Thiago Emiliano da Silva,34,1984-09-22,183,82,Brazil,Paris Saint-Germain,CB,Right,LCB,2.0
47.0,WC-1938,1938 FIFA World Cup,M-1938-12,Italy v France,quarter-finals,not applicable,0.0,1.0,0.0,0.0,6/12/1938,17:00,S-046,Stade Olympique de Colombes,Paris,France,T-39,Italy,ITA,T-28,France,FRA,31,3.0,1.0,2.0,-2.0,0.0,0.0,0-0,0.0,0.0,home team win,1.0,0.0,0.0,165153,https://sofifa.com/player/165153/karim-benzema/20/159586,K. Benzema,Karim Benzema,31,1987-12-19,185,81,France,Real Madrid,"CF, ST",Right,CF,9.0
48.0,WC-1938,1938 FIFA World Cup,M-1938-13,Sweden v Cuba,quarter-finals,not applicable,0.0,1.0,0.0,0.0,6/12/1938,17:00,S-036,Stade du Fort Carré,Antibes,France,T-72,Sweden,SWE,T-18,Cuba,CUB,80,8.0,0.0,8.0,-8.0,0.0,0.0,0-0,0.0,0.0,home team win,1.0,0.0,0.0,172871,https://sofifa.com/player/172871/jan-vertonghen/20/159586,J. Vertonghen,Jan Vertonghen,32,1987-04-24,189,86,Belgium,Tottenham Hotspur,CB,Left,LCB,5.0
49.0,WC-1938,1938 FIFA World Cup,M-1938-14,Brazil v Czechoslovakia,quarter-finals,not applicable,0.0,1.0,0.0,1.0,6/14/1938,18:00,S-037,Stade du Parc Lescure,Bordeaux,France,T-09,Brazil,BRA,T-20,Czechoslovakia,CSK,21,2.0,1.0,1.0,-1.0,0.0,0.0,0-0,0.0,0.0,home team win,1.0,0.0,0.0,175943,https://sofifa.com/player/175943/dries-mertens/20/159586,D. Mertens,Dries Mertens,32,1987-05-06,169,61,Belgium,Napoli,"CF, ST",Right,SUB,14.0
50.0,WC-1938,1938 FIFA World Cup,M-1938-15,Hungary v Sweden,semi-finals,not applicable,0.0,1.0,0.0,0.0,6/16/1938,18:00,S-045,Parc des Princes,Paris,France,T-34,Hungary,HUN,T-72,Sweden,SWE,51,5.0,1.0,4.0,-4.0,0.0,0.0,0-0,0.0,0.0,home team win,1.0,0.0,0.0,178603,https://sofifa.com/player/178603/mats-hummels/20/159586,M. Hummels,Mats  Hummels,30,1988-12-16,191,94,Germany,Borussia Dortmund,CB,Right,LCB,15.0
51.0,WC-1938,1938 FIFA World Cup,M-1938-16,Italy v Brazil,semi-finals,not applicable,0.0,1.0,0.0,0.0,6/16/1938,18:00,S-042,Stade Vélodrome,Marseille,France,T-39,Italy,ITA,T-09,Brazil,BRA,21,2.0,1.0,1.0,-1.0,0.0,0.0,0-0,0.0,0.0,home team win,1.0,0.0,0.0,184087,https://sofifa.com/player/184087/toby-alderweireld/20/159586,T. Alderweireld,Toby Alderweireld,30,1989-03-02,186,81,Belgium,Tottenham Hotspur,CB,Right,RCB,4.0
52.0,WC-1938,1938 FIFA World Cup,M-1938-17,Brazil v Sweden,third-place match,not applicable,0.0,1.0,0.0,0.0,6/19/1938,17:00,S-037,Stade du Parc Lescure,Bordeaux,France,T-09,Brazil,BRA,T-72,Sweden,SWE,42,4.0,2.0,2.0,-2.0,0.0,0.0,0-0,0.0,0.0,home team win,1.0,0.0,0.0,189332,https://sofifa.com/player/189332/jordi-alba-ramos/20/159586,Jordi Alba,Jordi Alba Ramos,30,1989-03-21,170,68,Spain,FC Barcelona,LB,Left,LB,18.0
53.0,WC-1938,1938 FIFA World Cup,M-1938-18,Italy v Hungary,final,not applicable,0.0,1.0,0.0,0.0,6/19/1938,17:00,S-046,Stade Olympique de Colombes,Paris,France,T-39,Italy,ITA,T-34,Hungary,HUN,42,4.0,2.0,2.0,-2.0,0.0,0.0,0-0,0.0,0.0,home team win,1.0,0.0,0.0,189509,https://sofifa.com/player/189509/thiago-alcantara/20/159586,Thiago,Thiago Alcântara do Nascimento,28,1991-04-11,174,70,Spain,FC Bayern München,"CM, CAM, CDM",Right,CDM,6.0
54.0,WC-1950,1950 FIFA World Cup,M-1950-01,Brazil v Mexico,group stage,Group 1,1.0,0.0,0.0,0.0,6/24/1950,15:00,S-020,Estádio do Maracanã,Rio de Janeiro,Brazil,T-09,Brazil,BRA,T-44,Mexico,MEX,40,4.0,0.0,4.0,-4.0,0.0,0.0,0-0,0.0,0.0,home team win,1.0,0.0,0.0,193041,https://sofifa.com/player/193041/keylor-navas/20/159586,K. Navas,Keylor Navas,32,1986-12-15,185,80,Costa Rica,Real Madrid,GK,Right,SUB,1.0
55.0,WC-1950,1950 FIFA World Cup,M-1950-02,Yugoslavia v Switzerland,group stage,Group 1,1.0,0.0,0.0,0.0,6/25/1950,15:00,S-007,Estádio Independência,Belo Horizonte,Brazil,T-84,Yugoslavia,YUG,T-73,Switzerland,CHE,30,3.0,0.0,3.0,-3.0,0.0,0.0,0-0,0.0,0.0,home team win,1.0,0.0,0.0,198219,https://sofifa.com/player/198219/lorenzo-insigne/20/159586,L. Insigne,Lorenzo Insigne,28,1991-06-04,163,59,Italy,Napoli,"CF, LW, ST",Right,LS,24.0
56.0,WC-1950,1950 FIFA World Cup,M-1950-03,England v Chile,group stage,Group 2,1.0,0.0,0.0,0.0,6/25/1950,15:00,S-020,Estádio do Maracanã,Rio de Janeiro,Brazil,T-27,England,ENG,T-13,Chile,CHL,20,2.0,0.0,2.0,-2.0,0.0,0.0,0-0,0.0,0.0,home team win,1.0,0.0,0.0,222492,https://sofifa.com/player/222492/leroy-sane/20/159586,L. Sané,Leroy Sané,23,1996-01-11,183,75,Germany,Manchester City,LW,Left,SUB,19.0
57.0,WC-1950,1950 FIFA World Cup,M-1950-04,Spain v United States,group stage,Group 2,1.0,0.0,0.0,0.0,6/25/1950,15:00,S-012,Estádio Vila Capanema,Curitiba,Brazil,T-71,Spain,ESP,T-80,United States,USA,31,3.0,1.0,2.0,-2.0,0.0,0.0,0-0,0.0,0.0,home team win,1.0,0.0,0.0,207865,https://sofifa.com/player/207865/marcos-aoas-correa/20/159586,Marquinhos,Marcos  Aoás Corrêa,25,1994-05-14,183,75,Brazil,Paris Saint-Germain,"CB, CDM",Right,RCB,5.0
58.0,WC-1950,1950 FIFA World Cup,M-1950-05,Sweden v Italy,group stage,Group 3,1.0,0.0,0.0,0.0,6/25/1950,15:00,S-023,Estádio do Pacaembu,São Paulo,Brazil,T-72,Sweden,SWE,T-39,Italy,ITA,32,3.0,2.0,1.0,-1.0,0.0,0.0,0-0,0.0,0.0,home team win,1.0,0.0,0.0,232363,https://sofifa.com/player/232363/milan-skriniar/20/159586,M. Škriniar,Milan Škriniar,24,1995-02-11,187,80,Slovakia,Inter,CB,Right,LCB,37.0
59.0,WC-1950,1950 FIFA World Cup,M-1950-06,Brazil v Switzerland,group stage,Group 1,1.0,0.0,0.0,0.0,6/28/1950,15:00,S-023,Estádio do Pacaembu,São Paulo,Brazil,T-09,Brazil,BRA,T-73,Switzerland,CHE,22,2.0,2.0,0.0,0.0,0.0,0.0,0-0,0.0,0.0,draw,0.0,0.0,1.0,199556,https://sofifa.com/player/199556/marco-verratti/20/159586,M. Verratti,Marco Verratti,26,1992-11-05,165,60,Italy,Paris Saint-Germain,"CM, CDM",Right,RCM,6.0
60.0,WC-1950,1950 FIFA World Cup,M-1950-07,Yugoslavia v Mexico,group stage,Group 1,1.0,0.0,0.0,0.0,6/28/1950,15:00,S-017,Estádio dos Eucaliptos,Porto Alegre,Brazil,T-84,Yugoslavia,YUG,T-44,Mexico,MEX,41,4.0,1.0,3.0,-3.0,0.0,0.0,0-0,0.0,0.0,home team win,1.0,0.0,0.0,205600,https://sofifa.com/player/205600/samuel-umtiti/20/159586,S. Umtiti,Samuel Umtiti,25,1993-11-14,182,75,France,FC Barcelona,CB,Left,SUB,23.0
61.0,WC-1950,1950 FIFA World Cup,M-1950-08,Spain v Chile,group stage,Group 2,1.0,0.0,0.0,0.0,6/29/1950,15:00,S-020,Estádio do Maracanã,Rio de Janeiro,Brazil,T-71,Spain,ESP,T-13,Chile,CHL,20,2.0,0.0,2.0,-2.0,0.0,0.0,0-0,0.0,0.0,home team win,1.0,0.0,0.0,186153,https://sofifa.com/player/186153/wojciech-szczesny/20/159586,W. Szczęsny,Wojciech  Szczęsny,29,1990-04-18,195,90,Poland,Juventus,GK,Right,GK,1.0
62.0,WC-1950,1950 FIFA World Cup,M-1950-09,United States v England,group stage,Group 2,1.0,0.0,0.0,0.0,6/29/1950,15:00,S-007,Estádio Independência,Belo Horizonte,Brazil,T-80,United States,USA,T-27,England,ENG,10,1.0,0.0,1.0,-1.0,0.0,0.0,0-0,0.0,0.0,home team win,1.0,0.0,0.0,212622,https://sofifa.com/player/212622/joshua-kimmich/20/159586,J. Kimmich,Joshua Kimmich,24,1995-02-08,176,73,Germany,FC Bayern München,"RB, CM, CDM",Right,RB,32.0
63.0,WC-1950,1950 FIFA World Cup,M-1950-10,Sweden v Paraguay,group stage,Group 3,1.0,0.0,0.0,0.0,6/29/1950,15:30,S-012,Estádio Vila Capanema,Curitiba,Brazil,T-72,Sweden,SWE,T-53,Paraguay,PRY,22,2.0,2.0,0.0,0.0,0.0,0.0,0-0,0.0,0.0,draw,0.0,0.0,1.0,197781,https://sofifa.com/player/197781/francisco-roman-alarcon-suarez/20/159586,Isco,Francisco Román Alarcón Suárez,27,1992-04-21,176,79,Spain,Real Madrid,"CAM, CM, LW",Right,SUB,22.0
64.0,WC-1950,1950 FIFA World Cup,M-1950-11,Brazil v Yugoslavia,group stage,Group 1,1.0,0.0,0.0,0.0,7/1/1950,15:00,S-020,Estádio do Maracanã,Rio de Janeiro,Brazil,T-09,Brazil,BRA,T-84,Yugoslavia,YUG,20,2.0,0.0,2.0,-2.0,0.0,0.0,0-0,0.0,0.0,home team win,1.0,0.0,0.0,201942,https://sofifa.com/player/201942/roberto-firmino-barbosa-de-oliveira/20/159586,Roberto Firmino,Roberto Firmino Barbosa de Oliveira,27,1991-10-02,181,76,Brazil,Liverpool,"CF, ST, CAM",Right,CF,9.0
65.0,WC-1950,1950 FIFA World Cup,M-1950-12,Chile v United States,group stage,Group 2,1.0,0.0,0.0,0.0,7/2/1950,15:00,S-019,Estádio Ilha do Retiro,Recife,Brazil,T-13,Chile,CHL,T-80,United States,USA,52,5.0,2.0,3.0,-3.0,0.0,0.0,0-0,0.0,0.0,home team win,1.0,0.0,0.0,168651,https://sofifa.com/player/168651/ivan-rakitic/20/159586,I. Rakitić,Ivan Rakitić,31,1988-03-10,184,78,Croatia,FC Barcelona,"CM, CDM",Right,RCM,4.0
66.0,WC-1950,1950 FIFA World Cup,M-1950-13,Spain v England,group stage,Group 2,1.0,0.0,0.0,0.0,7/2/1950,15:00,S-020,Estádio do Maracanã,Rio de Janeiro,Brazil,T-71,Spain,ESP,T-27,England,ENG,10,1.0,0.0,1.0,-1.0,0.0,0.0,0-0,0.0,0.0,home team win,1.0,0.0,0.0,180206,https://sofifa.com/player/180206/miralem-pjanic/20/159586,M. Pjanić,Miralem Pjanić,29,1990-04-02,178,72,Bosnia Herzegovina,Juventus,"CM, CDM",Right,CDM,5.0
67.0,WC-1950,1950 FIFA World Cup,M-1950-14,Italy v Paraguay,group stage,Group 3,1.0,0.0,0.0,0.0,7/2/1950,15:00,S-023,Estádio do Pacaembu,São Paulo,Brazil,T-39,Italy,ITA,T-53,Paraguay,PRY,20,2.0,0.0,2.0,-2.0,0.0,0.0,0-0,0.0,0.0,home team win,1.0,0.0,0.0,183898,https://sofifa.com/player/183898/angel-di-maria/20/159586,A. Di María,Ángel Fabián Di María Hernández,31,1988-02-14,180,69,Argentina,Paris Saint-Germain,"RW, LW",Left,LW,11.0
68.0,WC-1950,1950 FIFA World Cup,M-1950-15,Uruguay v Bolivia,group stage,Group 4,1.0,0.0,0.0,0.0,7/2/1950,15:00,S-007,Estádio Independência,Belo Horizonte,Brazil,T-81,Uruguay,URY,T-07,Bolivia,BOL,80,8.0,0.0,8.0,-8.0,0.0,0.0,0-0,0.0,0.0,home team win,1.0,0.0,0.0,184344,https://sofifa.com/player/184344/leonardo-bonucci/20/159586,L. Bonucci,Leonardo Bonucci,32,1987-05-01,190,85,Italy,Juventus,CB,Right,RCB,19.0
69.0,WC-1950,1950 FIFA World Cup,M-1950-16,Switzerland v Mexico,group stage,Group 1,1.0,0.0,0.0,0.0,7/2/1950,15:40,S-017,Estádio dos Eucaliptos,Porto Alegre,Brazil,T-73,Switzerland,CHE,T-44,Mexico,MEX,21,2.0,1.0,1.0,-1.0,0.0,0.0,0-0,0.0,0.0,home team win,1.0,0.0,0.0,189242,https://sofifa.com/player/189242/philippe-coutinho-correia/20/159586,Coutinho,Philippe Coutinho Correia,27,1992-06-12,172,68,Brazil,FC Bayern München,"LW, CM",Right,LCM,10.0
70.0,WC-1950,1950 FIFA World Cup,M-1950-17,Brazil v Sweden,final round,not applicable,1.0,0.0,0.0,0.0,7/9/1950,15:00,S-020,Estádio do Maracanã,Rio de Janeiro,Brazil,T-09,Brazil,BRA,T-72,Sweden,SWE,71,7.0,1.0,6.0,-6.0,0.0,0.0,0-0,0.0,0.0,home team win,1.0,0.0,0.0,189513,https://sofifa.com/player/189513/daniel-parejo-munoz/20/159586,Parejo,Daniel Parejo Muñoz,30,1989-04-16,182,74,Spain,Valencia CF,CM,Right,RCM,10.0
71.0,WC-1950,1950 FIFA World Cup,M-1950-18,Uruguay v Spain,final round,not applicable,1.0,0.0,0.0,0.0,7/9/1950,15:00,S-023,Estádio do Pacaembu,São Paulo,Brazil,T-81,Uruguay,URY,T-71,Spain,ESP,22,2.0,2.0,0.0,0.0,0.0,0.0,0-0,0.0,0.0,draw,0.0,0.0,1.0,189596,https://sofifa.com/player/189596/thomas-muller/20/159586,T. Müller,Thomas Müller,29,1989-09-13,186,75,Germany,FC Bayern München,"CAM, RM, RW",Right,SUB,25.0
72.0,WC-1950,1950 FIFA World Cup,M-1950-19,Brazil v Spain,final round,not applicable,1.0,0.0,0.0,0.0,7/13/1950,15:00,S-020,Estádio do Maracanã,Rio de Janeiro,Brazil,T-09,Brazil,BRA,T-71,Spain,ESP,61,6.0,1.0,5.0,-5.0,0.0,0.0,0-0,0.0,0.0,home team win,1.0,0.0,0.0,192387,https://sofifa.com/player/192387/ciro-immobile/20/159586,C. Immobile,Ciro Immobile,29,1990-02-20,185,85,Italy,Lazio,ST,Right,ST,17.0
73.0,WC-1950,1950 FIFA World Cup,M-1950-20,Uruguay v Sweden,final round,not applicable,1.0,0.0,0.0,0.0,7/13/1950,15:00,S-023,Estádio do Pacaembu,São Paulo,Brazil,T-81,Uruguay,URY,T-72,Sweden,SWE,32,3.0,2.0,1.0,-1.0,0.0,0.0,0-0,0.0,0.0,home team win,1.0,0.0,0.0,193301,https://sofifa.com/player/193301/alexandre-lacazette/20/159586,A. Lacazette,Alexandre Lacazette,28,1991-05-28,175,73,France,Arsenal,ST,Right,ST,9.0
74.0,WC-1950,1950 FIFA World Cup,M-1950-21,Sweden v Spain,final round,not applicable,1.0,0.0,0.0,0.0,7/16/1950,15:00,S-023,Estádio do Pacaembu,São Paulo,Brazil,T-72,Sweden,SWE,T-71,Spain,ESP,31,3.0,1.0,2.0,-2.0,0.0,0.0,0-0,0.0,0.0,home team win,1.0,0.0,0.0,235243,https://sofifa.com/player/235243/matthijs-de-ligt/20/159586,M. de Ligt,Matthijs de Ligt,19,1999-08-12,189,89,Netherlands,Juventus,CB,Right,SUB,4.0
75.0,WC-1950,1950 FIFA World Cup,M-1950-22,Uruguay v Brazil,final round,not applicable,1.0,0.0,0.0,0.0,7/16/1950,15:00,S-020,Estádio do Maracanã,Rio de Janeiro,Brazil,T-81,Uruguay,URY,T-09,Brazil,BRA,21,2.0,1.0,1.0,-1.0,0.0,0.0,0-0,0.0,0.0,home team win,1.0,0.0,0.0,230621,https://sofifa.com/player/230621/gianluigi-donnarumma/20/159586,G. Donnarumma,Gianluigi Donnarumma,20,1999-02-25,196,90,Italy,Milan,GK,Right,GK,99.0
76.0,WC-1954,1954 FIFA World Cup,M-1954-01,Brazil v Mexico,group stage,Group 1,1.0,0.0,0.0,0.0,6/16/1954,18:00,S-178,Charmilles Stadium,Geneva,Switzerland,T-09,Brazil,BRA,T-44,Mexico,MEX,50,5.0,0.0,5.0,-5.0,0.0,0.0,0-0,0.0,0.0,home team win,1.0,0.0,0.0,228702,https://sofifa.com/player/228702/frenkie-de-jong/20/159586,F. de Jong,Frenkie de Jong,22,1997-05-12,180,74,Netherlands,FC Barcelona,"CM, CDM",Right,LCM,21.0
77.0,WC-1954,1954 FIFA World Cup,M-1954-02,Yugoslavia v France,group stage,Group 1,1.0,0.0,0.0,0.0,6/16/1954,18:00,S-179,Stade Olympique de la Pontaise,Lausanne,Switzerland,T-84,Yugoslavia,YUG,T-28,France,FRA,10,1.0,0.0,1.0,-1.0,0.0,0.0,0-0,0.0,0.0,home team win,1.0,0.0,0.0,201535,https://sofifa.com/player/201535/raphael-varane/20/159586,R. Varane,Raphaël Varane,26,1993-04-25,191,81,France,Real Madrid,CB,Right,RCB,5.0
78.0,WC-1954,1954 FIFA World Cup,M-1954-03,Austria v Scotland,group stage,Group 3,1.0,0.0,0.0,0.0,6/16/1954,18:00,S-181,Hardturm Stadium,Zürich,Switzerland,T-05,Austria,AUT,T-62,Scotland,SCO,10,1.0,0.0,1.0,-1.0,0.0,0.0,0-0,0.0,0.0,home team win,1.0,0.0,0.0,212190,https://sofifa.com/player/212190/niklas-sule/20/159586,N. Süle,Niklas Süle,23,1995-09-03,195,97,Germany,FC Bayern München,CB,Right,RCB,4.0
79.0,WC-1954,1954 FIFA World Cup,M-1954-04,Uruguay v Czechoslovakia,group stage,Group 3,1.0,0.0,0.0,0.0,6/16/1954,18:00,S-177,Wankdorf Stadium,Bern,Switzerland,T-81,Uruguay,URY,T-20,Czechoslovakia,CSK,20,2.0,0.0,2.0,-2.0,0.0,0.0,0-0,0.0,0.0,home team win,1.0,0.0,0.0,223848,https://sofifa.com/player/223848/sergej-milinkovic-savic/20/159586,S. Milinković-Savić,Sergej Milinković-Savić,24,1995-02-27,191,76,Serbia,Lazio,"CM, CAM",Right,RDM,21.0
80.0,WC-1954,1954 FIFA World Cup,M-1954-05,Switzerland v Italy,group stage,Group 4,1.0,0.0,0.0,0.0,6/17/1954,17:50,S-179,Stade Olympique de la Pontaise,Lausanne,Switzerland,T-73,Switzerland,CHE,T-39,Italy,ITA,21,2.0,1.0,1.0,-1.0,0.0,0.0,0-0,0.0,0.0,home team win,1.0,0.0,0.0,231866,https://sofifa.com/player/231866/rodrigo-hernandez-cascante/20/159586,Rodri,Rodrigo Hernández Cascante,23,1996-06-22,191,82,Spain,Manchester City,"CDM, CM",Right,SUB,16.0
81.0,WC-1954,1954 FIFA World Cup,M-1954-06,Hungary v South Korea,group stage,Group 2,1.0,0.0,0.0,0.0,6/17/1954,18:00,S-181,Hardturm Stadium,Zürich,Switzerland,T-34,Hungary,HUN,T-69,South Korea,KOR,90,9.0,0.0,9.0,-9.0,0.0,0.0,0-0,0.0,0.0,home team win,1.0,0.0,0.0,208421,https://sofifa.com/player/208421/saul-niguez-esclapez/20/159586,Saúl,Saúl Ñíguez Esclápez,24,1994-11-21,184,77,Spain,Atlético Madrid,"CM, LM, RM",Left,LCM,8.0
82.0,WC-1954,1954 FIFA World Cup,M-1954-07,West Germany v Turkey,group stage,Group 2,1.0,0.0,0.0,0.0,6/17/1954,18:00,S-177,Wankdorf Stadium,Bern,Switzerland,T-83,West Germany,DEU,T-77,Turkey,TUR,41,4.0,1.0,3.0,-3.0,0.0,0.0,0-0,0.0,0.0,home team win,1.0,0.0,0.0,209499,https://sofifa.com/player/209499/fabio-henrique-tavares/20/159586,Fabinho,Fábio Henrique Tavares,25,1993-10-23,188,78,Brazil,Liverpool,CDM,Right,CDM,3.0
83.0,WC-1954,1954 FIFA World Cup,M-1954-08,England v Belgium,group stage,Group 4,1.0,0.0,0.0,0.0,6/17/1954,18:10,S-176,St. Jakob Stadium,Basel,Switzerland,T-27,England,ENG,T-06,Belgium,BEL,44,4.0,4.0,0.0,0.0,1.0,0.0,0-0,0.0,0.0,draw,0.0,0.0,1.0,216267,https://sofifa.com/player/216267/andrew-robertson/20/159586,A. Robertson,Andrew Robertson,25,1994-03-11,178,64,Scotland,Liverpool,LB,Left,LB,26.0
84.0,WC-1954,1954 FIFA World Cup,M-1954-09,Uruguay v Scotland,group stage,Group 3,1.0,0.0,0.0,0.0,6/19/1954,16:50,S-176,St. Jakob Stadium,Basel,Switzerland,T-81,Uruguay,URY,T-62,Scotland,SCO,70,7.0,0.0,7.0,-7.0,0.0,0.0,0-0,0.0,0.0,home team win,1.0,0.0,0.0,216460,https://sofifa.com/player/216460/jose-maria-gimenez/20/159586,J. Giménez,José María Giménez de Vargas,24,1995-01-20,185,80,Uruguay,Atlético Madrid,CB,Right,RCB,2.0
85.0,WC-1954,1954 FIFA World Cup,M-1954-10,Brazil v Yugoslavia,group stage,Group 1,1.0,0.0,0.0,0.0,6/19/1954,17:00,S-179,Stade Olympique de la Pontaise,Lausanne,Switzerland,T-09,Brazil,BRA,T-84,Yugoslavia,YUG,11,1.0,1.0,0.0,0.0,1.0,0.0,0-0,0.0,0.0,draw,0.0,0.0,1.0,220440,https://sofifa.com/player/220440/clement-lenglet/20/159586,C. Lenglet,Clément Lenglet,24,1995-06-17,186,81,France,FC Barcelona,CB,Left,LCB,15.0
86.0,WC-1954,1954 FIFA World Cup,M-1954-11,Austria v Czechoslovakia,group stage,Group 3,1.0,0.0,0.0,0.0,6/19/1954,17:00,S-181,Hardturm Stadium,Zürich,Switzerland,T-05,Austria,AUT,T-20,Czechoslovakia,CSK,50,5.0,0.0,5.0,-5.0,0.0,0.0,0-0,0.0,0.0,home team win,1.0,0.0,0.0,212198,https://sofifa.com/player/212198/bruno-miguel-borges-fernandes/20/159586,Bruno Fernandes,Bruno Miguel Borges Fernandes,24,1994-09-08,179,69,Portugal,Sporting CP,"CAM, CM",Right,RCM,8.0
87.0,WC-1954,1954 FIFA World Cup,M-1954-12,France v Mexico,group stage,Group 1,1.0,0.0,0.0,0.0,6/19/1954,17:10,S-178,Charmilles Stadium,Geneva,Switzerland,T-28,France,FRA,T-44,Mexico,MEX,32,3.0,2.0,1.0,-1.0,0.0,0.0,0-0,0.0,0.0,home team win,1.0,0.0,0.0,199482,https://sofifa.com/player/199482/anthony-lopes/20/159586,A. Lopes,Anthony Lopes,28,1990-10-01,184,81,Portugal,Olympique Lyonnais,GK,Left,GK,1.0
88.0,WC-1954,1954 FIFA World Cup,M-1954-13,Hungary v West Germany,group stage,Group 2,1.0,0.0,0.0,0.0,6/20/1954,16:50,S-176,St. Jakob Stadium,Basel,Switzerland,T-34,Hungary,HUN,T-83,West Germany,DEU,83,8.0,3.0,5.0,-5.0,0.0,0.0,0-0,0.0,0.0,home team win,1.0,0.0,0.0,185122,https://sofifa.com/player/185122/peter-gulacsi/20/159586,P. Gulácsi,Péter Gulácsi,29,1990-05-06,192,86,Hungary,RB Leipzig,GK,Right,GK,1.0
89.0,WC-1954,1954 FIFA World Cup,M-1954-14,Turkey v South Korea,group stage,Group 2,1.0,0.0,0.0,0.0,6/20/1954,17:00,S-178,Charmilles Stadium,Geneva,Switzerland,T-77,Turkey,TUR,T-69,South Korea,KOR,70,7.0,0.0,7.0,-7.0,0.0,0.0,0-0,0.0,0.0,home team win,1.0,0.0,0.0,189117,https://sofifa.com/player/189117/roman-burki/20/159586,R. Bürki,Roman Bürki,28,1990-11-14,187,85,Switzerland,Borussia Dortmund,GK,Right,GK,1.0
90.0,WC-1954,1954 FIFA World Cup,M-1954-15,Italy v Belgium,group stage,Group 4,1.0,0.0,0.0,0.0,6/20/1954,17:00,S-180,Cornaredo Stadium,Lugano,Switzerland,T-39,Italy,ITA,T-06,Belgium,BEL,41,4.0,1.0,3.0,-3.0,0.0,0.0,0-0,0.0,0.0,home team win,1.0,0.0,0.0,192505,https://sofifa.com/player/192505/romelu-lukaku/20/159586,R. Lukaku,Romelu Lukaku,26,1993-05-13,190,94,Belgium,Inter,ST,Left,LS,9.0
91.0,WC-1954,1954 FIFA World Cup,M-1954-16,England v Switzerland,group stage,Group 4,1.0,0.0,0.0,0.0,6/20/1954,17:10,S-177,Wankdorf Stadium,Bern,Switzerland,T-27,England,ENG,T-73,Switzerland,CHE,20,2.0,0.0,2.0,-2.0,0.0,0.0,0-0,0.0,0.0,home team win,1.0,0.0,0.0,192774,https://sofifa.com/player/192774/kostas-manolas/20/159586,K. Manolas,Kostas Manolas,28,1991-06-14,189,83,Greece,Napoli,CB,Right,RCB,44.0
92.0,WC-1954,1954 FIFA World Cup,M-1954-17,West Germany v Turkey,group stage,Group 2,1.0,0.0,0.0,0.0,6/23/1954,18:00,S-181,Hardturm Stadium,Zürich,Switzerland,T-83,West Germany,DEU,T-77,Turkey,TUR,72,7.0,2.0,5.0,-5.0,0.0,0.0,0-0,0.0,0.0,home team win,1.0,0.0,0.0,194404,https://sofifa.com/player/194404/norberto-murara-neto/20/159586,Neto,Norberto Murara Neto,29,1989-07-19,190,84,Brazil,FC Barcelona,GK,Right,SUB,13.0
93.0,WC-1954,1954 FIFA World Cup,M-1954-18,Switzerland v Italy,group stage,Group 4,1.0,0.0,0.0,0.0,6/23/1954,18:00,S-176,St. Jakob Stadium,Basel,Switzerland,T-73,Switzerland,CHE,T-39,Italy,ITA,41,4.0,1.0,3.0,-3.0,0.0,0.0,0-0,0.0,0.0,home team win,1.0,0.0,0.0,197445,https://sofifa.com/player/197445/david-alaba/20/159586,D. Alaba,David Olatukunbo Alaba,27,1992-06-24,180,78,Austria,FC Bayern München,"LB, CB",Left,LB,27.0
94.0,WC-1954,1954 FIFA World Cup,M-1954-19,Austria v Switzerland,quarter-finals,not applicable,0.0,1.0,0.0,0.0,6/26/1954,17:00,S-179,Stade Olympique de la Pontaise,Lausanne,Switzerland,T-05,Austria,AUT,T-73,Switzerland,CHE,75,7.0,5.0,2.0,-2.0,0.0,0.0,0-0,0.0,0.0,home team win,1.0,0.0,0.0,201399,https://sofifa.com/player/201399/mauro-icardi/20/159586,M. Icardi,Mauro Emanuel Icardi Rivero,26,1993-02-19,181,75,Argentina,Inter,ST,Right,RES,36.0
95.0,WC-1954,1954 FIFA World Cup,M-1954-20,Uruguay v England,quarter-finals,not applicable,0.0,1.0,0.0,0.0,6/26/1954,17:00,S-176,St. Jakob Stadium,Basel,Switzerland,T-81,Uruguay,URY,T-27,England,ENG,42,4.0,2.0,2.0,-2.0,0.0,0.0,0-0,0.0,0.0,home team win,1.0,0.0,0.0,204963,https://sofifa.com/player/204963/daniel-carvajal-ramos/20/159586,Carvajal,Daniel Carvajal Ramos,27,1992-01-11,173,73,Spain,Real Madrid,RB,Right,RB,2.0
96.0,WC-1954,1954 FIFA World Cup,M-1954-21,Hungary v Brazil,quarter-finals,not applicable,0.0,1.0,0.0,0.0,6/27/1954,17:00,S-177,Wankdorf Stadium,Bern,Switzerland,T-34,Hungary,HUN,T-09,Brazil,BRA,42,4.0,2.0,2.0,-2.0,0.0,0.0,0-0,0.0,0.0,home team win,1.0,0.0,0.0,208670,https://sofifa.com/player/208670/hakim-ziyech/20/159586,H. Ziyech,Hakim Ziyech,26,1993-03-19,181,65,Morocco,Ajax,"CAM, RW",Left,RAM,22.0
97.0,WC-1954,1954 FIFA World Cup,M-1954-22,West Germany v Yugoslavia,quarter-finals,not applicable,0.0,1.0,0.0,0.0,6/27/1954,17:00,S-178,Charmilles Stadium,Geneva,Switzerland,T-83,West Germany,DEU,T-84,Yugoslavia,YUG,20,2.0,0.0,2.0,-2.0,0.0,0.0,0-0,0.0,0.0,home team win,1.0,0.0,0.0,41236,https://sofifa.com/player/41236/zlatan-ibrahimovic/20/159586,Z. Ibrahimović,Zlatan Ibrahimović,37,1981-10-03,195,95,Sweden,LA Galaxy,ST,Right,ST,9.0
98.0,WC-1954,1954 FIFA World Cup,M-1954-23,Hungary v Uruguay,semi-finals,not applicable,0.0,1.0,0.0,0.0,6/30/1954,18:00,S-179,Stade Olympique de la Pontaise,Lausanne,Switzerland,T-34,Hungary,HUN,T-81,Uruguay,URY,42,4.0,2.0,2.0,-2.0,1.0,0.0,0-0,0.0,0.0,home team win,1.0,0.0,0.0,143076,https://sofifa.com/player/143076/alejandro-gomez/20/159586,A. Gómez,Alejandro Darío Gómez,31,1988-02-15,165,68,Argentina,Atalanta,"CAM, CF, ST",Right,CAM,10.0
99.0,WC-1954,1954 FIFA World Cup,M-1954-24,West Germany v Austria,semi-finals,not applicable,0.0,1.0,0.0,0.0,6/30/1954,18:00,S-176,St. Jakob Stadium,Basel,Switzerland,T-83,West Germany,DEU,T-05,Austria,AUT,61,6.0,1.0,5.0,-5.0,0.0,0.0,0-0,0.0,0.0,home team win,1.0,0.0,0.0,167664,https://sofifa.com/player/167664/gonzalo-higuain/20/159586,G. Higuaín,Gonzalo Gerardo Higuaín,31,1987-12-10,186,89,Argentina,Juventus,ST,Right,SUB,21.0
100.0,WC-1954,1954 FIFA World Cup,M-1954-25,Austria v Uruguay,third-place match,not applicable,0.0,1.0,0.0,0.0,7/3/1954,17:00,S-181,Hardturm Stadium,Zürich,Switzerland,T-05,Austria,AUT,T-81,Uruguay,URY,31,3.0,1.0,2.0,-2.0,0.0,0.0,0-0,0.0,0.0,home team win,1.0,0.0,0.0,170890,https://sofifa.com/player/170890/blaise-matuidi/20/159586,B. Matuidi,Blaise Matuidi,32,1987-04-09,180,75,France,Juventus,"CDM, CM",Left,SUB,14.0
101.0,WC-1954,1954 FIFA World Cup,M-1954-26,West Germany v Hungary,final,not applicable,0.0,1.0,0.0,0.0,7/4/1954,17:00,S-177,Wankdorf Stadium,Bern,Switzerland,T-83,West Germany,DEU,T-34,Hungary,HUN,32,3.0,2.0,1.0,-1.0,0.0,0.0,0-0,0.0,0.0,home team win,1.0,0.0,0.0,173731,https://sofifa.com/player/173731/gareth-bale/20/159586,G. Bale,Gareth Frank Bale,29,1989-07-16,185,82,Wales,Real Madrid,"RW, LW, ST",Left,SUB,11.0
102.0,WC-1958,1958 FIFA World Cup,M-1958-01,Sweden v Mexico,group stage,Group 3,1.0,0.0,0.0,0.0,6/8/1958,14:00,S-173,Råsunda Stadium,Solna,Sweden,T-72,Sweden,SWE,T-44,Mexico,MEX,30,3.0,0.0,3.0,-3.0,0.0,0.0,0-0,0.0,0.0,home team win,1.0,0.0,0.0,176676,https://sofifa.com/player/176676/marcelo-vieira-da-silva/20/159586,Marcelo,Marcelo Vieira da Silva Júnior,31,1988-05-12,174,75,Brazil,Real Madrid,LB,Left,LB,12.0
103.0,WC-1958,1958 FIFA World Cup,M-1958-02,Argentina v West Germany,group stage,Group 1,1.0,0.0,0.0,0.0,6/8/1958,19:00,S-169,Malmö Stadion,Malmö,Sweden,T-03,Argentina,ARG,T-83,West Germany,DEU,13,1.0,3.0,-2.0,2.0,0.0,0.0,0-0,0.0,0.0,away team win,0.0,1.0,0.0,177413,https://sofifa.com/player/177413/axel-witsel/20/159586,A. Witsel,Axel  Witsel,30,1989-01-12,186,81,Belgium,Borussia Dortmund,"CDM, CM",Right,LDM,28.0
104.0,WC-1958,1958 FIFA World Cup,M-1958-03,Northern Ireland v Czechoslovakia,group stage,Group 1,1.0,0.0,0.0,0.0,6/8/1958,19:00,S-167,Örjans Vall,Halmstad,Sweden,T-50,Northern Ireland,NIR,T-20,Czechoslovakia,CSK,10,1.0,0.0,1.0,-1.0,0.0,0.0,0-0,0.0,0.0,home team win,1.0,0.0,0.0,191043,https://sofifa.com/player/191043/alex-sandro-lobo-silva/20/159586,Alex Sandro,Alex Sandro Lobo Silva,28,1991-01-26,180,80,Brazil,Juventus,"LB, LM",Left,LB,12.0
105.0,WC-1958,1958 FIFA World Cup,M-1958-04,France v Paraguay,group stage,Group 2,1.0,0.0,0.0,0.0,6/8/1958,19:00,S-170,Idrottsparken,Norrköping,Sweden,T-28,France,FRA,T-53,Paraguay,PRY,73,7.0,3.0,4.0,-4.0,0.0,0.0,0-0,0.0,0.0,home team win,1.0,0.0,0.0,192629,https://sofifa.com/player/192629/iago-aspas-juncal/20/159586,Iago Aspas,Iago Aspas Juncal,31,1987-08-01,176,67,Spain,RC Celta,"ST, RW",Left,RS,10.0
106.0,WC-1958,1958 FIFA World Cup,M-1958-05,Yugoslavia v Scotland,group stage,Group 2,1.0,0.0,0.0,0.0,6/8/1958,19:00,S-175,Arosvallen,Västerås,Sweden,T-84,Yugoslavia,YUG,T-62,Scotland,SCO,11,1.0,1.0,0.0,0.0,0.0,0.0,0-0,0.0,0.0,draw,0.0,0.0,1.0,193747,https://sofifa.com/player/193747/jorge-resurreccion/20/159586,Koke,Jorge Resurrección Merodio,27,1992-01-08,176,74,Spain,Atlético Madrid,"RM, LM, CM",Right,RM,6.0
107.0,WC-1958,1958 FIFA World Cup,M-1958-06,Hungary v Wales,group stage,Group 3,1.0,0.0,0.0,0.0,6/8/1958,19:00,S-172,Jernvallen,Sandviken,Sweden,T-34,Hungary,HUN,T-82,Wales,WAL,11,1.0,1.0,0.0,0.0,0.0,0.0,0-0,0.0,0.0,draw,0.0,0.0,1.0,198710,https://sofifa.com/player/198710/james-rodriguez/20/159586,J. Rodríguez,James David Rodríguez Rubio,27,1991-07-12,180,75,Colombia,Real Madrid,"CAM, CM, RM",Left,SUB,16.0
108.0,WC-1958,1958 FIFA World Cup,M-1958-07,Brazil v Austria,group stage,Group 4,1.0,0.0,0.0,0.0,6/8/1958,19:00,S-174,Rimnersvallen,Uddevalla,Sweden,T-09,Brazil,BRA,T-05,Austria,AUT,30,3.0,0.0,3.0,-3.0,0.0,0.0,0-0,0.0,0.0,home team win,1.0,0.0,0.0,199914,https://sofifa.com/player/199914/allan-marques-loureiro/20/159586,Allan,Allan Marques Loureiro,28,1991-01-08,175,74,Brazil,Napoli,CM,Right,RCM,5.0
109.0,WC-1958,1958 FIFA World Cup,M-1958-08,Soviet Union v England,group stage,Group 4,1.0,0.0,0.0,0.0,6/8/1958,19:00,S-166,Ullevi,Gothenburg,Sweden,T-70,Soviet Union,SUN,T-27,England,ENG,22,2.0,2.0,0.0,0.0,0.0,0.0,0-0,0.0,0.0,draw,0.0,0.0,1.0,233049,https://sofifa.com/player/233049/jadon-sancho/20/159586,J. Sancho,Jadon Sancho,19,2000-03-25,180,76,England,Borussia Dortmund,"RM, LM",Right,RM,7.0
110.0,WC-1958,1958 FIFA World Cup,M-1958-09,Argentina v Northern Ireland,group stage,Group 1,1.0,0.0,0.0,0.0,6/11/1958,19:00,S-167,Örjans Vall,Halmstad,Sweden,T-03,Argentina,ARG,T-50,Northern Ireland,NIR,31,3.0,1.0,2.0,-2.0,0.0,0.0,0-0,0.0,0.0,home team win,1.0,0.0,0.0,235790,https://sofifa.com/player/235790/kai-havertz/20/159586,K. Havertz,Kai Havertz,20,1999-06-11,188,83,Germany,Bayer 04 Leverkusen,"CAM, RM",Left,RF,29.0
111.0,WC-1958,1958 FIFA World Cup,M-1958-10,West Germany v Czechoslovakia,group stage,Group 1,1.0,0.0,0.0,0.0,6/11/1958,19:00,S-168,Olympia,Helsingborg,Sweden,T-83,West Germany,DEU,T-20,Czechoslovakia,CSK,22,2.0,2.0,0.0,0.0,0.0,0.0,0-0,0.0,0.0,draw,0.0,0.0,1.0,231443,https://sofifa.com/player/231443/ousmane-dembele/20/159586,O. Dembélé,Ousmane Dembélé,22,1997-05-15,178,67,France,FC Barcelona,"RW, LW",Left,SUB,11.0
112.0,WC-1958,1958 FIFA World Cup,M-1958-11,Paraguay v Scotland,group stage,Group 2,1.0,0.0,0.0,0.0,6/11/1958,19:00,S-170,Idrottsparken,Norrköping,Sweden,T-53,Paraguay,PRY,T-62,Scotland,SCO,32,3.0,2.0,1.0,-1.0,0.0,0.0,0-0,0.0,0.0,home team win,1.0,0.0,0.0,206585,https://sofifa.com/player/206585/kepa-arrizabalaga/20/159586,Kepa,Kepa Arrizabalaga,24,1994-10-03,186,85,Spain,Chelsea,GK,Right,GK,1.0
113.0,WC-1958,1958 FIFA World Cup,M-1958-12,Yugoslavia v France,group stage,Group 2,1.0,0.0,0.0,0.0,6/11/1958,19:00,S-175,Arosvallen,Västerås,Sweden,T-84,Yugoslavia,YUG,T-28,France,FRA,32,3.0,2.0,1.0,-1.0,0.0,0.0,0-0,0.0,0.0,home team win,1.0,0.0,0.0,210514,https://sofifa.com/player/210514/joao-pedro-cavaco-cancelo/20/159586,João Cancelo,João Pedro Cavaco Cancelo,25,1994-05-27,182,74,Portugal,Manchester City,RB,Right,SUB,27.0
114.0,WC-1958,1958 FIFA World Cup,M-1958-13,Mexico v Wales,group stage,Group 3,1.0,0.0,0.0,0.0,6/11/1958,19:00,S-173,Råsunda Stadium,Solna,Sweden,T-44,Mexico,MEX,T-82,Wales,WAL,11,1.0,1.0,0.0,0.0,0.0,0.0,0-0,0.0,0.0,draw,0.0,0.0,1.0,211117,https://sofifa.com/player/211117/dele-alli/20/159586,D. Alli,Bamidele Alli,23,1996-04-11,188,80,England,Tottenham Hotspur,"CAM, CM",Right,CAM,20.0
115.0,WC-1958,1958 FIFA World Cup,M-1958-14,Brazil v England,group stage,Group 4,1.0,0.0,0.0,0.0,6/11/1958,19:00,S-166,Ullevi,Gothenburg,Sweden,T-09,Brazil,BRA,T-27,England,ENG,00,0.0,0.0,0.0,0.0,0.0,0.0,0-0,0.0,0.0,draw,0.0,0.0,1.0,220814,https://sofifa.com/player/220814/lucas-hernandez/20/159586,L. Hernández,Lucas Hernández,23,1996-02-14,182,76,France,FC Bayern München,"CB, LB",Left,LCB,21.0
116.0,WC-1958,1958 FIFA World Cup,M-1958-15,Soviet Union v Austria,group stage,Group 4,1.0,0.0,0.0,0.0,6/11/1958,19:00,S-164,Ryavallen,Borås,Sweden,T-70,Soviet Union,SUN,T-05,Austria,AUT,20,2.0,0.0,2.0,-2.0,0.0,0.0,0-0,0.0,0.0,home team win,1.0,0.0,0.0,230658,https://sofifa.com/player/230658/arthur-henrique-ramos-oliveira-melo/20/159586,Arthur,Arthur Henrique Ramos Oliveira Melo,22,1996-08-12,171,73,Brazil,FC Barcelona,CM,Right,SUB,8.0
117.0,WC-1958,1958 FIFA World Cup,M-1958-16,Sweden v Hungary,group stage,Group 3,1.0,0.0,0.0,0.0,6/12/1958,19:00,S-173,Råsunda Stadium,Solna,Sweden,T-72,Sweden,SWE,T-34,Hungary,HUN,21,2.0,1.0,1.0,-1.0,0.0,0.0,0-0,0.0,0.0,home team win,1.0,0.0,0.0,202556,https://sofifa.com/player/202556/memphis-depay/20/159586,M. Depay,Memphis Depay,25,1994-02-13,176,78,Netherlands,Olympique Lyonnais,"CF, LW, CAM",Right,LW,11.0
118.0,WC-1958,1958 FIFA World Cup,M-1958-17,Sweden v Wales,group stage,Group 3,1.0,0.0,0.0,0.0,6/15/1958,14:00,S-173,Råsunda Stadium,Solna,Sweden,T-72,Sweden,SWE,T-82,Wales,WAL,00,0.0,0.0,0.0,0.0,0.0,0.0,0-0,0.0,0.0,draw,0.0,0.0,1.0,209658,https://sofifa.com/player/209658/leon-goretzka/20/159586,L. Goretzka,Leon Goretzka,24,1995-02-06,189,79,Germany,FC Bayern München,"CM, CAM, CDM",Right,SUB,18.0
119.0,WC-1958,1958 FIFA World Cup,M-1958-18,Czechoslovakia v Argentina,group stage,Group 1,1.0,0.0,0.0,0.0,6/15/1958,19:00,S-168,Olympia,Helsingborg,Sweden,T-20,Czechoslovakia,CSK,T-03,Argentina,ARG,61,6.0,1.0,5.0,-5.0,0.0,0.0,0-0,0.0,0.0,home team win,1.0,0.0,0.0,212194,https://sofifa.com/player/212194/julian-brandt/20/159586,J. Brandt,Julian Brandt,23,1996-05-02,185,83,Germany,Borussia Dortmund,"CAM, LM, RM",Right,SUB,19.0
120.0,WC-1958,1958 FIFA World Cup,M-1958-19,West Germany v Northern Ireland,group stage,Group 1,1.0,0.0,0.0,0.0,6/15/1958,19:00,S-169,Malmö Stadion,Malmö,Sweden,T-83,West Germany,DEU,T-50,Northern Ireland,NIR,22,2.0,2.0,0.0,0.0,0.0,0.0,0-0,0.0,0.0,draw,0.0,0.0,1.0,213345,https://sofifa.com/player/213345/kingsley-coman/20/159586,K. Coman,Kingsley Coman,23,1996-06-13,179,75,France,FC Bayern München,"LM, RM, LW",Right,LW,29.0
121.0,WC-1958,1958 FIFA World Cup,M-1958-20,France v Scotland,group stage,Group 2,1.0,0.0,0.0,0.0,6/15/1958,19:00,S-171,Eyravallen,Örebro,Sweden,T-28,France,FRA,T-62,Scotland,SCO,21,2.0,1.0,1.0,-1.0,0.0,0.0,0-0,0.0,0.0,home team win,1.0,0.0,0.0,206113,https://sofifa.com/player/206113/serge-gnabry/20/159586,S. Gnabry,Serge Gnabry,23,1995-07-14,175,75,Germany,FC Bayern München,"RM, LM, LW",Right,RW,22.0
122.0,WC-1958,1958 FIFA World Cup,M-1958-21,Paraguay v Yugoslavia,group stage,Group 2,1.0,0.0,0.0,0.0,6/15/1958,19:00,S-165,Tunavallen,Eskilstuna,Sweden,T-53,Paraguay,PRY,T-84,Yugoslavia,YUG,33,3.0,3.0,0.0,0.0,0.0,0.0,0-0,0.0,0.0,draw,0.0,0.0,1.0,216594,https://sofifa.com/player/216594/nabil-fekir/20/159586,N. Fekir,Nabil Fekir,25,1993-07-18,173,75,France,Real Betis,CAM,Left,RM,8.0
123.0,WC-1958,1958 FIFA World Cup,M-1958-22,Hungary v Mexico,group stage,Group 3,1.0,0.0,0.0,0.0,6/15/1958,19:00,S-172,Jernvallen,Sandviken,Sweden,T-34,Hungary,HUN,T-44,Mexico,MEX,40,4.0,0.0,4.0,-4.0,0.0,0.0,0-0,0.0,0.0,home team win,1.0,0.0,0.0,192563,https://sofifa.com/player/192563/bernd-leno/20/159586,B. Leno,Bernd Leno,27,1992-03-04,190,83,Germany,Arsenal,GK,Right,GK,1.0
124.0,WC-1958,1958 FIFA World Cup,M-1958-23,Brazil v Soviet Union,group stage,Group 4,1.0,0.0,0.0,0.0,6/15/1958,19:00,S-166,Ullevi,Gothenburg,Sweden,T-09,Brazil,BRA,T-70,Soviet Union,SUN,20,2.0,0.0,2.0,-2.0,0.0,0.0,0-0,0.0,0.0,home team win,1.0,0.0,0.0,198706,https://sofifa.com/player/198706/luis-alberto-romero-alconchel/20/159586,Luis Alberto,Luis Alberto Romero Alconchel,26,1992-09-28,183,74,Spain,Lazio,"CAM, CM, CF",Right,CM,10.0
125.0,WC-1958,1958 FIFA World Cup,M-1958-24,England v Austria,group stage,Group 4,1.0,0.0,0.0,0.0,6/15/1958,19:00,S-164,Ryavallen,Borås,Sweden,T-27,England,ENG,T-05,Austria,AUT,22,2.0,2.0,0.0,0.0,0.0,0.0,0-0,0.0,0.0,draw,0.0,0.0,1.0,212462,https://sofifa.com/player/212462/alex-nicolao-telles/20/159586,Alex Telles,Alex Nicolao Telles,26,1992-12-15,181,71,Brazil,FC Porto,LB,Left,LB,13.0
126.0,WC-1958,1958 FIFA World Cup,M-1958-25,Northern Ireland v Czechoslovakia,group stage,Group 1,1.0,0.0,0.0,0.0,6/17/1958,19:00,S-169,Malmö Stadion,Malmö,Sweden,T-50,Northern Ireland,NIR,T-20,Czechoslovakia,CSK,21,2.0,1.0,1.0,-1.0,1.0,0.0,0-0,0.0,0.0,home team win,1.0,0.0,0.0,236583,https://sofifa.com/player/236583/jiri-pavlenka/20/159586,J. Pavlenka,Jiří Pavlenka,27,1992-04-14,196,81,Czech Republic,SV Werder Bremen,GK,Right,GK,1.0
127.0,WC-1958,1958 FIFA World Cup,M-1958-26,Wales v Hungary,group stage,Group 3,1.0,0.0,0.0,0.0,6/17/1958,19:00,S-173,Råsunda Stadium,Solna,Sweden,T-82,Wales,WAL,T-34,Hungary,HUN,21,2.0,1.0,1.0,-1.0,0.0,0.0,0-0,0.0,0.0,home team win,1.0,0.0,0.0,198176,https://sofifa.com/player/198176/stefan-de-vrij/20/159586,S. de Vrij,Stefan de Vrij,27,1992-02-05,189,78,Netherlands,Inter,CB,Right,CB,6.0
128.0,WC-1958,1958 FIFA World Cup,M-1958-27,Soviet Union v England,group stage,Group 4,1.0,0.0,0.0,0.0,6/17/1958,19:00,S-166,Ullevi,Gothenburg,Sweden,T-70,Soviet Union,SUN,T-27,England,ENG,10,1.0,0.0,1.0,-1.0,0.0,0.0,0-0,0.0,0.0,home team win,1.0,0.0,0.0,201995,https://sofifa.com/player/201995/felipe-anderson-pereira-gomes/20/159586,Felipe Anderson,Felipe  Anderson Pereira Gomes,26,1993-04-15,175,70,Brazil,West Ham United,LM,Right,RM,8.0
129.0,WC-1958,1958 FIFA World Cup,M-1958-28,Brazil v Wales,quarter-finals,not applicable,0.0,1.0,0.0,0.0,6/19/1958,19:00,S-166,Ullevi,Gothenburg,Sweden,T-09,Brazil,BRA,T-82,Wales,WAL,10,1.0,0.0,1.0,-1.0,0.0,0.0,0-0,0.0,0.0,home team win,1.0,0.0,0.0,120533,https://sofifa.com/player/120533/kepler-laveran-lima-ferreira/20/159586,Pepe,Képler Laveran Lima Ferreira,36,1983-02-26,188,81,Portugal,FC Porto,CB,Right,RCB,3.0
130.0,WC-1958,1958 FIFA World Cup,M-1958-29,France v Northern Ireland,quarter-finals,not applicable,0.0,1.0,0.0,0.0,6/19/1958,19:00,S-170,Idrottsparken,Norrköping,Sweden,T-28,France,FRA,T-50,Northern Ireland,NIR,40,4.0,0.0,4.0,-4.0,0.0,0.0,0-0,0.0,0.0,home team win,1.0,0.0,0.0,162347,https://sofifa.com/player/162347/joao-filipe-moutinho/20/159586,João Moutinho,João Filipe Iria Santos Moutinho,32,1986-09-08,170,61,Portugal,Wolverhampton Wanderers,CM,Right,LCM,28.0
131.0,WC-1958,1958 FIFA World Cup,M-1958-30,Sweden v Soviet Union,quarter-finals,not applicable,0.0,1.0,0.0,0.0,6/19/1958,19:00,S-173,Råsunda Stadium,Solna,Sweden,T-72,Sweden,SWE,T-70,Soviet Union,SUN,20,2.0,0.0,2.0,-2.0,0.0,0.0,0-0,0.0,0.0,home team win,1.0,0.0,0.0,167628,https://sofifa.com/player/167628/stephane-ruffier/20/159586,S. Ruffier,Stéphane Ruffier,32,1986-09-27,188,93,France,AS Saint-Étienne,GK,Right,GK,16.0
132.0,WC-1958,1958 FIFA World Cup,M-1958-31,West Germany v Yugoslavia,quarter-finals,not applicable,0.0,1.0,0.0,0.0,6/19/1958,19:00,S-169,Malmö Stadion,Malmö,Sweden,T-83,West Germany,DEU,T-84,Yugoslavia,YUG,10,1.0,0.0,1.0,-1.0,0.0,0.0,0-0,0.0,0.0,home team win,1.0,0.0,0.0,168435,https://sofifa.com/player/168435/salvatore-sirigu/20/159586,S. Sirigu,Salvatore Sirigu,32,1987-01-12,192,80,Italy,Torino,GK,Right,GK,39.0
133.0,WC-1958,1958 FIFA World Cup,M-1958-32,Brazil v France,semi-finals,not applicable,0.0,1.0,0.0,0.0,6/24/1958,19:00,S-173,Råsunda Stadium,Solna,Sweden,T-09,Brazil,BRA,T-28,France,FRA,52,5.0,2.0,3.0,-3.0,0.0,0.0,0-0,0.0,0.0,home team win,1.0,0.0,0.0,171877,https://sofifa.com/player/171877/marek-hamsik/20/159586,M. Hamšík,Marek Hamšík,31,1987-07-27,183,73,Slovakia,Dalian YiFang FC,CM,Right,CAM,17.0
134.0,WC-1958,1958 FIFA World Cup,M-1958-33,Sweden v West Germany,semi-finals,not applicable,0.0,1.0,0.0,0.0,6/24/1958,19:00,S-166,Ullevi,Gothenburg,Sweden,T-72,Sweden,SWE,T-83,West Germany,DEU,31,3.0,1.0,2.0,-2.0,0.0,0.0,0-0,0.0,0.0,home team win,1.0,0.0,0.0,172879,https://sofifa.com/player/172879/sokratis-papastathopoulos/20/159586,Sokratis,Sokratis Papastathopoulos,31,1988-06-09,186,85,Greece,Arsenal,CB,Right,RCB,5.0
135.0,WC-1958,1958 FIFA World Cup,M-1958-34,France v West Germany,third-place match,not applicable,0.0,1.0,0.0,0.0,6/28/1958,17:00,S-166,Ullevi,Gothenburg,Sweden,T-28,France,FRA,T-83,West Germany,DEU,63,6.0,3.0,3.0,-3.0,0.0,0.0,0-0,0.0,0.0,home team win,1.0,0.0,0.0,176266,https://sofifa.com/player/176266/lucas-pezzini-leiva/20/159586,Lucas Leiva,Lucas  Pezzini Leiva,32,1987-01-09,179,78,Brazil,Lazio,CDM,Right,LDM,6.0
136.0,WC-1958,1958 FIFA World Cup,M-1958-35,Brazil v Sweden,final,not applicable,0.0,1.0,0.0,0.0,6/29/1958,15:00,S-173,Råsunda Stadium,Solna,Sweden,T-09,Brazil,BRA,T-72,Sweden,SWE,52,5.0,2.0,3.0,-3.0,0.0,0.0,0-0,0.0,0.0,home team win,1.0,0.0,0.0,176635,https://sofifa.com/player/176635/mesut-ozil/20/159586,M. Özil,Mesut Özil,30,1988-10-15,180,76,Germany,Arsenal,"CAM, RW",Left,CAM,10.0
137.0,WC-1962,1962 FIFA World Cup,M-1962-01,Uruguay v Colombia,group stage,Group 1,1.0,0.0,0.0,0.0,5/30/1962,15:00,S-024,Estadio Carlos Dittborn,Arica,Chile,T-81,Uruguay,URY,T-15,Colombia,COL,21,2.0,1.0,1.0,-1.0,0.0,0.0,0-0,0.0,0.0,home team win,1.0,0.0,0.0,177610,https://sofifa.com/player/177610/javier-martinez-aginaga/20/159586,Javi Martínez,Javier Martínez Aginaga,30,1988-09-02,192,86,Spain,FC Bayern München,"CDM, CB",Right,SUB,8.0
138.0,WC-1962,1962 FIFA World Cup,M-1962-02,Chile v Switzerland,group stage,Group 2,1.0,0.0,0.0,0.0,5/30/1962,15:00,S-026,Estadio Nacional,Santiago,Chile,T-13,Chile,CHL,T-73,Switzerland,CHE,31,3.0,1.0,2.0,-2.0,0.0,0.0,0-0,0.0,0.0,home team win,1.0,0.0,0.0,177683,https://sofifa.com/player/177683/yann-sommer/20/159586,Y. Sommer,Yann Sommer,30,1988-12-17,183,79,Switzerland,Borussia Mönchengladbach,GK,Right,GK,1.0
139.0,WC-1962,1962 FIFA World Cup,M-1962-03,Brazil v Mexico,group stage,Group 3,1.0,0.0,0.0,0.0,5/30/1962,15:00,S-027,Estadio Sausalito,Viña del Mar,Chile,T-09,Brazil,BRA,T-44,Mexico,MEX,20,2.0,0.0,2.0,-2.0,0.0,0.0,0-0,0.0,0.0,home team win,1.0,0.0,0.0,180930,https://sofifa.com/player/180930/edin-dzeko/20/159586,E. Džeko,Edin Džeko,33,1986-03-17,193,80,Bosnia Herzegovina,Roma,ST,Right,ST,9.0
140.0,WC-1962,1962 FIFA World Cup,M-1962-04,Argentina v Bulgaria,group stage,Group 4,1.0,0.0,0.0,0.0,5/30/1962,15:00,S-025,Estadio El Teniente,Rancagua,Chile,T-03,Argentina,ARG,T-10,Bulgaria,BGR,10,1.0,0.0,1.0,-1.0,0.0,0.0,0-0,0.0,0.0,home team win,1.0,0.0,0.0,181291,https://sofifa.com/player/181291/georginio-wijnaldum/20/159586,G. Wijnaldum,Georginio Wijnaldum,28,1990-11-11,175,69,Netherlands,Liverpool,"CM, CDM",Right,LCM,5.0
141.0,WC-1962,1962 FIFA World Cup,M-1962-05,Soviet Union v Yugoslavia,group stage,Group 1,1.0,0.0,0.0,0.0,5/31/1962,15:00,S-024,Estadio Carlos Dittborn,Arica,Chile,T-70,Soviet Union,SUN,T-84,Yugoslavia,YUG,20,2.0,0.0,2.0,-2.0,0.0,0.0,0-0,0.0,0.0,home team win,1.0,0.0,0.0,181458,https://sofifa.com/player/181458/ivan-perisic/20/159586,I. Perišić,Ivan Perišić,30,1989-02-02,186,80,Croatia,FC Bayern München,LM,Right,SUB,14.0
142.0,WC-1962,1962 FIFA World Cup,M-1962-06,West Germany v Italy,group stage,Group 2,1.0,0.0,0.0,0.0,5/31/1962,15:00,S-026,Estadio Nacional,Santiago,Chile,T-83,West Germany,DEU,T-39,Italy,ITA,00,0.0,0.0,0.0,0.0,0.0,0.0,0-0,0.0,0.0,draw,0.0,0.0,1.0,181783,https://sofifa.com/player/181783/mario-mandzukic/20/159586,M. Mandžukić,Mario Mandžukić,33,1986-05-21,190,85,Croatia,Juventus,"ST, LW",Right,ST,17.0
143.0,WC-1962,1962 FIFA World Cup,M-1962-07,Czechoslovakia v Spain,group stage,Group 3,1.0,0.0,0.0,0.0,5/31/1962,15:00,S-027,Estadio Sausalito,Viña del Mar,Chile,T-20,Czechoslovakia,CSK,T-71,Spain,ESP,10,1.0,0.0,1.0,-1.0,0.0,0.0,0-0,0.0,0.0,home team win,1.0,0.0,0.0,181872,https://sofifa.com/player/181872/arturo-vidal/20/159586,A. Vidal,Arturo Vidal,32,1987-05-22,180,75,Chile,FC Barcelona,"CM, CDM",Right,SUB,22.0
144.0,WC-1962,1962 FIFA World Cup,M-1962-08,Hungary v England,group stage,Group 4,1.0,0.0,0.0,0.0,5/31/1962,15:00,S-025,Estadio El Teniente,Rancagua,Chile,T-34,Hungary,HUN,T-27,England,ENG,21,2.0,1.0,1.0,-1.0,0.0,0.0,0-0,0.0,0.0,home team win,1.0,0.0,0.0,183907,https://sofifa.com/player/183907/jerome-boateng/20/159586,J. Boateng,Jérôme Boateng,30,1988-09-03,192,90,Germany,FC Bayern München,CB,Right,SUB,17.0
145.0,WC-1962,1962 FIFA World Cup,M-1962-09,Yugoslavia v Uruguay,group stage,Group 1,1.0,0.0,0.0,0.0,6/2/1962,15:00,S-024,Estadio Carlos Dittborn,Arica,Chile,T-84,Yugoslavia,YUG,T-81,Uruguay,URY,31,3.0,1.0,2.0,-2.0,0.0,0.0,0-0,0.0,0.0,home team win,1.0,0.0,0.0,184432,https://sofifa.com/player/184432/cesar-azpilicueta-tanco/20/159586,Azpilicueta,César Azpilicueta Tanco,29,1989-08-28,178,76,Spain,Chelsea,"RB, CB",Right,RB,28.0
146.0,WC-1962,1962 FIFA World Cup,M-1962-10,Chile v Italy,group stage,Group 2,1.0,0.0,0.0,0.0,6/2/1962,15:00,S-026,Estadio Nacional,Santiago,Chile,T-13,Chile,CHL,T-39,Italy,ITA,20,2.0,0.0,2.0,-2.0,0.0,0.0,0-0,0.0,0.0,home team win,1.0,0.0,0.0,185020,https://sofifa.com/player/185020/jose-maria-callejon-bueno/20/159586,José Callejón,José María Callejón Bueno,32,1987-02-11,178,73,Spain,Napoli,"RM, RW",Right,RM,7.0
147.0,WC-1962,1962 FIFA World Cup,M-1962-11,Brazil v Czechoslovakia,group stage,Group 3,1.0,0.0,0.0,0.0,6/2/1962,15:00,S-027,Estadio Sausalito,Viña del Mar,Chile,T-09,Brazil,BRA,T-20,Czechoslovakia,CSK,00,0.0,0.0,0.0,0.0,0.0,0.0,0-0,0.0,0.0,draw,0.0,0.0,1.0,186942,https://sofifa.com/player/186942/ilkay-gundogan/20/159586,I. Gündoğan,İlkay Gündoğan,28,1990-10-24,180,80,Germany,Manchester City,"CM, CDM",Right,SUB,8.0
148.0,WC-1962,1962 FIFA World Cup,M-1962-12,England v Argentina,group stage,Group 4,1.0,0.0,0.0,0.0,6/2/1962,15:00,S-025,Estadio El Teniente,Rancagua,Chile,T-27,England,ENG,T-03,Argentina,ARG,31,3.0,1.0,2.0,-2.0,0.0,0.0,0-0,0.0,0.0,home team win,1.0,0.0,0.0,187961,https://sofifa.com/player/187961/jose-paulo-bezerra-m-junior/20/159586,Paulinho,José Paulo Bezzera Maciel Júnior,30,1988-07-25,183,80,Brazil,Guangzhou Evergrande Taobao FC,"CM, CAM, CDM",Right,LCM,8.0
149.0,WC-1962,1962 FIFA World Cup,M-1962-13,Soviet Union v Colombia,group stage,Group 1,1.0,0.0,0.0,0.0,6/3/1962,15:00,S-024,Estadio Carlos Dittborn,Arica,Chile,T-70,Soviet Union,SUN,T-15,Colombia,COL,44,4.0,4.0,0.0,0.0,0.0,0.0,0-0,0.0,0.0,draw,0.0,0.0,1.0,188377,https://sofifa.com/player/188377/kyle-walker/20/159586,K. Walker,Kyle Walker,29,1990-05-28,183,70,England,Manchester City,RB,Right,RB,2.0
150.0,WC-1962,1962 FIFA World Cup,M-1962-14,West Germany v Switzerland,group stage,Group 2,1.0,0.0,0.0,0.0,6/3/1962,15:00,S-026,Estadio Nacional,Santiago,Chile,T-83,West Germany,DEU,T-73,Switzerland,CHE,21,2.0,1.0,1.0,-1.0,0.0,0.0,0-0,0.0,0.0,home team win,1.0,0.0,0.0,190286,https://sofifa.com/player/190286/sergio-canales-madrazo/20/159586,Canales,Sergio Canales Madrazo,28,1991-02-16,176,65,Spain,Real Betis,"CAM, CM, CF",Left,RCM,10.0
151.0,WC-1962,1962 FIFA World Cup,M-1962-15,Spain v Mexico,group stage,Group 3,1.0,0.0,0.0,0.0,6/3/1962,15:00,S-027,Estadio Sausalito,Viña del Mar,Chile,T-71,Spain,ESP,T-44,Mexico,MEX,10,1.0,0.0,1.0,-1.0,0.0,0.0,0-0,0.0,0.0,home team win,1.0,0.0,0.0,190483,https://sofifa.com/player/190483/douglas-costa-de-souza/20/159586,Douglas Costa,Douglas Costa de Souza,28,1990-09-14,172,70,Brazil,Juventus,"LM, RW, LW",Left,SUB,11.0
152.0,WC-1962,1962 FIFA World Cup,M-1962-16,Hungary v Bulgaria,group stage,Group 4,1.0,0.0,0.0,0.0,6/3/1962,15:00,S-025,Estadio El Teniente,Rancagua,Chile,T-34,Hungary,HUN,T-10,Bulgaria,BGR,61,6.0,1.0,5.0,-5.0,0.0,0.0,0-0,0.0,0.0,home team win,1.0,0.0,0.0,197965,https://sofifa.com/player/197965/luis-miguel-afonso-fernandes/20/159586,Pizzi,Luís Miguel Afonso Fernandes,29,1989-10-06,177,72,Portugal,SL Benfica,"RM, CM",Right,RM,21.0
153.0,WC-1962,1962 FIFA World Cup,M-1962-17,Soviet Union v Uruguay,group stage,Group 1,1.0,0.0,0.0,0.0,6/6/1962,15:00,S-024,Estadio Carlos Dittborn,Arica,Chile,T-70,Soviet Union,SUN,T-81,Uruguay,URY,21,2.0,1.0,1.0,-1.0,0.0,0.0,0-0,0.0,0.0,home team win,1.0,0.0,0.0,199434,https://sofifa.com/player/199434/dusan-tadic/20/159586,D. Tadić,Dušan Tadić,30,1988-11-20,181,76,Serbia,Ajax,"CAM, LW, ST",Left,ST,10.0
154.0,WC-1962,1962 FIFA World Cup,M-1962-18,West Germany v Chile,group stage,Group 2,1.0,0.0,0.0,0.0,6/6/1962,15:00,S-026,Estadio Nacional,Santiago,Chile,T-83,West Germany,DEU,T-13,Chile,CHL,20,2.0,0.0,2.0,-2.0,0.0,0.0,0-0,0.0,0.0,home team win,1.0,0.0,0.0,200647,https://sofifa.com/player/200647/josip-ilicic/20/159586,J. Iličić,Josip Iličić,31,1988-01-29,190,79,Slovenia,Atalanta,"CF, ST",Left,RS,72.0
155.0,WC-1962,1962 FIFA World Cup,M-1962-19,Brazil v Spain,group stage,Group 3,1.0,0.0,0.0,0.0,6/6/1962,15:00,S-027,Estadio Sausalito,Viña del Mar,Chile,T-09,Brazil,BRA,T-71,Spain,ESP,21,2.0,1.0,1.0,-1.0,0.0,0.0,0-0,0.0,0.0,home team win,1.0,0.0,0.0,204485,https://sofifa.com/player/204485/riyad-mahrez/20/159586,R. Mahrez,Riyad Mahrez,28,1991-02-21,179,67,Algeria,Manchester City,"RW, RM",Left,SUB,26.0
156.0,WC-1962,1962 FIFA World Cup,M-1962-20,Hungary v Argentina,group stage,Group 4,1.0,0.0,0.0,0.0,6/6/1962,15:00,S-025,Estadio El Teniente,Rancagua,Chile,T-34,Hungary,HUN,T-03,Argentina,ARG,00,0.0,0.0,0.0,0.0,0.0,0.0,0-0,0.0,0.0,draw,0.0,0.0,1.0,205678,https://sofifa.com/player/205678/edin-visca/20/159586,E. Višća,Edin Višća,29,1990-02-17,172,63,Bosnia Herzegovina,Medipol Başakşehir FK,"RM, RW",Right,RM,7.0
157.0,WC-1962,1962 FIFA World Cup,M-1962-21,Yugoslavia v Colombia,group stage,Group 1,1.0,0.0,0.0,0.0,6/7/1962,15:00,S-024,Estadio Carlos Dittborn,Arica,Chile,T-84,Yugoslavia,YUG,T-15,Colombia,COL,50,5.0,0.0,5.0,-5.0,0.0,0.0,0-0,0.0,0.0,home team win,1.0,0.0,0.0,207863,https://sofifa.com/player/207863/felipe-augusto-de-almeida-monteiro/20/159586,Felipe,Felipe Augusto de Almeida Monteiro,30,1989-05-16,190,83,Brazil,Atlético Madrid,CB,Right,LCB,18.0
158.0,WC-1962,1962 FIFA World Cup,M-1962-22,Italy v Switzerland,group stage,Group 2,1.0,0.0,0.0,0.0,6/7/1962,15:00,S-026,Estadio Nacional,Santiago,Chile,T-39,Italy,ITA,T-73,Switzerland,CHE,30,3.0,0.0,3.0,-3.0,0.0,0.0,0-0,0.0,0.0,home team win,1.0,0.0,0.0,226271,https://sofifa.com/player/226271/fabian-ruiz-pena/20/159586,Fabián,Fabián Ruiz Peña,23,1996-04-03,189,70,Spain,Napoli,"CM, CDM, CAM",Left,LCM,8.0
159.0,WC-1962,1962 FIFA World Cup,M-1962-23,Mexico v Czechoslovakia,group stage,Group 3,1.0,0.0,0.0,0.0,6/7/1962,15:00,S-027,Estadio Sausalito,Viña del Mar,Chile,T-44,Mexico,MEX,T-20,Czechoslovakia,CSK,31,3.0,1.0,2.0,-2.0,0.0,0.0,0-0,0.0,0.0,home team win,1.0,0.0,0.0,210413,https://sofifa.com/player/210413/alessio-romagnoli/20/159586,A. Romagnoli,Alessio Romagnoli,24,1995-01-12,188,78,Italy,Milan,CB,Left,LCB,13.0
160.0,WC-1962,1962 FIFA World Cup,M-1962-24,England v Bulgaria,group stage,Group 4,1.0,0.0,0.0,0.0,6/7/1962,15:00,S-025,Estadio El Teniente,Rancagua,Chile,T-27,England,ENG,T-10,Bulgaria,BGR,00,0.0,0.0,0.0,0.0,0.0,0.0,0-0,0.0,0.0,draw,0.0,0.0,1.0,226226,https://sofifa.com/player/226226/giovani-lo-celso/20/159586,G. Lo Celso,Giovani Lo Celso,23,1996-04-09,177,68,Argentina,Tottenham Hotspur,"CM, CAM, CF",Left,SUB,18.0
161.0,WC-1962,1962 FIFA World Cup,M-1962-25,Brazil v England,quarter-finals,not applicable,0.0,1.0,0.0,0.0,6/10/1962,14:30,S-027,Estadio Sausalito,Viña del Mar,Chile,T-09,Brazil,BRA,T-27,England,ENG,31,3.0,1.0,2.0,-2.0,0.0,0.0,0-0,0.0,0.0,home team win,1.0,0.0,0.0,231281,https://sofifa.com/player/231281/trent-alexander-arnold/20/159586,T. Alexander-Arnold,Trent Alexander-Arnold,20,1998-10-07,180,69,England,Liverpool,RB,Right,RB,66.0
162.0,WC-1962,1962 FIFA World Cup,M-1962-26,Chile v Soviet Union,quarter-finals,not applicable,0.0,1.0,0.0,0.0,6/10/1962,14:30,S-024,Estadio Carlos Dittborn,Arica,Chile,T-13,Chile,CHL,T-70,Soviet Union,SUN,21,2.0,1.0,1.0,-1.0,0.0,0.0,0-0,0.0,0.0,home team win,1.0,0.0,0.0,232432,https://sofifa.com/player/232432/luka-jovic/20/159586,L. Jović,Luka Jović,21,1997-12-23,182,85,Serbia,Real Madrid,ST,Right,SUB,18.0
163.0,WC-1962,1962 FIFA World Cup,M-1962-27,Czechoslovakia v Hungary,quarter-finals,not applicable,0.0,1.0,0.0,0.0,6/10/1962,14:30,S-025,Estadio El Teniente,Rancagua,Chile,T-20,Czechoslovakia,CSK,T-34,Hungary,HUN,10,1.0,0.0,1.0,-1.0,0.0,0.0,0-0,0.0,0.0,home team win,1.0,0.0,0.0,205175,https://sofifa.com/player/205175/arkadiusz-milik/20/159586,A. Milik,Arkadiusz Milik,25,1994-02-28,186,78,Poland,Napoli,ST,Left,RS,99.0
164.0,WC-1962,1962 FIFA World Cup,M-1962-28,Yugoslavia v West Germany,quarter-finals,not applicable,0.0,1.0,0.0,0.0,6/10/1962,14:30,S-026,Estadio Nacional,Santiago,Chile,T-84,Yugoslavia,YUG,T-83,West Germany,DEU,10,1.0,0.0,1.0,-1.0,0.0,0.0,0-0,0.0,0.0,home team win,1.0,0.0,0.0,211300,https://sofifa.com/player/211300/anthony-martial/20/159586,A. Martial,Anthony Martial,23,1995-12-05,184,76,France,Manchester United,"LW, ST, LM",Right,ST,9.0
165.0,WC-1962,1962 FIFA World Cup,M-1962-29,Brazil v Chile,semi-finals,not applicable,0.0,1.0,0.0,0.0,6/13/1962,14:30,S-026,Estadio Nacional,Santiago,Chile,T-09,Brazil,BRA,T-13,Chile,CHL,42,4.0,2.0,2.0,-2.0,0.0,0.0,0-0,0.0,0.0,home team win,1.0,0.0,0.0,212523,https://sofifa.com/player/212523/anderson-souza-conceicao/20/159586,Anderson Talisca,Anderson Souza Conceição,25,1994-02-01,190,80,Brazil,Guangzhou Evergrande Taobao FC,"CAM, RW",Left,RW,9.0
166.0,WC-1962,1962 FIFA World Cup,M-1962-30,Czechoslovakia v Yugoslavia,semi-finals,not applicable,0.0,1.0,0.0,0.0,6/13/1962,14:30,S-027,Estadio Sausalito,Viña del Mar,Chile,T-20,Czechoslovakia,CSK,T-84,Yugoslavia,YUG,31,3.0,1.0,2.0,-2.0,0.0,0.0,0-0,0.0,0.0,home team win,1.0,0.0,0.0,213331,https://sofifa.com/player/213331/jonathan-tah/20/159586,J. Tah,Jonathan Tah,23,1996-02-11,195,97,Germany,Bayer 04 Leverkusen,CB,Right,RCB,4.0
167.0,WC-1962,1962 FIFA World Cup,M-1962-31,Chile v Yugoslavia,third-place match,not applicable,0.0,1.0,0.0,0.0,6/16/1962,14:30,S-026,Estadio Nacional,Santiago,Chile,T-13,Chile,CHL,T-84,Yugoslavia,YUG,10,1.0,0.0,1.0,-1.0,0.0,0.0,0-0,0.0,0.0,home team win,1.0,0.0,0.0,219683,https://sofifa.com/player/219683/corentin-tolisso/20/159586,C. Tolisso,Corentin Tolisso,24,1994-08-03,181,81,France,FC Bayern München,"CM, CDM",Right,RCM,24.0
168.0,WC-1962,1962 FIFA World Cup,M-1962-32,Brazil v Czechoslovakia,final,not applicable,0.0,1.0,0.0,0.0,6/17/1962,14:30,S-026,Estadio Nacional,Santiago,Chile,T-09,Brazil,BRA,T-20,Czechoslovakia,CSK,31,3.0,1.0,2.0,-2.0,0.0,0.0,0-0,0.0,0.0,home team win,1.0,0.0,0.0,221087,https://sofifa.com/player/221087/pau-lopez-sabata/20/159586,Pau López,Pau López Sabata,24,1994-12-13,189,77,Spain,Roma,GK,Left,GK,12.0
169.0,WC-1966,1966 FIFA World Cup,M-1966-01,England v Uruguay,group stage,Group 1,1.0,0.0,0.0,0.0,7/11/1966,19:30,S-030,Wembley Stadium,London,England,T-27,England,ENG,T-81,Uruguay,URY,00,0.0,0.0,0.0,0.0,0.0,0.0,0-0,0.0,0.0,draw,0.0,0.0,1.0,224411,https://sofifa.com/player/224411/goncalo-manuel-ganchinho-guedes/20/159586,Gonçalo Guedes,Gonçalo Manuel Ganchinho Guedes,22,1996-11-29,179,68,Portugal,Valencia CF,"LM, ST",Right,LM,7.0
170.0,WC-1966,1966 FIFA World Cup,M-1966-02,West Germany v Switzerland,group stage,Group 2,1.0,0.0,0.0,0.0,7/12/1966,19:30,S-034,Hillsborough Stadium,Sheffield,England,T-83,West Germany,DEU,T-73,Switzerland,CHE,50,5.0,0.0,5.0,-5.0,0.0,0.0,0-0,0.0,0.0,home team win,1.0,0.0,0.0,226110,https://sofifa.com/player/226110/nicolas-pepe/20/159586,N. Pépé,Nicolas Pépé,24,1995-05-29,183,73,Ivory Coast,Arsenal,"RM, RW, ST",Left,RM,19.0
171.0,WC-1966,1966 FIFA World Cup,M-1966-03,Brazil v Bulgaria,group stage,Group 3,1.0,0.0,0.0,0.0,7/12/1966,19:30,S-029,Goodison Park,Liverpool,England,T-09,Brazil,BRA,T-10,Bulgaria,BGR,20,2.0,0.0,2.0,-2.0,0.0,0.0,0-0,0.0,0.0,home team win,1.0,0.0,0.0,229237,https://sofifa.com/player/229237/manuel-akanji/20/159586,M. Akanji,Manuel Obafemi Akanji,23,1995-07-19,187,91,Switzerland,Borussia Dortmund,CB,Right,RCB,16.0
172.0,WC-1966,1966 FIFA World Cup,M-1966-04,Soviet Union v North Korea,group stage,Group 4,1.0,0.0,0.0,0.0,7/12/1966,19:30,S-033,Ayresome Park,Middlesbrough,England,T-70,Soviet Union,SUN,T-49,North Korea,PRK,30,3.0,0.0,3.0,-3.0,0.0,0.0,0-0,0.0,0.0,home team win,1.0,0.0,0.0,231677,https://sofifa.com/player/231677/marcus-rashford/20/159586,M. Rashford,Marcus Rashford,21,1997-10-31,186,70,England,Manchester United,"ST, LM",Right,LM,10.0
173.0,WC-1966,1966 FIFA World Cup,M-1966-05,France v Mexico,group stage,Group 1,1.0,0.0,0.0,0.0,7/13/1966,19:30,S-030,Wembley Stadium,London,England,T-28,France,FRA,T-44,Mexico,MEX,11,1.0,1.0,0.0,0.0,0.0,0.0,0-0,0.0,0.0,draw,0.0,0.0,1.0,203574,https://sofifa.com/player/203574/john-stones/20/159586,J. Stones,John Stones,25,1994-05-28,188,70,England,Manchester City,CB,Right,RCB,5.0
174.0,WC-1966,1966 FIFA World Cup,M-1966-06,Argentina v Spain,group stage,Group 2,1.0,0.0,0.0,0.0,7/13/1966,19:30,S-028,Villa Park,Birmingham,England,T-03,Argentina,ARG,T-71,Spain,ESP,21,2.0,1.0,1.0,-1.0,0.0,0.0,0-0,0.0,0.0,home team win,1.0,0.0,0.0,210008,https://sofifa.com/player/210008/adrien-rabiot/20/159586,A. Rabiot,Adrien Rabiot,24,1995-04-03,192,80,France,Juventus,"CM, CDM",Left,LCM,25.0
175.0,WC-1966,1966 FIFA World Cup,M-1966-07,Portugal v Hungary,group stage,Group 3,1.0,0.0,0.0,0.0,7/13/1966,19:30,S-032,Old Trafford,Manchester,England,T-56,Portugal,PRT,T-34,Hungary,HUN,31,3.0,1.0,2.0,-2.0,0.0,0.0,0-0,0.0,0.0,home team win,1.0,0.0,0.0,210035,https://sofifa.com/player/210035/alejandro-grimaldo-garcia/20/159586,Grimaldo,Alejandro Grimaldo García,23,1995-09-20,171,69,Spain,SL Benfica,LB,Left,LB,3.0
176.0,WC-1966,1966 FIFA World Cup,M-1966-08,Italy v Chile,group stage,Group 4,1.0,0.0,0.0,0.0,7/13/1966,19:30,S-035,Roker Park,Sunderland,England,T-39,Italy,ITA,T-13,Chile,CHL,20,2.0,0.0,2.0,-2.0,0.0,0.0,0-0,0.0,0.0,home team win,1.0,0.0,0.0,212188,https://sofifa.com/player/212188/timo-werner/20/159586,T. Werner,Timo Werner,23,1996-03-06,180,75,Germany,RB Leipzig,ST,Right,LS,11.0
177.0,WC-1966,1966 FIFA World Cup,M-1966-09,Uruguay v France,group stage,Group 1,1.0,0.0,0.0,0.0,7/15/1966,19:30,S-031,White City Stadium,London,England,T-81,Uruguay,URY,T-28,France,FRA,21,2.0,1.0,1.0,-1.0,0.0,0.0,0-0,0.0,0.0,home team win,1.0,0.0,0.0,213565,https://sofifa.com/player/213565/thomas-lemar/20/159586,T. Lemar,Thomas Lemar,23,1995-11-12,171,62,France,Atlético Madrid,"LM, CAM, RM",Left,LM,11.0
178.0,WC-1966,1966 FIFA World Cup,M-1966-10,Spain v Switzerland,group stage,Group 2,1.0,0.0,0.0,0.0,7/15/1966,19:30,S-034,Hillsborough Stadium,Sheffield,England,T-71,Spain,ESP,T-73,Switzerland,CHE,21,2.0,1.0,1.0,-1.0,0.0,0.0,0-0,0.0,0.0,home team win,1.0,0.0,0.0,220793,https://sofifa.com/player/220793/davinson-sanchez/20/159586,D. Sánchez,Davinson Sánchez,23,1996-06-12,187,79,Colombia,Tottenham Hotspur,CB,Right,SUB,6.0
179.0,WC-1966,1966 FIFA World Cup,M-1966-11,Hungary v Brazil,group stage,Group 3,1.0,0.0,0.0,0.0,7/15/1966,19:30,S-029,Goodison Park,Liverpool,England,T-34,Hungary,HUN,T-09,Brazil,BRA,31,3.0,1.0,2.0,-2.0,0.0,0.0,0-0,0.0,0.0,home team win,1.0,0.0,0.0,220834,https://sofifa.com/player/220834/marco-asensio-willemsen/20/159586,Marco Asensio,Marco Asensio Willemsen,23,1996-01-21,182,76,Spain,Real Madrid,"LW, RW",Left,SUB,20.0
180.0,WC-1966,1966 FIFA World Cup,M-1966-12,Chile v North Korea,group stage,Group 4,1.0,0.0,0.0,0.0,7/15/1966,19:30,S-033,Ayresome Park,Middlesbrough,England,T-13,Chile,CHL,T-49,North Korea,PRK,11,1.0,1.0,0.0,0.0,0.0,0.0,0-0,0.0,0.0,draw,0.0,0.0,1.0,200458,https://sofifa.com/player/200458/lucas-digne/20/159586,L. Digne,Lucas Digne,25,1993-07-20,178,74,France,Everton,LB,Left,LB,12.0
181.0,WC-1966,1966 FIFA World Cup,M-1966-13,Argentina v West Germany,group stage,Group 2,1.0,0.0,0.0,0.0,7/16/1966,15:00,S-028,Villa Park,Birmingham,England,T-03,Argentina,ARG,T-83,West Germany,DEU,00,0.0,0.0,0.0,0.0,0.0,0.0,0-0,0.0,0.0,draw,0.0,0.0,1.0,202166,https://sofifa.com/player/202166/julian-draxler/20/159586,J. Draxler,Julian Draxler,25,1993-09-20,187,77,Germany,Paris Saint-Germain,"CAM, CM, LW",Right,SUB,23.0
182.0,WC-1966,1966 FIFA World Cup,M-1966-14,Portugal v Bulgaria,group stage,Group 3,1.0,0.0,0.0,0.0,7/16/1966,15:00,S-032,Old Trafford,Manchester,England,T-56,Portugal,PRT,T-10,Bulgaria,BGR,30,3.0,0.0,3.0,-3.0,0.0,0.0,0-0,0.0,0.0,home team win,1.0,0.0,0.0,204935,https://sofifa.com/player/204935/jordan-pickford/20/159586,J. Pickford,Jordan Pickford,25,1994-03-07,185,77,England,Everton,GK,Left,GK,1.0
183.0,WC-1966,1966 FIFA World Cup,M-1966-15,Soviet Union v Italy,group stage,Group 4,1.0,0.0,0.0,0.0,7/16/1966,15:00,S-035,Roker Park,Sunderland,England,T-70,Soviet Union,SUN,T-39,Italy,ITA,10,1.0,0.0,1.0,-1.0,0.0,0.0,0-0,0.0,0.0,home team win,1.0,0.0,0.0,208418,https://sofifa.com/player/208418/yannick-carrasco/20/159586,Y. Carrasco,Yannick Ferreira Carrasco,25,1993-09-04,180,71,Belgium,Dalian YiFang FC,LM,Right,LM,10.0
184.0,WC-1966,1966 FIFA World Cup,M-1966-16,England v Mexico,group stage,Group 1,1.0,0.0,0.0,0.0,7/16/1966,19:30,S-030,Wembley Stadium,London,England,T-27,England,ENG,T-44,Mexico,MEX,20,2.0,0.0,2.0,-2.0,0.0,0.0,0-0,0.0,0.0,home team win,1.0,0.0,0.0,224179,https://sofifa.com/player/224179/borja-iglesias-quintas/20/159586,Borja Iglesias,Borja Iglesias Quintas,26,1993-01-17,187,86,Spain,Real Betis,ST,Right,ST,9.0
185.0,WC-1966,1966 FIFA World Cup,M-1966-17,Mexico v Uruguay,group stage,Group 1,1.0,0.0,0.0,0.0,7/19/1966,16:30,S-030,Wembley Stadium,London,England,T-44,Mexico,MEX,T-81,Uruguay,URY,00,0.0,0.0,0.0,0.0,0.0,0.0,0-0,0.0,0.0,draw,0.0,0.0,1.0,192984,https://sofifa.com/player/192984/koen-casteels/20/159586,K. Casteels,Koen Casteels,27,1992-06-25,197,86,Belgium,VfL Wolfsburg,GK,Left,GK,1.0
186.0,WC-1966,1966 FIFA World Cup,M-1966-18,Argentina v Switzerland,group stage,Group 2,1.0,0.0,0.0,0.0,7/19/1966,19:30,S-034,Hillsborough Stadium,Sheffield,England,T-03,Argentina,ARG,T-73,Switzerland,CHE,20,2.0,0.0,2.0,-2.0,0.0,0.0,0-0,0.0,0.0,home team win,1.0,0.0,0.0,198717,https://sofifa.com/player/198717/wilfried-zaha/20/159586,W. Zaha,Wilfried Zaha,26,1992-11-10,180,66,Ivory Coast,Crystal Palace,"CF, LM, LW",Right,LS,11.0
187.0,WC-1966,1966 FIFA World Cup,M-1966-19,Portugal v Brazil,group stage,Group 3,1.0,0.0,0.0,0.0,7/19/1966,19:30,S-029,Goodison Park,Liverpool,England,T-56,Portugal,PRT,T-09,Brazil,BRA,31,3.0,1.0,2.0,-2.0,0.0,0.0,0-0,0.0,0.0,home team win,1.0,0.0,0.0,200454,https://sofifa.com/player/200454/francisco-alcacer-garcia/20/159586,Paco Alcácer,Francisco Alcácer García,25,1993-08-30,175,72,Spain,Borussia Dortmund,ST,Right,ST,9.0
188.0,WC-1966,1966 FIFA World Cup,M-1966-20,North Korea v Italy,group stage,Group 4,1.0,0.0,0.0,0.0,7/19/1966,19:30,S-033,Ayresome Park,Middlesbrough,England,T-49,North Korea,PRK,T-39,Italy,ITA,10,1.0,0.0,1.0,-1.0,0.0,0.0,0-0,0.0,0.0,home team win,1.0,0.0,0.0,201153,https://sofifa.com/player/201153/alvaro-borja-morata-martin/20/159586,Morata,Álvaro Borja Morata Martín,26,1992-10-23,189,84,Spain,Atlético Madrid,ST,Right,LS,9.0
189.0,WC-1966,1966 FIFA World Cup,M-1966-21,England v France,group stage,Group 1,1.0,0.0,0.0,0.0,7/20/1966,19:30,S-030,Wembley Stadium,London,England,T-27,England,ENG,T-28,France,FRA,20,2.0,0.0,2.0,-2.0,0.0,0.0,0-0,0.0,0.0,home team win,1.0,0.0,0.0,205693,https://sofifa.com/player/205693/sebastien-haller/20/159586,S. Haller,Sébastien Haller,25,1994-06-22,190,82,France,West Ham United,ST,Right,ST,22.0
190.0,WC-1966,1966 FIFA World Cup,M-1966-22,West Germany v Spain,group stage,Group 2,1.0,0.0,0.0,0.0,7/20/1966,19:30,S-028,Villa Park,Birmingham,England,T-83,West Germany,DEU,T-71,Spain,ESP,21,2.0,1.0,1.0,-1.0,0.0,0.0,0-0,0.0,0.0,home team win,1.0,0.0,0.0,207566,https://sofifa.com/player/207566/william-silva-de-carvalho/20/159586,William Carvalho,William Silva de Carvalho,27,1992-04-07,187,83,Portugal,Real Betis,"CDM, CM",Right,CDM,14.0
191.0,WC-1966,1966 FIFA World Cup,M-1966-23,Hungary v Bulgaria,group stage,Group 3,1.0,0.0,0.0,0.0,7/20/1966,19:30,S-032,Old Trafford,Manchester,England,T-34,Hungary,HUN,T-10,Bulgaria,BGR,31,3.0,1.0,2.0,-2.0,0.0,0.0,0-0,0.0,0.0,home team win,1.0,0.0,0.0,212404,https://sofifa.com/player/212404/federico-bernardeschi/20/159586,F. Bernardeschi,Federico Bernardeschi,25,1994-02-16,185,77,Italy,Juventus,"RM, CAM",Left,SUB,33.0
192.0,WC-1966,1966 FIFA World Cup,M-1966-24,Soviet Union v Chile,group stage,Group 4,1.0,0.0,0.0,0.0,7/20/1966,19:30,S-035,Roker Park,Sunderland,England,T-70,Soviet Union,SUN,T-13,Chile,CHL,21,2.0,1.0,1.0,-1.0,0.0,0.0,0-0,0.0,0.0,home team win,1.0,0.0,0.0,217940,https://sofifa.com/player/217940/dakonam-djene/20/159586,D. Djené,Djené Dakonam Ortega,27,1991-12-31,178,72,Togo,Getafe CF,CB,Right,RCB,2.0
193.0,WC-1966,1966 FIFA World Cup,M-1966-25,England v Argentina,quarter-finals,not applicable,0.0,1.0,0.0,0.0,7/23/1966,15:00,S-030,Wembley Stadium,London,England,T-27,England,ENG,T-03,Argentina,ARG,10,1.0,0.0,1.0,-1.0,0.0,0.0,0-0,0.0,0.0,home team win,1.0,0.0,0.0,188152,https://sofifa.com/player/188152/oscar-dos-santos-emboaba/20/159586,Oscar,Oscar dos Santos Emboaba Júnior,27,1991-09-09,181,71,Brazil,Shanghai SIPG FC,"CAM, CM",Right,RCM,8.0
194.0,WC-1966,1966 FIFA World Cup,M-1966-26,Portugal v North Korea,quarter-finals,not applicable,0.0,1.0,0.0,0.0,7/23/1966,15:00,S-029,Goodison Park,Liverpool,England,T-56,Portugal,PRT,T-49,North Korea,PRK,53,5.0,3.0,2.0,-2.0,0.0,0.0,0-0,0.0,0.0,home team win,1.0,0.0,0.0,188943,https://sofifa.com/player/188943/kevin-trapp/20/159586,K. Trapp,Kevin Trapp,28,1990-07-08,189,86,Germany,Eintracht Frankfurt,GK,Right,GK,1.0
195.0,WC-1966,1966 FIFA World Cup,M-1966-27,Soviet Union v Hungary,quarter-finals,not applicable,0.0,1.0,0.0,0.0,7/23/1966,15:00,S-035,Roker Park,Sunderland,England,T-70,Soviet Union,SUN,T-34,Hungary,HUN,21,2.0,1.0,1.0,-1.0,0.0,0.0,0-0,0.0,0.0,home team win,1.0,0.0,0.0,198141,https://sofifa.com/player/198141/marc-bartra-aregall/20/159586,Bartra,Marc Bartra Aregall,28,1991-01-15,184,73,Spain,Real Betis,CB,Right,RCB,5.0
196.0,WC-1966,1966 FIFA World Cup,M-1966-28,West Germany v Uruguay,quarter-finals,not applicable,0.0,1.0,0.0,0.0,7/23/1966,15:00,S-034,Hillsborough Stadium,Sheffield,England,T-83,West Germany,DEU,T-81,Uruguay,URY,40,4.0,0.0,4.0,-4.0,0.0,0.0,0-0,0.0,0.0,home team win,1.0,0.0,0.0,198950,https://sofifa.com/player/198950/pablo-sarabia-garcia/20/159586,Pablo Sarabia,Pablo Sarabia García,27,1992-05-11,174,70,Spain,Paris Saint-Germain,"CAM, CM, RM",Left,SUB,19.0
197.0,WC-1966,1966 FIFA World Cup,M-1966-29,West Germany v Soviet Union,semi-finals,not applicable,0.0,1.0,0.0,0.0,7/25/1966,19:30,S-029,Goodison Park,Liverpool,England,T-83,West Germany,DEU,T-70,Soviet Union,SUN,21,2.0,1.0,1.0,-1.0,0.0,0.0,0-0,0.0,0.0,home team win,1.0,0.0,0.0,199987,https://sofifa.com/player/199987/jasper-cillessen/20/159586,J. Cillessen,Jasper Cillessen,30,1989-04-22,185,83,Netherlands,Valencia CF,GK,Right,GK,13.0
198.0,WC-1966,1966 FIFA World Cup,M-1966-30,England v Portugal,semi-finals,not applicable,0.0,1.0,0.0,0.0,7/26/1966,19:30,S-030,Wembley Stadium,London,England,T-27,England,ENG,T-56,Portugal,PRT,21,2.0,1.0,1.0,-1.0,0.0,0.0,0-0,0.0,0.0,home team win,1.0,0.0,0.0,200949,https://sofifa.com/player/200949/lucas-rodrigues-m-silva/20/159586,Lucas Moura,Lucas Rodrigues M. Silva,26,1992-08-13,174,70,Brazil,Tottenham Hotspur,"CF, RM, LM",Right,SUB,27.0
199.0,WC-1966,1966 FIFA World Cup,M-1966-31,Portugal v Soviet Union,third-place match,not applicable,0.0,1.0,0.0,0.0,7/28/1966,19:30,S-030,Wembley Stadium,London,England,T-56,Portugal,PRT,T-70,Soviet Union,SUN,21,2.0,1.0,1.0,-1.0,0.0,0.0,0-0,0.0,0.0,home team win,1.0,0.0,0.0,204970,https://sofifa.com/player/204970/florian-thauvin/20/159586,F. Thauvin,Florian Thauvin,26,1993-01-26,179,70,France,Olympique de Marseille,"RW, RM",Left,RW,26.0
200.0,WC-1966,1966 FIFA World Cup,M-1966-32,England v West Germany,final,not applicable,0.0,1.0,0.0,0.0,7/30/1966,15:00,S-030,Wembley Stadium,London,England,T-27,England,ENG,T-83,West Germany,DEU,42,4.0,2.0,2.0,-2.0,1.0,0.0,0-0,0.0,0.0,home team win,1.0,0.0,0.0,205498,https://sofifa.com/player/205498/luiz-frello-filho-jorge/20/159586,Jorginho,Luiz Frello Filho Jorge,27,1991-12-20,180,67,Italy,Chelsea,"CM, CDM",Right,CDM,5.0
201.0,WC-1970,1970 FIFA World Cup,M-1970-01,Mexico v Soviet Union,group stage,Group 1,1.0,0.0,0.0,0.0,5/31/1970,12:00,S-099,Estadio Azteca,Mexico City,Mexico,T-44,Mexico,MEX,T-70,Soviet Union,SUN,00,0.0,0.0,0.0,0.0,0.0,0.0,0-0,0.0,0.0,draw,0.0,0.0,1.0,1179,https://sofifa.com/player/1179/gianluigi-buffon/20/159586,G. Buffon,Gianluigi Buffon,41,1978-01-28,192,92,Italy,Juventus,GK,Right,SUB,77.0
202.0,WC-1970,1970 FIFA World Cup,M-1970-02,Uruguay v Israel,group stage,Group 2,1.0,0.0,0.0,0.0,6/2/1970,16:00,S-104,Estadio Cuauhtémoc,Puebla,Mexico,T-81,Uruguay,URY,T-38,Israel,ISR,20,2.0,0.0,2.0,-2.0,0.0,0.0,0-0,0.0,0.0,home team win,1.0,0.0,0.0,5479,https://sofifa.com/player/5479/iker-casillas-fernandez/20/159586,Casillas,Iker Casillas Fernández,38,1981-05-20,185,84,Spain,FC Porto,GK,Left,RES,1.0
203.0,WC-1970,1970 FIFA World Cup,M-1970-03,England v Romania,group stage,Group 3,1.0,0.0,0.0,0.0,6/2/1970,16:00,S-095,Estadio Jalisco,Guadalajara,Mexico,T-27,England,ENG,T-59,Romania,ROU,10,1.0,0.0,1.0,-1.0,0.0,0.0,0-0,0.0,0.0,home team win,1.0,0.0,0.0,104389,https://sofifa.com/player/104389/rune-almenning-jarstein/20/159586,R. Jarstein,Rune  Almenning Jarstein,34,1984-09-29,190,86,Norway,Hertha BSC,GK,Right,GK,22.0
204.0,WC-1970,1970 FIFA World Cup,M-1970-04,Peru v Bulgaria,group stage,Group 4,1.0,0.0,0.0,0.0,6/2/1970,16:00,S-098,Estadio Nou Camp,León,Mexico,T-54,Peru,PER,T-10,Bulgaria,BGR,32,3.0,2.0,1.0,-1.0,0.0,0.0,0-0,0.0,0.0,home team win,1.0,0.0,0.0,139720,https://sofifa.com/player/139720/vincent-kompany/20/159586,V. Kompany,Vincent Kompany,33,1986-04-10,190,85,Belgium,RSC Anderlecht,CB,Right,LCB,4.0
205.0,WC-1970,1970 FIFA World Cup,M-1970-05,Belgium v El Salvador,group stage,Group 1,1.0,0.0,0.0,0.0,6/3/1970,16:00,S-099,Estadio Azteca,Mexico City,Mexico,T-06,Belgium,BEL,T-26,El Salvador,SLV,30,3.0,0.0,3.0,-3.0,0.0,0.0,0-0,0.0,0.0,home team win,1.0,0.0,0.0,157481,https://sofifa.com/player/157481/raul-albiol-tortajada/20/159586,Raúl Albiol,Raúl Albiol Tortajada,33,1985-09-04,190,82,Spain,Villarreal CF,CB,Right,RCB,3.0
206.0,WC-1970,1970 FIFA World Cup,M-1970-06,Italy v Sweden,group stage,Group 2,1.0,0.0,0.0,0.0,6/3/1970,16:00,S-106,La Bombonera,Toluca,Mexico,T-39,Italy,ITA,T-72,Sweden,SWE,10,1.0,0.0,1.0,-1.0,0.0,0.0,0-0,0.0,0.0,home team win,1.0,0.0,0.0,159261,https://sofifa.com/player/159261/fabio-quagliarella/20/159586,F. Quagliarella,Fabio Quagliarella,36,1983-01-31,180,79,Italy,Sampdoria,ST,Right,ST,27.0
207.0,WC-1970,1970 FIFA World Cup,M-1970-07,Brazil v Czechoslovakia,group stage,Group 3,1.0,0.0,0.0,0.0,6/3/1970,16:00,S-095,Estadio Jalisco,Guadalajara,Mexico,T-09,Brazil,BRA,T-20,Czechoslovakia,CSK,41,4.0,1.0,3.0,-3.0,0.0,0.0,0-0,0.0,0.0,home team win,1.0,0.0,0.0,163587,https://sofifa.com/player/163587/kasper-schmeichel/20/159586,K. Schmeichel,Kasper Schmeichel,32,1986-11-05,189,89,Denmark,Leicester City,GK,Right,GK,1.0
208.0,WC-1970,1970 FIFA World Cup,M-1970-08,West Germany v Morocco,group stage,Group 4,1.0,0.0,0.0,0.0,6/3/1970,16:00,S-098,Estadio Nou Camp,León,Mexico,T-83,West Germany,DEU,T-45,Morocco,MAR,21,2.0,1.0,1.0,-1.0,0.0,0.0,0-0,0.0,0.0,home team win,1.0,0.0,0.0,167397,https://sofifa.com/player/167397/radamel-falcao-garcia-zarate/20/159586,Falcao,Radamel Falcao García Zárate,33,1986-02-10,177,72,Colombia,AS Monaco,ST,Right,LS,9.0
209.0,WC-1970,1970 FIFA World Cup,M-1970-09,Soviet Union v Belgium,group stage,Group 1,1.0,0.0,0.0,0.0,6/6/1970,16:00,S-099,Estadio Azteca,Mexico City,Mexico,T-70,Soviet Union,SUN,T-06,Belgium,BEL,41,4.0,1.0,3.0,-3.0,0.0,0.0,0-0,0.0,0.0,home team win,1.0,0.0,0.0,168609,https://sofifa.com/player/168609/joao-miranda-de-souza-filho/20/159586,Miranda,João Miranda de Souza Filho,34,1984-09-07,186,78,Brazil,Jiangsu Suning FC,CB,Right,RCB,13.0
210.0,WC-1970,1970 FIFA World Cup,M-1970-10,Uruguay v Italy,group stage,Group 2,1.0,0.0,0.0,0.0,6/6/1970,16:00,S-104,Estadio Cuauhtémoc,Puebla,Mexico,T-81,Uruguay,URY,T-39,Italy,ITA,00,0.0,0.0,0.0,0.0,0.0,0.0,0-0,0.0,0.0,draw,0.0,0.0,1.0,169416,https://sofifa.com/player/169416/carlos-vela/20/159586,C. Vela,Carlos Alberto Vela Garrido,30,1989-03-01,177,77,Mexico,Los Angeles FC,"RW, LW, CAM",Left,RW,10.0
211.0,WC-1970,1970 FIFA World Cup,M-1970-11,Romania v Czechoslovakia,group stage,Group 3,1.0,0.0,0.0,0.0,6/6/1970,16:00,S-095,Estadio Jalisco,Guadalajara,Mexico,T-59,Romania,ROU,T-20,Czechoslovakia,CSK,21,2.0,1.0,1.0,-1.0,0.0,0.0,0-0,0.0,0.0,home team win,1.0,0.0,0.0,170481,https://sofifa.com/player/170481/ezequiel-garay/20/159586,E. Garay,Ezequiel Marcelo Garay,32,1986-10-10,189,90,Argentina,Valencia CF,CB,Right,RCB,24.0
212.0,WC-1970,1970 FIFA World Cup,M-1970-12,Peru v Morocco,group stage,Group 4,1.0,0.0,0.0,0.0,6/6/1970,16:00,S-098,Estadio Nou Camp,León,Mexico,T-54,Peru,PER,T-45,Morocco,MAR,30,3.0,0.0,3.0,-3.0,0.0,0.0,0-0,0.0,0.0,home team win,1.0,0.0,0.0,178005,https://sofifa.com/player/178005/rui-pedro-dos-santos-patricio/20/159586,Rui Patrício,Rui Pedro dos Santos Patrício,31,1988-02-15,190,84,Portugal,Wolverhampton Wanderers,GK,Left,GK,11.0
213.0,WC-1970,1970 FIFA World Cup,M-1970-13,Mexico v El Salvador,group stage,Group 1,1.0,0.0,0.0,0.0,6/7/1970,12:00,S-099,Estadio Azteca,Mexico City,Mexico,T-44,Mexico,MEX,T-26,El Salvador,SLV,40,4.0,0.0,4.0,-4.0,0.0,0.0,0-0,0.0,0.0,home team win,1.0,0.0,0.0,178518,https://sofifa.com/player/178518/radja-nainggolan/20/159586,R. Nainggolan,Radja Nainggolan,31,1988-05-04,176,77,Belgium,Cagliari,"CAM, CM",Right,CAM,4.0
214.0,WC-1970,1970 FIFA World Cup,M-1970-14,Sweden v Israel,group stage,Group 2,1.0,0.0,0.0,0.0,6/7/1970,12:00,S-106,La Bombonera,Toluca,Mexico,T-72,Sweden,SWE,T-38,Israel,ISR,11,1.0,1.0,0.0,0.0,0.0,0.0,0-0,0.0,0.0,draw,0.0,0.0,1.0,178562,https://sofifa.com/player/178562/ever-banega/20/159586,E. Banega,Éver Maximiliano David Banega,31,1988-06-29,174,71,Argentina,Sevilla FC,"CDM, CM, CAM",Right,RCM,10.0
215.0,WC-1970,1970 FIFA World Cup,M-1970-15,Brazil v England,group stage,Group 3,1.0,0.0,0.0,0.0,6/7/1970,12:00,S-095,Estadio Jalisco,Guadalajara,Mexico,T-09,Brazil,BRA,T-27,England,ENG,10,1.0,0.0,1.0,-1.0,0.0,0.0,0-0,0.0,0.0,home team win,1.0,0.0,0.0,179844,https://sofifa.com/player/179844/diego-da-silva-costa/20/159586,Diego Costa,Diego da Silva Costa,30,1988-10-07,188,86,Spain,Atlético Madrid,ST,Right,SUB,19.0
216.0,WC-1970,1970 FIFA World Cup,M-1970-16,West Germany v Bulgaria,group stage,Group 4,1.0,0.0,0.0,0.0,6/7/1970,12:00,S-098,Estadio Nou Camp,León,Mexico,T-83,West Germany,DEU,T-10,Bulgaria,BGR,52,5.0,2.0,3.0,-3.0,0.0,0.0,0-0,0.0,0.0,home team win,1.0,0.0,0.0,179846,https://sofifa.com/player/179846/sami-khedira/20/159586,S. Khedira,Sami Khedira,32,1987-04-04,189,90,Germany,Juventus,"CM, CDM",Right,RES,6.0
217.0,WC-1970,1970 FIFA World Cup,M-1970-17,Soviet Union v El Salvador,group stage,Group 1,1.0,0.0,0.0,0.0,6/10/1970,16:00,S-099,Estadio Azteca,Mexico City,Mexico,T-70,Soviet Union,SUN,T-26,El Salvador,SLV,20,2.0,0.0,2.0,-2.0,0.0,0.0,0-0,0.0,0.0,home team win,1.0,0.0,0.0,179944,https://sofifa.com/player/179944/david-luiz-moreira-marinho/20/159586,David Luiz,David Luiz Moreira Marinho,32,1987-04-22,189,86,Brazil,Arsenal,CB,Right,LCB,23.0
218.0,WC-1970,1970 FIFA World Cup,M-1970-18,Sweden v Uruguay,group stage,Group 2,1.0,0.0,0.0,0.0,6/10/1970,16:00,S-104,Estadio Cuauhtémoc,Puebla,Mexico,T-72,Sweden,SWE,T-81,Uruguay,URY,Jan-00,1.0,0.0,1.0,-1.0,0.0,0.0,0-0,0.0,0.0,home team win,1.0,0.0,0.0,183574,https://sofifa.com/player/183574/max-kruse/20/159586,M. Kruse,Max Kruse,31,1988-03-19,180,76,Germany,Fenerbahçe SK,"CF, ST, CAM",Left,CAM,10.0
219.0,WC-1970,1970 FIFA World Cup,M-1970-19,Brazil v Romania,group stage,Group 3,1.0,0.0,0.0,0.0,6/10/1970,16:00,S-095,Estadio Jalisco,Guadalajara,Mexico,T-09,Brazil,BRA,T-59,Romania,ROU,32,3.0,2.0,1.0,-1.0,0.0,0.0,0-0,0.0,0.0,home team win,1.0,0.0,0.0,183711,https://sofifa.com/player/183711/jordan-henderson/20/159586,J. Henderson,Jordan Brian Henderson,29,1990-06-17,182,80,England,Liverpool,"CDM, CM",Right,RCM,14.0
220.0,WC-1970,1970 FIFA World Cup,M-1970-20,West Germany v Peru,group stage,Group 4,1.0,0.0,0.0,0.0,6/10/1970,16:00,S-098,Estadio Nou Camp,León,Mexico,T-83,West Germany,DEU,T-54,Peru,PER,31,3.0,1.0,2.0,-2.0,0.0,0.0,0-0,0.0,0.0,home team win,1.0,0.0,0.0,184484,https://sofifa.com/player/184484/gylfi-sigurdhsson/20/159586,G. Sigurðsson,Gylfi Þór Sigurðsson,29,1989-09-08,186,77,Iceland,Everton,CAM,Right,CAM,10.0
221.0,WC-1970,1970 FIFA World Cup,M-1970-21,Mexico v Belgium,group stage,Group 1,1.0,0.0,0.0,0.0,6/11/1970,16:00,S-099,Estadio Azteca,Mexico City,Mexico,T-44,Mexico,MEX,T-06,Belgium,BEL,10,1.0,0.0,1.0,-1.0,0.0,0.0,0-0,0.0,0.0,home team win,1.0,0.0,0.0,186561,https://sofifa.com/player/186561/aaron-ramsey/20/159586,A. Ramsey,Aaron Ramsey,28,1990-12-26,183,76,Wales,Juventus,"CM, CAM",Right,SUB,8.0
222.0,WC-1970,1970 FIFA World Cup,M-1970-22,Italy v Israel,group stage,Group 2,1.0,0.0,0.0,0.0,6/11/1970,16:00,S-106,La Bombonera,Toluca,Mexico,T-39,Italy,ITA,T-38,Israel,ISR,00,0.0,0.0,0.0,0.0,0.0,0.0,0-0,0.0,0.0,draw,0.0,0.0,1.0,190584,https://sofifa.com/player/190584/asier-illarramendi/20/159586,Illarramendi,Asier Illarramendi Andonegi,29,1990-03-08,179,75,Spain,Real Sociedad,"CDM, CM",Right,RCM,4.0
223.0,WC-1970,1970 FIFA World Cup,M-1970-23,England v Czechoslovakia,group stage,Group 3,1.0,0.0,0.0,0.0,6/11/1970,16:00,S-095,Estadio Jalisco,Guadalajara,Mexico,T-27,England,ENG,T-20,Czechoslovakia,CSK,10,1.0,0.0,1.0,-1.0,0.0,0.0,0-0,0.0,0.0,home team win,1.0,0.0,0.0,190815,https://sofifa.com/player/190815/daley-blind/20/159586,D. Blind,Daley Blind,29,1990-03-09,180,72,Netherlands,Ajax,"CDM, CB, LB",Left,LDM,17.0
224.0,WC-1970,1970 FIFA World Cup,M-1970-24,Bulgaria v Morocco,group stage,Group 4,1.0,0.0,0.0,0.0,6/11/1970,16:00,S-098,Estadio Nou Camp,León,Mexico,T-10,Bulgaria,BGR,T-45,Morocco,MAR,11,1.0,1.0,0.0,0.0,0.0,0.0,0-0,0.0,0.0,draw,0.0,0.0,1.0,190941,https://sofifa.com/player/190941/lukas-hradecky/20/159586,L. Hrádecký,Lukáš Hrádecký,29,1989-11-24,192,85,Finland,Bayer 04 Leverkusen,GK,Right,GK,1.0
225.0,WC-1970,1970 FIFA World Cup,M-1970-25,Brazil v Peru,quarter-finals,not applicable,0.0,1.0,0.0,0.0,6/14/1970,12:00,S-095,Estadio Jalisco,Guadalajara,Mexico,T-09,Brazil,BRA,T-54,Peru,PER,42,4.0,2.0,2.0,-2.0,0.0,0.0,0-0,0.0,0.0,home team win,1.0,0.0,0.0,192366,https://sofifa.com/player/192366/nicolas-otamendi/20/159586,N. Otamendi,Nicolás Hernán Otamendi,31,1988-02-12,183,81,Argentina,Manchester City,CB,Right,SUB,30.0
226.0,WC-1970,1970 FIFA World Cup,M-1970-26,Italy v Mexico,quarter-finals,not applicable,0.0,1.0,0.0,0.0,6/14/1970,12:00,S-106,La Bombonera,Toluca,Mexico,T-39,Italy,ITA,T-44,Mexico,MEX,41,4.0,1.0,3.0,-3.0,0.0,0.0,0-0,0.0,0.0,home team win,1.0,0.0,0.0,193082,https://sofifa.com/player/193082/juan-cuadrado/20/159586,J. Cuadrado,Juan Cuadrado,31,1988-05-26,179,72,Colombia,Juventus,"RM, RW",Right,SUB,16.0
227.0,WC-1970,1970 FIFA World Cup,M-1970-27,Soviet Union v Uruguay,quarter-finals,not applicable,0.0,1.0,0.0,0.0,6/14/1970,12:00,S-099,Estadio Azteca,Mexico City,Mexico,T-70,Soviet Union,SUN,T-81,Uruguay,URY,01,0.0,1.0,-1.0,1.0,1.0,0.0,0-0,0.0,0.0,away team win,0.0,1.0,0.0,193474,https://sofifa.com/player/193474/idrissa-gueye/20/159586,I. Gueye,Idrissa Gana Gueye,29,1989-09-26,174,66,Senegal,Paris Saint-Germain,CDM,Right,SUB,27.0
228.0,WC-1970,1970 FIFA World Cup,M-1970-28,West Germany v England,quarter-finals,not applicable,0.0,1.0,0.0,0.0,6/14/1970,12:00,S-098,Estadio Nou Camp,León,Mexico,T-83,West Germany,DEU,T-27,England,ENG,32,3.0,2.0,1.0,-1.0,1.0,0.0,0-0,0.0,0.0,home team win,1.0,0.0,0.0,195365,https://sofifa.com/player/195365/kevin-kampl/20/159586,K. Kampl,Kevin Kampl,28,1990-10-09,178,67,Slovenia,RB Leipzig,"CM, CAM, CDM",Right,CM,44.0
229.0,WC-1970,1970 FIFA World Cup,M-1970-29,Brazil v Uruguay,semi-finals,not applicable,0.0,1.0,0.0,0.0,6/17/1970,16:00,S-095,Estadio Jalisco,Guadalajara,Mexico,T-09,Brazil,BRA,T-81,Uruguay,URY,31,3.0,1.0,2.0,-2.0,0.0,0.0,0-0,0.0,0.0,home team win,1.0,0.0,0.0,198329,https://sofifa.com/player/198329/rodrigo-moreno-machado/20/159586,Rodrigo,Rodrigo Moreno Machado,28,1991-03-06,182,77,Spain,Valencia CF,ST,Left,LS,19.0
230.0,WC-1970,1970 FIFA World Cup,M-1970-30,Italy v West Germany,semi-finals,not applicable,0.0,1.0,0.0,0.0,6/17/1970,16:00,S-099,Estadio Azteca,Mexico City,Mexico,T-39,Italy,ITA,T-83,West Germany,DEU,43,4.0,3.0,1.0,-1.0,1.0,0.0,0-0,0.0,0.0,home team win,1.0,0.0,0.0,199042,https://sofifa.com/player/199042/charles-aranguiz/20/159586,C. Aránguiz,Charles Mariano Aránguiz Sandoval,30,1989-04-17,171,70,Chile,Bayer 04 Leverkusen,"CM, CDM",Right,LCM,20.0
231.0,WC-1970,1970 FIFA World Cup,M-1970-31,West Germany v Uruguay,third-place match,not applicable,0.0,1.0,0.0,0.0,6/20/1970,16:00,S-099,Estadio Azteca,Mexico City,Mexico,T-83,West Germany,DEU,T-81,Uruguay,URY,10,1.0,0.0,1.0,-1.0,0.0,0.0,0-0,0.0,0.0,home team win,1.0,0.0,0.0,199451,https://sofifa.com/player/199451/wissam-ben-yedder/20/159586,W. Ben Yedder,Wissam Ben Yedder,28,1990-08-12,170,68,France,AS Monaco,ST,Right,RS,22.0
232.0,WC-1970,1970 FIFA World Cup,M-1970-32,Brazil v Italy,final,not applicable,0.0,1.0,0.0,0.0,6/21/1970,12:00,S-099,Estadio Azteca,Mexico City,Mexico,T-09,Brazil,BRA,T-39,Italy,ITA,41,4.0,1.0,3.0,-3.0,0.0,0.0,0-0,0.0,0.0,home team win,1.0,0.0,0.0,199845,https://sofifa.com/player/199845/francesco-acerbi/20/159586,F. Acerbi,Francesco Acerbi,31,1988-02-10,192,88,Italy,Lazio,CB,Left,CB,33.0
233.0,WC-1974,1974 FIFA World Cup,M-1974-01,Brazil v Yugoslavia,group stage,Group 2,1.0,0.0,0.0,0.0,6/13/1974,17:00,S-057,Waldstadion,Frankfurt,Germany,T-09,Brazil,BRA,T-84,Yugoslavia,YUG,00,0.0,0.0,0.0,0.0,0.0,0.0,0-0,0.0,0.0,draw,0.0,0.0,1.0,200888,https://sofifa.com/player/200888/danilo-luis-helio-pereira/20/159586,Danilo Pereira,Danilo Luís Hélio Pereira,27,1991-09-09,188,83,Portugal,FC Porto,"CDM, CM",Right,LCM,22.0
234.0,WC-1974,1974 FIFA World Cup,M-1974-02,West Germany v Chile,group stage,Group 1,1.0,0.0,0.0,0.0,6/14/1974,16:00,S-053,Olympiastadion,Berlin,Germany,T-83,West Germany,DEU,T-13,Chile,CHL,10,1.0,0.0,1.0,-1.0,0.0,0.0,0-0,0.0,0.0,home team win,1.0,0.0,0.0,216354,https://sofifa.com/player/216354/andrej-kramaric/20/159586,A. Kramarić,Andrej Kramarić,28,1991-06-19,177,73,Croatia,TSG 1899 Hoffenheim,"ST, CAM, LW",Right,LS,27.0
235.0,WC-1974,1974 FIFA World Cup,M-1974-03,East Germany v Australia,group stage,Group 1,1.0,0.0,0.0,0.0,6/14/1974,19:30,S-060,Volksparkstadion,Hamburg,Germany,T-23,East Germany,DDR,T-04,Australia,AUS,20,2.0,0.0,2.0,-2.0,0.0,0.0,0-0,0.0,0.0,home team win,1.0,0.0,0.0,230294,https://sofifa.com/player/230294/lourival-adnan-beretta-barbosa/20/159586,Louri Beretta,Lourival Adnan Beretta Barbosa,27,1992-02-29,188,83,Brazil,Atlético Mineiro,"ST, CF",Right,ST,9.0
236.0,WC-1974,1974 FIFA World Cup,M-1974-04,Zaire v Scotland,group stage,Group 2,1.0,0.0,0.0,0.0,6/14/1974,19:30,S-055,Westfalenstadion,Dortmund,Germany,T-85,Zaire,COD,T-62,Scotland,SCO,02,0.0,2.0,-2.0,2.0,0.0,0.0,0-0,0.0,0.0,away team win,0.0,1.0,0.0,230375,https://sofifa.com/player/230375/josue-durval-chiamulera-vaz/20/159586,Josué Chiamulera,Josué Durval Chiamulera Vaz,27,1992-02-29,185,80,Brazil,Grêmio,CB,Right,RCB,3.0
237.0,WC-1974,1974 FIFA World Cup,M-1974-05,Sweden v Bulgaria,group stage,Group 3,1.0,0.0,0.0,0.0,6/15/1974,16:00,S-056,Rheinstadion,Düsseldorf,Germany,T-72,Sweden,SWE,T-10,Bulgaria,BGR,00,0.0,0.0,0.0,0.0,0.0,0.0,0-0,0.0,0.0,draw,0.0,0.0,1.0,230481,https://sofifa.com/player/230481/ronaldo-jailson-cabrais-petri/20/159586,Ronaldo Cabrais,Ronaldo Jailson Cabrais Petri,27,1992-02-29,177,75,Brazil,Grêmio,"RW, CAM",Right,RM,10.0
238.0,WC-1974,1974 FIFA World Cup,M-1974-06,Uruguay v Netherlands,group stage,Group 3,1.0,0.0,0.0,0.0,6/15/1974,16:00,S-061,Niedersachsenstadion,Hanover,Germany,T-81,Uruguay,URY,T-46,Netherlands,NLD,02,0.0,2.0,-2.0,2.0,0.0,0.0,0-0,0.0,0.0,away team win,0.0,1.0,0.0,230142,https://sofifa.com/player/230142/mikel-oyarzabal-ugarte/20/159586,Oyarzabal,Mikel Oyarzabal Ugarte,22,1997-04-21,181,78,Spain,Real Sociedad,"LW, LM, RW",Left,LW,10.0
239.0,WC-1974,1974 FIFA World Cup,M-1974-07,Italy v Haiti,group stage,Group 4,1.0,0.0,0.0,0.0,6/15/1974,18:00,S-065,Olympiastadion,Munich,Germany,T-39,Italy,ITA,T-32,Haiti,HTI,31,3.0,1.0,2.0,-2.0,0.0,0.0,0-0,0.0,0.0,home team win,1.0,0.0,0.0,229906,https://sofifa.com/player/229906/leon-bailey/20/159586,L. Bailey,Leon Bailey Butler,21,1997-08-09,178,79,Jamaica,Bayer 04 Leverkusen,"LW, RW",Left,LM,9.0
240.0,WC-1974,1974 FIFA World Cup,M-1974-08,Poland v Argentina,group stage,Group 4,1.0,0.0,0.0,0.0,6/15/1974,18:00,S-067,Neckarstadion,Stuttgart,Germany,T-55,Poland,POL,T-03,Argentina,ARG,32,3.0,2.0,1.0,-1.0,0.0,0.0,0-0,0.0,0.0,home team win,1.0,0.0,0.0,230666,https://sofifa.com/player/230666/gabriel-fernando-de-jesus/20/159586,Gabriel Jesus,Gabriel Fernando de Jesus,22,1997-04-03,175,73,Brazil,Manchester City,ST,Right,SUB,9.0
241.0,WC-1974,1974 FIFA World Cup,M-1974-09,Australia v West Germany,group stage,Group 1,1.0,0.0,0.0,0.0,6/18/1974,16:00,S-060,Volksparkstadion,Hamburg,Germany,T-04,Australia,AUS,T-83,West Germany,DEU,03,0.0,3.0,-3.0,3.0,0.0,0.0,0-0,0.0,0.0,away team win,0.0,1.0,0.0,207410,https://sofifa.com/player/207410/mateo-kovacic/20/159586,M. Kovačić,Mateo Kovačić,25,1994-05-06,176,78,Croatia,Chelsea,CM,Right,SUB,17.0
242.0,WC-1974,1974 FIFA World Cup,M-1974-10,Chile v East Germany,group stage,Group 1,1.0,0.0,0.0,0.0,6/18/1974,19:00,S-053,Olympiastadion,Berlin,Germany,T-13,Chile,CHL,T-23,East Germany,DDR,11,1.0,1.0,0.0,0.0,0.0,0.0,0-0,0.0,0.0,draw,0.0,0.0,1.0,208596,https://sofifa.com/player/208596/andrea-belotti/20/159586,A. Belotti,Andrea Belotti,25,1993-12-20,181,72,Italy,Torino,ST,Right,ST,9.0
243.0,WC-1974,1974 FIFA World Cup,M-1974-11,Scotland v Brazil,group stage,Group 2,1.0,0.0,0.0,0.0,6/18/1974,19:30,S-057,Waldstadion,Frankfurt,Germany,T-62,Scotland,SCO,T-09,Brazil,BRA,00,0.0,0.0,0.0,0.0,0.0,0.0,0-0,0.0,0.0,draw,0.0,0.0,1.0,212151,https://sofifa.com/player/212151/thomas-strakosha/20/159586,T. Strakosha,Thomas Strakosha,24,1995-03-19,193,78,Albania,Lazio,GK,Right,GK,1.0
244.0,WC-1974,1974 FIFA World Cup,M-1974-12,Yugoslavia v Zaire,group stage,Group 2,1.0,0.0,0.0,0.0,6/18/1974,19:30,S-059,Parkstadion,Gelsenkirchen,Germany,T-84,Yugoslavia,YUG,T-85,Zaire,COD,90,9.0,0.0,9.0,-9.0,0.0,0.0,0-0,0.0,0.0,home team win,1.0,0.0,0.0,220971,https://sofifa.com/player/220971/naby-keita/20/159586,N. Keïta,Naby Keïta,24,1995-02-10,172,64,Guinea,Liverpool,"CM, CDM",Right,SUB,8.0
245.0,WC-1974,1974 FIFA World Cup,M-1974-13,Bulgaria v Uruguay,group stage,Group 3,1.0,0.0,0.0,0.0,6/19/1974,19:30,S-061,Niedersachsenstadion,Hanover,Germany,T-10,Bulgaria,BGR,T-81,Uruguay,URY,11,1.0,1.0,0.0,0.0,0.0,0.0,0-0,0.0,0.0,draw,0.0,0.0,1.0,223959,https://sofifa.com/player/223959/lucas-torreira/20/159586,L. Torreira,Lucas Torreira Di Pascua,23,1996-02-11,168,64,Uruguay,Arsenal,"CDM, CM",Right,RDM,11.0
246.0,WC-1974,1974 FIFA World Cup,M-1974-14,Netherlands v Sweden,group stage,Group 3,1.0,0.0,0.0,0.0,6/19/1974,19:30,S-055,Westfalenstadion,Dortmund,Germany,T-46,Netherlands,NLD,T-72,Sweden,SWE,00,0.0,0.0,0.0,0.0,0.0,0.0,0-0,0.0,0.0,draw,0.0,0.0,1.0,224293,https://sofifa.com/player/224293/ruben-diogo-da-silva-neves/20/159586,Rúben Neves,Rúben Diogo da Silva Neves,22,1997-03-13,180,80,Portugal,Wolverhampton Wanderers,CM,Right,CM,8.0
247.0,WC-1974,1974 FIFA World Cup,M-1974-15,Argentina v Italy,group stage,Group 4,1.0,0.0,0.0,0.0,6/19/1974,19:30,S-067,Neckarstadion,Stuttgart,Germany,T-03,Argentina,ARG,T-39,Italy,ITA,11,1.0,1.0,0.0,0.0,0.0,0.0,0-0,0.0,0.0,draw,0.0,0.0,1.0,225850,https://sofifa.com/player/225850/presnel-kimpembe/20/159586,P. Kimpembe,Presnel Kimpembe,23,1995-08-13,189,80,France,Paris Saint-Germain,CB,Left,SUB,3.0
248.0,WC-1974,1974 FIFA World Cup,M-1974-16,Haiti v Poland,group stage,Group 4,1.0,0.0,0.0,0.0,6/19/1974,19:30,S-065,Olympiastadion,Munich,Germany,T-32,Haiti,HTI,T-55,Poland,POL,07,0.0,7.0,-7.0,7.0,0.0,0.0,0-0,0.0,0.0,away team win,0.0,1.0,0.0,225953,https://sofifa.com/player/225953/steven-bergwijn/20/159586,S. Bergwijn,Steven Bergwijn,21,1997-10-08,178,78,Netherlands,PSV,"RW, CAM, LW",Right,CAM,10.0
249.0,WC-1974,1974 FIFA World Cup,M-1974-17,Australia v Chile,group stage,Group 1,1.0,0.0,0.0,0.0,6/22/1974,16:00,S-053,Olympiastadion,Berlin,Germany,T-04,Australia,AUS,T-13,Chile,CHL,00,0.0,0.0,0.0,0.0,0.0,0.0,0-0,0.0,0.0,draw,0.0,0.0,1.0,226753,https://sofifa.com/player/226753/andre-onana/20/159586,A. Onana,André Onana,23,1996-04-02,187,93,Cameroon,Ajax,GK,Right,GK,24.0
250.0,WC-1974,1974 FIFA World Cup,M-1974-18,Scotland v Yugoslavia,group stage,Group 2,1.0,0.0,0.0,0.0,6/22/1974,16:00,S-057,Waldstadion,Frankfurt,Germany,T-62,Scotland,SCO,T-84,Yugoslavia,YUG,11,1.0,1.0,0.0,0.0,0.0,0.0,0-0,0.0,0.0,draw,0.0,0.0,1.0,227928,https://sofifa.com/player/227928/nelson-cabral-semedo/20/159586,Nélson Semedo,Nélson Cabral Semedo,25,1993-11-16,177,67,Portugal,FC Barcelona,RB,Right,RB,2.0
251.0,WC-1974,1974 FIFA World Cup,M-1974-19,Zaire v Brazil,group stage,Group 2,1.0,0.0,0.0,0.0,6/22/1974,16:00,S-059,Parkstadion,Gelsenkirchen,Germany,T-85,Zaire,COD,T-09,Brazil,BRA,03,0.0,3.0,-3.0,3.0,0.0,0.0,0-0,0.0,0.0,away team win,0.0,1.0,0.0,193105,https://sofifa.com/player/193105/alphonse-areola/20/159586,A. Areola,Alphonse Areola,26,1993-02-27,195,94,France,Paris Saint-Germain,GK,Right,GK,16.0
252.0,WC-1974,1974 FIFA World Cup,M-1974-20,East Germany v West Germany,group stage,Group 1,1.0,0.0,0.0,0.0,6/22/1974,19:30,S-060,Volksparkstadion,Hamburg,Germany,T-23,East Germany,DDR,T-83,West Germany,DEU,10,1.0,0.0,1.0,-1.0,0.0,0.0,0-0,0.0,0.0,home team win,1.0,0.0,0.0,198009,https://sofifa.com/player/198009/mattia-perin/20/159586,M. Perin,Mattia Perin,26,1992-11-10,188,77,Italy,Juventus,GK,Right,SUB,22.0
253.0,WC-1974,1974 FIFA World Cup,M-1974-21,Bulgaria v Netherlands,group stage,Group 3,1.0,0.0,0.0,0.0,6/23/1974,16:00,S-055,Westfalenstadion,Dortmund,Germany,T-10,Bulgaria,BGR,T-46,Netherlands,NLD,14,1.0,4.0,-3.0,3.0,0.0,0.0,0-0,0.0,0.0,away team win,0.0,1.0,0.0,211320,https://sofifa.com/player/211320/daniele-rugani/20/159586,D. Rugani,Daniele Rugani,24,1994-07-29,190,84,Italy,Juventus,CB,Right,RES,24.0
254.0,WC-1974,1974 FIFA World Cup,M-1974-22,Sweden v Uruguay,group stage,Group 3,1.0,0.0,0.0,0.0,6/23/1974,16:00,S-056,Rheinstadion,Düsseldorf,Germany,T-72,Sweden,SWE,T-81,Uruguay,URY,30,3.0,0.0,3.0,-3.0,0.0,0.0,0-0,0.0,0.0,home team win,1.0,0.0,0.0,214997,https://sofifa.com/player/214997/angel-correa/20/159586,A. Correa,Ángel Correa,24,1995-03-09,171,68,Argentina,Atlético Madrid,"RM, ST",Right,SUB,10.0
255.0,WC-1974,1974 FIFA World Cup,M-1974-23,Argentina v Haiti,group stage,Group 4,1.0,0.0,0.0,0.0,6/23/1974,16:00,S-065,Olympiastadion,Munich,Germany,T-03,Argentina,ARG,T-32,Haiti,HTI,41,4.0,1.0,3.0,-3.0,0.0,0.0,0-0,0.0,0.0,home team win,1.0,0.0,0.0,216201,https://sofifa.com/player/216201/inaki-williams-arthuer/20/159586,Iñaki Williams,Iñaki Williams Arthuer,25,1994-06-15,186,79,Spain,Athletic Club de Bilbao,"ST, RW",Right,RW,9.0
256.0,WC-1974,1974 FIFA World Cup,M-1974-24,Poland v Italy,group stage,Group 4,1.0,0.0,0.0,0.0,6/23/1974,16:00,S-067,Neckarstadion,Stuttgart,Germany,T-55,Poland,POL,T-39,Italy,ITA,21,2.0,1.0,1.0,-1.0,0.0,0.0,0-0,0.0,0.0,home team win,1.0,0.0,0.0,221992,https://sofifa.com/player/221992/hirving-lozano/20/159586,H. Lozano,Hirving Rodrigo Lozano Bahena,23,1995-07-30,175,70,Mexico,PSV,"RW, LW",Right,RW,11.0
257.0,WC-1974,1974 FIFA World Cup,M-1974-25,Yugoslavia v West Germany,second group stage,Group B,1.0,0.0,0.0,0.0,6/26/1974,16:00,S-056,Rheinstadion,Düsseldorf,Germany,T-84,Yugoslavia,YUG,T-83,West Germany,DEU,02,0.0,2.0,-2.0,2.0,0.0,0.0,0-0,0.0,0.0,away team win,0.0,1.0,0.0,227055,https://sofifa.com/player/227055/gelson-dany-batalha-martins/20/159586,Gelson Martins,Gelson Dany Batalha Martins,24,1995-05-11,173,74,Portugal,AS Monaco,"RM, RW",Right,RM,11.0
258.0,WC-1974,1974 FIFA World Cup,M-1974-26,Brazil v East Germany,second group stage,Group A,1.0,0.0,0.0,0.0,6/26/1974,19:30,S-061,Niedersachsenstadion,Hanover,Germany,T-09,Brazil,BRA,T-23,East Germany,DDR,10,1.0,0.0,1.0,-1.0,0.0,0.0,0-0,0.0,0.0,home team win,1.0,0.0,0.0,200726,https://sofifa.com/player/200726/benjamin-lecomte/20/159586,B. Lecomte,Benjamin Lecomte,28,1991-04-26,186,78,France,AS Monaco,GK,Left,GK,40.0
259.0,WC-1974,1974 FIFA World Cup,M-1974-27,Netherlands v Argentina,second group stage,Group A,1.0,0.0,0.0,0.0,6/26/1974,19:30,S-059,Parkstadion,Gelsenkirchen,Germany,T-46,Netherlands,NLD,T-03,Argentina,ARG,40,4.0,0.0,4.0,-4.0,0.0,0.0,0-0,0.0,0.0,home team win,1.0,0.0,0.0,209989,https://sofifa.com/player/209989/thomas-partey/20/159586,T. Partey,Thomas Partey,26,1993-06-13,185,77,Ghana,Atlético Madrid,"CM, CDM, RM",Right,RCM,5.0
260.0,WC-1974,1974 FIFA World Cup,M-1974-28,Sweden v Poland,second group stage,Group B,1.0,0.0,0.0,0.0,6/26/1974,19:30,S-067,Neckarstadion,Stuttgart,Germany,T-72,Sweden,SWE,T-55,Poland,POL,01,0.0,1.0,-1.0,1.0,0.0,0.0,0-0,0.0,0.0,away team win,0.0,1.0,0.0,211748,https://sofifa.com/player/211748/kerem-demirbay/20/159586,K. Demirbay,Kerem Demirbay,25,1993-07-03,182,72,Germany,Bayer 04 Leverkusen,CM,Left,LF,10.0
261.0,WC-1974,1974 FIFA World Cup,M-1974-29,Argentina v Brazil,second group stage,Group A,1.0,0.0,0.0,0.0,6/30/1974,16:00,S-061,Niedersachsenstadion,Hanover,Germany,T-03,Argentina,ARG,T-09,Brazil,BRA,12,1.0,2.0,-1.0,1.0,0.0,0.0,0-0,0.0,0.0,away team win,0.0,1.0,0.0,197061,https://sofifa.com/player/197061/joel-matip/20/159586,J. Matip,Joël Andre Job Matip,27,1991-08-08,194,90,Cameroon,Liverpool,CB,Right,SUB,32.0
262.0,WC-1974,1974 FIFA World Cup,M-1974-30,East Germany v Netherlands,second group stage,Group A,1.0,0.0,0.0,0.0,6/30/1974,16:00,S-059,Parkstadion,Gelsenkirchen,Germany,T-23,East Germany,DDR,T-46,Netherlands,NLD,02,0.0,2.0,-2.0,2.0,0.0,0.0,0-0,0.0,0.0,away team win,0.0,1.0,0.0,202651,https://sofifa.com/player/202651/jesus-joaquin-fernandez-saez/20/159586,Suso,Jesús Joaquín Fernández Sáez,25,1993-11-19,176,70,Spain,Milan,"RW, CF",Left,RS,8.0
263.0,WC-1974,1974 FIFA World Cup,M-1974-31,Poland v Yugoslavia,second group stage,Group B,1.0,0.0,0.0,0.0,6/30/1974,16:00,S-057,Waldstadion,Frankfurt,Germany,T-55,Poland,POL,T-84,Yugoslavia,YUG,21,2.0,1.0,1.0,-1.0,0.0,0.0,0-0,0.0,0.0,home team win,1.0,0.0,0.0,204639,https://sofifa.com/player/204639/stefan-savic/20/159586,S. Savić,Stefan Savić,28,1991-01-08,187,79,Montenegro,Atlético Madrid,CB,Right,SUB,15.0
264.0,WC-1974,1974 FIFA World Cup,M-1974-32,West Germany v Sweden,second group stage,Group B,1.0,0.0,0.0,0.0,6/30/1974,19:30,S-056,Rheinstadion,Düsseldorf,Germany,T-83,West Germany,DEU,T-72,Sweden,SWE,42,4.0,2.0,2.0,-2.0,0.0,0.0,0-0,0.0,0.0,home team win,1.0,0.0,0.0,205452,https://sofifa.com/player/205452/antonio-rudiger/20/159586,A. Rüdiger,Antonio Rüdiger,26,1993-03-03,190,85,Germany,Chelsea,CB,Right,SUB,2.0
265.0,WC-1974,1974 FIFA World Cup,M-1974-33,Poland v West Germany,second group stage,Group B,1.0,0.0,0.0,0.0,7/3/1974,16:30,S-057,Waldstadion,Frankfurt,Germany,T-55,Poland,POL,T-83,West Germany,DEU,01,0.0,1.0,-1.0,1.0,0.0,0.0,0-0,0.0,0.0,away team win,0.0,1.0,0.0,209960,https://sofifa.com/player/209960/fernando-pacheco-flores/20/159586,Pacheco,Fernando Pacheco Flores,27,1992-05-18,186,81,Spain,Deportivo Alavés,GK,Left,GK,1.0
266.0,WC-1974,1974 FIFA World Cup,M-1974-34,Argentina v East Germany,second group stage,Group A,1.0,0.0,0.0,0.0,7/3/1974,19:30,S-059,Parkstadion,Gelsenkirchen,Germany,T-03,Argentina,ARG,T-23,East Germany,DDR,11,1.0,1.0,0.0,0.0,0.0,0.0,0-0,0.0,0.0,draw,0.0,0.0,1.0,210243,https://sofifa.com/player/210243/ricardo-barbosa-pereira/20/159586,Ricardo Pereira,Ricardo Barbosa Pereira,25,1993-10-06,175,70,Portugal,Leicester City,"RB, RM",Right,RB,21.0
267.0,WC-1974,1974 FIFA World Cup,M-1974-35,Netherlands v Brazil,second group stage,Group A,1.0,0.0,0.0,0.0,7/3/1974,19:30,S-055,Westfalenstadion,Dortmund,Germany,T-46,Netherlands,NLD,T-09,Brazil,BRA,20,2.0,0.0,2.0,-2.0,0.0,0.0,0-0,0.0,0.0,home team win,1.0,0.0,0.0,211256,https://sofifa.com/player/211256/nicolas-tagliafico/20/159586,N. Tagliafico,Nicolás Alejandro Tagliafico,26,1992-08-31,172,65,Argentina,Ajax,LB,Left,LB,31.0
268.0,WC-1974,1974 FIFA World Cup,M-1974-36,Sweden v Yugoslavia,second group stage,Group B,1.0,0.0,0.0,0.0,7/3/1974,19:30,S-056,Rheinstadion,Düsseldorf,Germany,T-72,Sweden,SWE,T-84,Yugoslavia,YUG,21,2.0,1.0,1.0,-1.0,0.0,0.0,0-0,0.0,0.0,home team win,1.0,0.0,0.0,223952,https://sofifa.com/player/223952/david-soria-solis/20/159586,David Soria,David Soria Solís,26,1993-04-04,192,85,Spain,Getafe CF,GK,Right,GK,13.0
269.0,WC-1974,1974 FIFA World Cup,M-1974-37,Brazil v Poland,third-place match,not applicable,0.0,1.0,0.0,0.0,7/6/1974,16:00,S-065,Olympiastadion,Munich,Germany,T-09,Brazil,BRA,T-55,Poland,POL,01,0.0,1.0,-1.0,1.0,0.0,0.0,0-0,0.0,0.0,away team win,0.0,1.0,0.0,178750,https://sofifa.com/player/178750/sergio-asenjo-andres/20/159586,Sergio Asenjo,Sergio  Asenjo Andrés,30,1989-06-28,189,87,Spain,Villarreal CF,GK,Right,GK,1.0
270.0,WC-1974,1974 FIFA World Cup,M-1974-38,Netherlands v West Germany,final,not applicable,0.0,1.0,0.0,0.0,7/7/1974,16:00,S-065,Olympiastadion,Munich,Germany,T-46,Netherlands,NLD,T-83,West Germany,DEU,12,1.0,2.0,-1.0,1.0,0.0,0.0,0-0,0.0,0.0,away team win,0.0,1.0,0.0,189575,https://sofifa.com/player/189575/iker-muniain-goni/20/159586,Muniain,Iker Muniain Goñi,26,1992-12-19,170,66,Spain,Athletic Club de Bilbao,"CAM, LW",Right,LW,10.0
271.0,WC-1978,1978 FIFA World Cup,M-1978-01,West Germany v Poland,group stage,Group 2,1.0,0.0,0.0,0.0,6/1/1978,15:00,S-002,Estadio Monumental,Buenos Aires,Argentina,T-83,West Germany,DEU,T-55,Poland,POL,00,0.0,0.0,0.0,0.0,0.0,0.0,0-0,0.0,0.0,draw,0.0,0.0,1.0,192318,https://sofifa.com/player/192318/mario-gotze/20/159586,M. Götze,Mario Götze,27,1992-06-03,176,75,Germany,Borussia Dortmund,"CF, CAM, CM",Right,SUB,10.0
272.0,WC-1978,1978 FIFA World Cup,M-1978-02,Italy v France,group stage,Group 1,1.0,0.0,0.0,0.0,6/2/1978,13:45,S-004,Estadio José María Minella,Mar del Plata,Argentina,T-39,Italy,ITA,T-28,France,FRA,21,2.0,1.0,1.0,-1.0,0.0,0.0,0-0,0.0,0.0,home team win,1.0,0.0,0.0,193283,https://sofifa.com/player/193283/thomas-delaney/20/159586,T. Delaney,Thomas Delaney,27,1991-09-03,182,79,Denmark,Borussia Dortmund,"CDM, CM",Left,SUB,6.0
273.0,WC-1978,1978 FIFA World Cup,M-1978-03,Tunisia v Mexico,group stage,Group 2,1.0,0.0,0.0,0.0,6/2/1978,16:45,S-006,Estadio Gigante de Arroyito,Rosario,Argentina,T-76,Tunisia,TUN,T-44,Mexico,MEX,31,3.0,1.0,2.0,-2.0,0.0,0.0,0-0,0.0,0.0,home team win,1.0,0.0,0.0,193698,https://sofifa.com/player/193698/oliver-baumann/20/159586,O. Baumann,Oliver Baumann,29,1990-06-02,187,82,Germany,TSG 1899 Hoffenheim,GK,Right,GK,1.0
274.0,WC-1978,1978 FIFA World Cup,M-1978-04,Argentina v Hungary,group stage,Group 1,1.0,0.0,0.0,0.0,6/2/1978,19:15,S-002,Estadio Monumental,Buenos Aires,Argentina,T-03,Argentina,ARG,T-34,Hungary,HUN,21,2.0,1.0,1.0,-1.0,0.0,0.0,0-0,0.0,0.0,home team win,1.0,0.0,0.0,195093,https://sofifa.com/player/195093/willian-jose-da-silva/20/159586,Willian José,Willian José da Silva,27,1991-11-23,189,93,Brazil,Real Sociedad,ST,Right,ST,9.0
275.0,WC-1978,1978 FIFA World Cup,M-1978-05,Austria v Spain,group stage,Group 3,1.0,0.0,0.0,0.0,6/3/1978,13:45,S-001,Estadio José Amalfitani,Buenos Aires,Argentina,T-05,Austria,AUT,T-71,Spain,ESP,21,2.0,1.0,1.0,-1.0,0.0,0.0,0-0,0.0,0.0,home team win,1.0,0.0,0.0,199564,https://sofifa.com/player/199564/sergio-roberto-carnicer/20/159586,Sergi Roberto,Sergio Roberto Carnicer,27,1992-02-07,178,68,Spain,FC Barcelona,"RB, RM, CM",Right,SUB,20.0
276.0,WC-1978,1978 FIFA World Cup,M-1978-06,Brazil v Sweden,group stage,Group 3,1.0,0.0,0.0,0.0,6/3/1978,13:45,S-004,Estadio José María Minella,Mar del Plata,Argentina,T-09,Brazil,BRA,T-72,Sweden,SWE,11,1.0,1.0,0.0,0.0,0.0,0.0,0-0,0.0,0.0,draw,0.0,0.0,1.0,200536,https://sofifa.com/player/200536/nico-schulz/20/159586,N. Schulz,Nico Schulz,26,1993-04-01,181,83,Germany,Borussia Dortmund,"LWB, LM, LB",Left,LB,14.0
277.0,WC-1978,1978 FIFA World Cup,M-1978-07,Netherlands v Iran,group stage,Group 4,1.0,0.0,0.0,0.0,6/3/1978,16:45,S-005,Estadio Ciudad de Mendoza,Mendoza,Argentina,T-46,Netherlands,NLD,T-36,Iran,IRN,30,3.0,0.0,3.0,-3.0,0.0,0.0,0-0,0.0,0.0,home team win,1.0,0.0,0.0,200610,https://sofifa.com/player/200610/kevin-volland/20/159586,K. Volland,Kevin Volland,26,1992-07-30,179,83,Germany,Bayer 04 Leverkusen,"ST, RW, LW",Left,ST,31.0
278.0,WC-1978,1978 FIFA World Cup,M-1978-08,Peru v Scotland,group stage,Group 4,1.0,0.0,0.0,0.0,6/3/1978,16:45,S-003,Estadio Chateau Carreras,Córdoba,Argentina,T-54,Peru,PER,T-62,Scotland,SCO,31,3.0,1.0,2.0,-2.0,0.0,0.0,0-0,0.0,0.0,home team win,1.0,0.0,0.0,200724,https://sofifa.com/player/200724/jose-ignacio-fernandez-iglesias/20/159586,Nacho Fernández,José Ignacio Fernández Iglesias,29,1990-01-18,180,76,Spain,Real Madrid,"CB, LB, RB",Right,SUB,6.0
279.0,WC-1978,1978 FIFA World Cup,M-1978-09,Italy v Hungary,group stage,Group 1,1.0,0.0,0.0,0.0,6/6/1978,13:45,S-004,Estadio José María Minella,Mar del Plata,Argentina,T-39,Italy,ITA,T-34,Hungary,HUN,31,3.0,1.0,2.0,-2.0,0.0,0.0,0-0,0.0,0.0,home team win,1.0,0.0,0.0,201305,https://sofifa.com/player/201305/gabriel-armando-de-abreu/20/159586,Gabriel Paulista,Gabriel Armando de Abreu,28,1990-11-26,187,79,Brazil,Valencia CF,CB,Right,LCB,5.0
280.0,WC-1978,1978 FIFA World Cup,M-1978-10,Poland v Tunisia,group stage,Group 2,1.0,0.0,0.0,0.0,6/6/1978,16:45,S-006,Estadio Gigante de Arroyito,Rosario,Argentina,T-55,Poland,POL,T-76,Tunisia,TUN,10,1.0,0.0,1.0,-1.0,0.0,0.0,0-0,0.0,0.0,home team win,1.0,0.0,0.0,202562,https://sofifa.com/player/202562/jerome-roussillon/20/159586,J. Roussillon,Jérôme Roussillon,26,1993-01-06,175,80,France,VfL Wolfsburg,LB,Left,LM,15.0
281.0,WC-1978,1978 FIFA World Cup,M-1978-11,West Germany v Mexico,group stage,Group 2,1.0,0.0,0.0,0.0,6/6/1978,16:45,S-003,Estadio Chateau Carreras,Córdoba,Argentina,T-83,West Germany,DEU,T-44,Mexico,MEX,60,6.0,0.0,6.0,-6.0,0.0,0.0,0-0,0.0,0.0,home team win,1.0,0.0,0.0,203263,https://sofifa.com/player/203263/harry-maguire/20/159586,H. Maguire,Harry Maguire,26,1993-03-05,194,100,England,Manchester United,CB,Right,LCB,5.0
282.0,WC-1978,1978 FIFA World Cup,M-1978-12,Argentina v France,group stage,Group 1,1.0,0.0,0.0,0.0,6/6/1978,19:15,S-002,Estadio Monumental,Buenos Aires,Argentina,T-03,Argentina,ARG,T-28,France,FRA,21,2.0,1.0,1.0,-1.0,0.0,0.0,0-0,0.0,0.0,home team win,1.0,0.0,0.0,203486,https://sofifa.com/player/203486/thorgan-hazard/20/159586,T. Hazard,Thorgan Hazard,26,1993-03-29,175,71,Belgium,Borussia Dortmund,"RM, LM, CF",Right,LM,23.0
283.0,WC-1978,1978 FIFA World Cup,M-1978-13,Austria v Sweden,group stage,Group 3,1.0,0.0,0.0,0.0,6/7/1978,13:45,S-001,Estadio José Amalfitani,Buenos Aires,Argentina,T-05,Austria,AUT,T-72,Sweden,SWE,10,1.0,0.0,1.0,-1.0,0.0,0.0,0-0,0.0,0.0,home team win,1.0,0.0,0.0,208448,https://sofifa.com/player/208448/emil-forsberg/20/159586,E. Forsberg,Emil Forsberg,27,1991-10-23,179,74,Sweden,RB Leipzig,"CAM, LM",Right,LCM,10.0
284.0,WC-1978,1978 FIFA World Cup,M-1978-14,Brazil v Spain,group stage,Group 3,1.0,0.0,0.0,0.0,6/7/1978,13:45,S-004,Estadio José María Minella,Mar del Plata,Argentina,T-09,Brazil,BRA,T-71,Spain,ESP,00,0.0,0.0,0.0,0.0,0.0,0.0,0-0,0.0,0.0,draw,0.0,0.0,1.0,208574,https://sofifa.com/player/208574/filip-kostic/20/159586,F. Kostić,Filip Kostić,26,1992-11-01,184,82,Serbia,Eintracht Frankfurt,"LM, LWB",Left,LM,10.0
285.0,WC-1978,1978 FIFA World Cup,M-1978-15,Netherlands v Peru,group stage,Group 4,1.0,0.0,0.0,0.0,6/7/1978,16:45,S-005,Estadio Ciudad de Mendoza,Mendoza,Argentina,T-46,Netherlands,NLD,T-54,Peru,PER,00,0.0,0.0,0.0,0.0,0.0,0.0,0-0,0.0,0.0,draw,0.0,0.0,1.0,216409,https://sofifa.com/player/216409/matteo-politano/20/159586,M. Politano,Matteo Politano,25,1993-08-03,171,67,Italy,Inter,"RM, ST",Left,SUB,16.0
286.0,WC-1978,1978 FIFA World Cup,M-1978-16,Scotland v Iran,group stage,Group 4,1.0,0.0,0.0,0.0,6/7/1978,16:45,S-003,Estadio Chateau Carreras,Córdoba,Argentina,T-62,Scotland,SCO,T-36,Iran,IRN,11,1.0,1.0,0.0,0.0,0.0,0.0,0-0,0.0,0.0,draw,0.0,0.0,1.0,216547,https://sofifa.com/player/216547/rafael-a-ferreira-silva/20/159586,Rafa,Rafael Alexandre Fernandes Ferreira da Silva,26,1993-05-17,172,66,Portugal,SL Benfica,"LM, RM",Right,LM,27.0
287.0,WC-1978,1978 FIFA World Cup,M-1978-17,France v Hungary,group stage,Group 1,1.0,0.0,0.0,0.0,6/10/1978,14:30,S-004,Estadio José María Minella,Mar del Plata,Argentina,T-28,France,FRA,T-34,Hungary,HUN,31,3.0,1.0,2.0,-2.0,0.0,0.0,0-0,0.0,0.0,home team win,1.0,0.0,0.0,24630,https://sofifa.com/player/24630/jose-manuel-reina-paez/20/159586,Pepe Reina,José Manuel  Reina Páez,36,1982-08-31,188,92,Spain,Milan,GK,Right,SUB,25.0
288.0,WC-1978,1978 FIFA World Cup,M-1978-18,Poland v Mexico,group stage,Group 2,1.0,0.0,0.0,0.0,6/10/1978,16:45,S-006,Estadio Gigante de Arroyito,Rosario,Argentina,T-55,Poland,POL,T-44,Mexico,MEX,31,3.0,1.0,2.0,-2.0,0.0,0.0,0-0,0.0,0.0,home team win,1.0,0.0,0.0,53302,https://sofifa.com/player/53302/daniele-de-rossi/20/159586,D. De Rossi,Daniele De Rossi,35,1983-07-24,184,83,Italy,Boca Juniors,CDM,Right,LCM,16.0
289.0,WC-1978,1978 FIFA World Cup,M-1978-19,West Germany v Tunisia,group stage,Group 2,1.0,0.0,0.0,0.0,6/10/1978,16:45,S-003,Estadio Chateau Carreras,Córdoba,Argentina,T-83,West Germany,DEU,T-76,Tunisia,TUN,00,0.0,0.0,0.0,0.0,0.0,0.0,0-0,0.0,0.0,draw,0.0,0.0,1.0,106231,https://sofifa.com/player/106231/aritz-aduriz-zubeldia/20/159586,Aduriz,Aritz Aduriz Zubeldia,38,1981-02-11,182,78,Spain,Athletic Club de Bilbao,ST,Right,ST,20.0
290.0,WC-1978,1978 FIFA World Cup,M-1978-20,Argentina v Italy,group stage,Group 1,1.0,0.0,0.0,0.0,6/10/1978,19:15,S-002,Estadio Monumental,Buenos Aires,Argentina,T-03,Argentina,ARG,T-39,Italy,ITA,01,0.0,1.0,-1.0,1.0,0.0,0.0,0-0,0.0,0.0,away team win,0.0,1.0,0.0,146536,https://sofifa.com/player/146536/jesus-navas-gonzalez/20/159586,Jesús Navas,Jesús Navas González,33,1985-11-21,170,60,Spain,Sevilla FC,"RM, RB",Right,RB,16.0
291.0,WC-1978,1978 FIFA World Cup,M-1978-21,Brazil v Austria,group stage,Group 3,1.0,0.0,0.0,0.0,6/11/1978,13:45,S-004,Estadio José María Minella,Mar del Plata,Argentina,T-09,Brazil,BRA,T-05,Austria,AUT,10,1.0,0.0,1.0,-1.0,0.0,0.0,0-0,0.0,0.0,home team win,1.0,0.0,0.0,146562,https://sofifa.com/player/146562/santiago-cazorla-gonzalez/20/159586,Santi Cazorla,Santiago Cazorla González,34,1984-12-13,168,65,Spain,Villarreal CF,"CM, CDM, LM",Right,CAM,8.0
292.0,WC-1978,1978 FIFA World Cup,M-1978-22,Spain v Sweden,group stage,Group 3,1.0,0.0,0.0,0.0,6/11/1978,13:45,S-001,Estadio José Amalfitani,Buenos Aires,Argentina,T-71,Spain,ESP,T-72,Sweden,SWE,10,1.0,0.0,1.0,-1.0,0.0,0.0,0-0,0.0,0.0,home team win,1.0,0.0,0.0,156519,https://sofifa.com/player/156519/hector-herrera/20/159586,H. Herrera,Héctor Miguel Herrera López,29,1990-04-19,185,80,Mexico,Atlético Madrid,CM,Right,SUB,16.0
293.0,WC-1978,1978 FIFA World Cup,M-1978-23,Peru v Iran,group stage,Group 4,1.0,0.0,0.0,0.0,6/11/1978,16:45,S-003,Estadio Chateau Carreras,Córdoba,Argentina,T-54,Peru,PER,T-36,Iran,IRN,41,4.0,1.0,3.0,-3.0,0.0,0.0,0-0,0.0,0.0,home team win,1.0,0.0,0.0,158963,https://sofifa.com/player/158963/lucas-biglia/20/159586,L. Biglia,Lucas Rodrigo Biglia,33,1986-01-30,178,63,Argentina,Milan,"CDM, CM",Right,CM,21.0
294.0,WC-1978,1978 FIFA World Cup,M-1978-24,Scotland v Netherlands,group stage,Group 4,1.0,0.0,0.0,0.0,6/11/1978,16:45,S-005,Estadio Ciudad de Mendoza,Mendoza,Argentina,T-62,Scotland,SCO,T-46,Netherlands,NLD,32,3.0,2.0,1.0,-1.0,0.0,0.0,0-0,0.0,0.0,home team win,1.0,0.0,0.0,164835,https://sofifa.com/player/164835/lukasz-fabianski/20/159586,L. Fabiański,Łukasz Fabiański,34,1985-04-18,190,83,Poland,West Ham United,GK,Right,GK,1.0
295.0,WC-1978,1978 FIFA World Cup,M-1978-25,Austria v Netherlands,second group stage,Group A,1.0,0.0,0.0,0.0,6/14/1978,13:45,S-003,Estadio Chateau Carreras,Córdoba,Argentina,T-05,Austria,AUT,T-46,Netherlands,NLD,15,1.0,5.0,-4.0,4.0,0.0,0.0,0-0,0.0,0.0,away team win,0.0,1.0,0.0,168354,https://sofifa.com/player/168354/emiliano-viviano/20/159586,E. Viviano,Emiliano Viviano,33,1985-12-01,195,90,Italy,Sporting CP,GK,Left,RES,58.0
296.0,WC-1978,1978 FIFA World Cup,M-1978-26,Italy v West Germany,second group stage,Group A,1.0,0.0,0.0,0.0,6/14/1978,13:45,S-002,Estadio Monumental,Buenos Aires,Argentina,T-39,Italy,ITA,T-83,West Germany,DEU,00,0.0,0.0,0.0,0.0,0.0,0.0,0-0,0.0,0.0,draw,0.0,0.0,1.0,178088,https://sofifa.com/player/178088/juan-manuel-mata-garcia/20/159586,Juan Mata,Juan Manuel Mata García,31,1988-04-28,170,63,Spain,Manchester United,"CAM, RM",Left,SUB,8.0
297.0,WC-1978,1978 FIFA World Cup,M-1978-27,Brazil v Peru,second group stage,Group B,1.0,0.0,0.0,0.0,6/14/1978,16:45,S-005,Estadio Ciudad de Mendoza,Mendoza,Argentina,T-09,Brazil,BRA,T-54,Peru,PER,30,3.0,0.0,3.0,-3.0,0.0,0.0,0-0,0.0,0.0,home team win,1.0,0.0,0.0,178509,https://sofifa.com/player/178509/olivier-giroud/20/159586,O. Giroud,Olivier Giroud,32,1986-09-30,193,92,France,Chelsea,ST,Left,SUB,18.0
298.0,WC-1978,1978 FIFA World Cup,M-1978-28,Argentina v Poland,second group stage,Group B,1.0,0.0,0.0,0.0,6/14/1978,19:15,S-006,Estadio Gigante de Arroyito,Rosario,Argentina,T-03,Argentina,ARG,T-55,Poland,POL,20,2.0,0.0,2.0,-2.0,0.0,0.0,0-0,0.0,0.0,home team win,1.0,0.0,0.0,179645,https://sofifa.com/player/179645/simon-kjaer/20/159586,S. Kjær,Simon Thorup Kjær,30,1989-03-26,191,84,Denmark,Sevilla FC,CB,Right,RCB,4.0
299.0,WC-1978,1978 FIFA World Cup,M-1978-29,Peru v Poland,second group stage,Group B,1.0,0.0,0.0,0.0,6/18/1978,13:45,S-005,Estadio Ciudad de Mendoza,Mendoza,Argentina,T-54,Peru,PER,T-55,Poland,POL,01,0.0,1.0,-1.0,1.0,0.0,0.0,0-0,0.0,0.0,away team win,0.0,1.0,0.0,180403,https://sofifa.com/player/180403/willian-borges-da-silva/20/159586,Willian,Willian Borges da Silva,30,1988-08-09,175,78,Brazil,Chelsea,"RW, LW",Right,SUB,10.0
300.0,WC-1978,1978 FIFA World Cup,M-1978-30,Italy v Austria,second group stage,Group A,1.0,0.0,0.0,0.0,6/18/1978,16:45,S-002,Estadio Monumental,Buenos Aires,Argentina,T-39,Italy,ITA,T-05,Austria,AUT,10,1.0,0.0,1.0,-1.0,0.0,0.0,0-0,0.0,0.0,home team win,1.0,0.0,0.0,181786,https://sofifa.com/player/181786/vedran-corluka/20/159586,V. Ćorluka,Vedran Ćorluka,33,1986-02-05,192,84,Croatia,Lokomotiv Moscow,CB,Right,LCB,14.0
301.0,WC-1978,1978 FIFA World Cup,M-1978-31,Netherlands v West Germany,second group stage,Group A,1.0,0.0,0.0,0.0,6/18/1978,16:45,S-003,Estadio Chateau Carreras,Córdoba,Argentina,T-46,Netherlands,NLD,T-83,West Germany,DEU,22,2.0,2.0,0.0,0.0,0.0,0.0,0-0,0.0,0.0,draw,0.0,0.0,1.0,184200,https://sofifa.com/player/184200/marko-arnautovic/20/159586,M. Arnautović,Marko Arnautović,30,1989-04-19,192,83,Austria,Shanghai SIPG FC,ST,Right,ST,7.0
302.0,WC-1978,1978 FIFA World Cup,M-1978-32,Argentina v Brazil,second group stage,Group B,1.0,0.0,0.0,0.0,6/18/1978,19:15,S-006,Estadio Gigante de Arroyito,Rosario,Argentina,T-03,Argentina,ARG,T-09,Brazil,BRA,00,0.0,0.0,0.0,0.0,0.0,0.0,0-0,0.0,0.0,draw,0.0,0.0,1.0,184941,https://sofifa.com/player/184941/alexis-sanchez/20/159586,A. Sánchez,Alexis Alejandro Sánchez Sánchez,30,1988-12-19,169,62,Chile,Manchester United,"LW, LM",Right,SUB,7.0
303.0,WC-1978,1978 FIFA World Cup,M-1978-33,Austria v West Germany,second group stage,Group A,1.0,0.0,0.0,0.0,6/21/1978,13:45,S-003,Estadio Chateau Carreras,Córdoba,Argentina,T-05,Austria,AUT,T-83,West Germany,DEU,32,3.0,2.0,1.0,-1.0,0.0,0.0,0-0,0.0,0.0,home team win,1.0,0.0,0.0,184942,https://sofifa.com/player/184942/giuliano-victor-de-paula/20/159586,Giuliano,Giuliano Victor de Paula,29,1990-05-31,172,68,Brazil,Al Nassr,CAM,Right,CAM,77.0
304.0,WC-1978,1978 FIFA World Cup,M-1978-34,Italy v Netherlands,second group stage,Group A,1.0,0.0,0.0,0.0,6/21/1978,13:45,S-002,Estadio Monumental,Buenos Aires,Argentina,T-39,Italy,ITA,T-46,Netherlands,NLD,12,1.0,2.0,-1.0,1.0,0.0,0.0,0-0,0.0,0.0,away team win,0.0,1.0,0.0,185103,https://sofifa.com/player/185103/aleksandar-kolarov/20/159586,A. Kolarov,Aleksandar Kolarov,33,1985-11-10,187,81,Serbia,Roma,LB,Left,LB,11.0
305.0,WC-1978,1978 FIFA World Cup,M-1978-35,Brazil v Poland,second group stage,Group B,1.0,0.0,0.0,0.0,6/21/1978,16:45,S-005,Estadio Ciudad de Mendoza,Mendoza,Argentina,T-09,Brazil,BRA,T-55,Poland,POL,31,3.0,1.0,2.0,-2.0,0.0,0.0,0-0,0.0,0.0,home team win,1.0,0.0,0.0,186627,https://sofifa.com/player/186627/mario-balotelli/20/159586,M. Balotelli,Mario  Barwuah Balotelli,28,1990-08-12,189,88,Italy,Brescia,ST,Right,RS,45.0
306.0,WC-1978,1978 FIFA World Cup,M-1978-36,Argentina v Peru,second group stage,Group B,1.0,0.0,0.0,0.0,6/21/1978,19:15,S-006,Estadio Gigante de Arroyito,Rosario,Argentina,T-03,Argentina,ARG,T-54,Peru,PER,60,6.0,0.0,6.0,-6.0,0.0,0.0,0-0,0.0,0.0,home team win,1.0,0.0,0.0,187754,https://sofifa.com/player/187754/marlos-romero-bonfim/20/159586,Marlos,Marlos Romero Bonfim,31,1988-06-07,174,69,Ukraine,Shakhtar Donetsk,"RM, CAM",Left,RAM,11.0
307.0,WC-1978,1978 FIFA World Cup,M-1978-37,Brazil v Italy,third-place match,not applicable,0.0,1.0,0.0,0.0,6/24/1978,15:00,S-002,Estadio Monumental,Buenos Aires,Argentina,T-09,Brazil,BRA,T-39,Italy,ITA,21,2.0,1.0,1.0,-1.0,0.0,0.0,0-0,0.0,0.0,home team win,1.0,0.0,0.0,188803,https://sofifa.com/player/188803/taison-barcellos-freda/20/159586,Taison,Taison Barcellos Freda,31,1988-01-13,172,64,Brazil,Shakhtar Donetsk,"CAM, LM",Right,LAM,7.0
308.0,WC-1978,1978 FIFA World Cup,M-1978-38,Argentina v Netherlands,final,not applicable,0.0,1.0,0.0,0.0,6/25/1978,15:00,S-002,Estadio Monumental,Buenos Aires,Argentina,T-03,Argentina,ARG,T-46,Netherlands,NLD,31,3.0,1.0,2.0,-2.0,1.0,0.0,0-0,0.0,0.0,home team win,1.0,0.0,0.0,189068,https://sofifa.com/player/189068/bas-dost/20/159586,B. Dost,Bas Dost,30,1989-05-31,196,89,Netherlands,Sporting CP,ST,Right,SUB,28.0
309.0,WC-1982,1982 FIFA World Cup,M-1982-01,Argentina v Belgium,group stage,Group 3,1.0,0.0,0.0,0.0,6/13/1982,20:00,S-149,Camp Nou,Barcelona,Spain,T-03,Argentina,ARG,T-06,Belgium,BEL,01,0.0,1.0,-1.0,1.0,0.0,0.0,0-0,0.0,0.0,away team win,0.0,1.0,0.0,189125,https://sofifa.com/player/189125/giacomo-bonaventura/20/159586,G. Bonaventura,Giacomo Bonaventura,29,1989-08-22,181,75,Italy,Milan,"CM, LW",Right,SUB,5.0
310.0,WC-1982,1982 FIFA World Cup,M-1982-02,Italy v Poland,group stage,Group 1,1.0,0.0,0.0,0.0,6/14/1982,17:15,S-162,Balaídos,Vigo,Spain,T-39,Italy,ITA,T-55,Poland,POL,00,0.0,0.0,0.0,0.0,0.0,0.0,0-0,0.0,0.0,draw,0.0,0.0,1.0,189505,https://sofifa.com/player/189505/pedro-rodriguez-ledesma/20/159586,Pedro,Pedro Eliezer Rodríguez Ledesma,31,1987-07-28,169,65,Spain,Chelsea,"RW, LW",Right,RW,11.0
311.0,WC-1982,1982 FIFA World Cup,M-1982-03,Brazil v Soviet Union,group stage,Group 6,1.0,0.0,0.0,0.0,6/14/1982,21:00,S-159,Estadio Ramón Sánchez Pizjuán,Seville,Spain,T-09,Brazil,BRA,T-70,Soviet Union,SUN,21,2.0,1.0,1.0,-1.0,0.0,0.0,0-0,0.0,0.0,home team win,1.0,0.0,0.0,189805,https://sofifa.com/player/189805/luuk-de-jong/20/159586,L. de Jong,Luuk de Jong,28,1990-08-27,188,86,Netherlands,Sevilla FC,ST,Right,ST,19.0
312.0,WC-1982,1982 FIFA World Cup,M-1982-04,Peru v Cameroon,group stage,Group 1,1.0,0.0,0.0,0.0,6/15/1982,17:15,S-147,Estadio Riazor,A Coruña,Spain,T-54,Peru,PER,T-11,Cameroon,CMR,00,0.0,0.0,0.0,0.0,0.0,0.0,0-0,0.0,0.0,draw,0.0,0.0,1.0,190813,https://sofifa.com/player/190813/stephan-el-shaarawy/20/159586,S. El Shaarawy,Stephan El Shaarawy,26,1992-10-27,178,72,Italy,Shanghai Greenland Shenhua FC,LW,Right,LW,22.0
313.0,WC-1982,1982 FIFA World Cup,M-1982-05,Hungary v El Salvador,group stage,Group 3,1.0,0.0,0.0,0.0,6/15/1982,21:00,S-152,Nuevo Estadio,Elche,Spain,T-34,Hungary,HUN,T-26,El Salvador,SLV,101,10.0,1.0,9.0,-9.0,0.0,0.0,0-0,0.0,0.0,home team win,1.0,0.0,0.0,191740,https://sofifa.com/player/191740/ander-herrera-aguera/20/159586,Ander Herrera,Ander Herrera Agüera,29,1989-08-14,182,73,Spain,Paris Saint-Germain,"CM, CDM",Right,LCM,21.0
314.0,WC-1982,1982 FIFA World Cup,M-1982-06,Scotland v New Zealand,group stage,Group 6,1.0,0.0,0.0,0.0,6/15/1982,21:00,S-156,Estadio La Rosaleda,Málaga,Spain,T-62,Scotland,SCO,T-47,New Zealand,NZL,52,5.0,2.0,3.0,-3.0,0.0,0.0,0-0,0.0,0.0,home team win,1.0,0.0,0.0,193348,https://sofifa.com/player/193348/xherdan-shaqiri/20/159586,X. Shaqiri,Xherdan Shaqiri,27,1991-10-10,169,72,Switzerland,Liverpool,"RW, RM",Left,SUB,23.0
315.0,WC-1982,1982 FIFA World Cup,M-1982-07,West Germany v Algeria,group stage,Group 2,1.0,0.0,0.0,0.0,6/16/1982,17:15,S-153,Estadio El Molinón,Gijón,Spain,T-83,West Germany,DEU,T-01,Algeria,DZA,12,1.0,2.0,-1.0,1.0,0.0,0.0,0-0,0.0,0.0,away team win,0.0,1.0,0.0,193525,https://sofifa.com/player/193525/mario-figueira-fernandes/20/159586,Mário Fernandes,Mário Figueira Fernandes,28,1990-09-19,187,80,Russia,PFC CSKA Moscow,"RWB, RM",Right,RM,2.0
316.0,WC-1982,1982 FIFA World Cup,M-1982-08,England v France,group stage,Group 4,1.0,0.0,0.0,0.0,6/16/1982,17:15,S-151,Estadio San Mamés,Bilbao,Spain,T-27,England,ENG,T-28,France,FRA,31,3.0,1.0,2.0,-2.0,0.0,0.0,0-0,0.0,0.0,home team win,1.0,0.0,0.0,197655,https://sofifa.com/player/197655/sebastian-coates/20/159586,S. Coates,Sebastián Coates Nión,28,1990-10-07,196,92,Uruguay,Sporting CP,CB,Right,RCB,4.0
317.0,WC-1982,1982 FIFA World Cup,M-1982-09,Spain v Honduras,group stage,Group 5,1.0,0.0,0.0,0.0,6/16/1982,21:00,S-160,Estadio Luis Casanova,Valencia,Spain,T-71,Spain,ESP,T-33,Honduras,HND,11,1.0,1.0,0.0,0.0,0.0,0.0,0-0,0.0,0.0,draw,0.0,0.0,1.0,198951,https://sofifa.com/player/198951/cedric-bakambu/20/159586,C. Bakambu,Cédric Bakambu,28,1991-04-11,182,74,DR Congo,Beijing Sinobo Guoan FC,ST,Right,RS,17.0
318.0,WC-1982,1982 FIFA World Cup,M-1982-10,Chile v Austria,group stage,Group 2,1.0,0.0,0.0,0.0,6/17/1982,17:15,S-157,Estadio Carlos Tartiere,Oviedo,Spain,T-13,Chile,CHL,T-05,Austria,AUT,01,0.0,1.0,-1.0,1.0,0.0,0.0,0-0,0.0,0.0,away team win,0.0,1.0,0.0,202371,https://sofifa.com/player/202371/thomas-meunier/20/159586,T. Meunier,Thomas Meunier,27,1991-09-12,191,90,Belgium,Paris Saint-Germain,"RB, RM",Right,SUB,12.0
319.0,WC-1982,1982 FIFA World Cup,M-1982-11,Czechoslovakia v Kuwait,group stage,Group 4,1.0,0.0,0.0,0.0,6/17/1982,17:15,S-161,Estadio José Zorrilla,Valladolid,Spain,T-20,Czechoslovakia,CSK,T-43,Kuwait,KWT,11,1.0,1.0,0.0,0.0,0.0,0.0,0-0,0.0,0.0,draw,0.0,0.0,1.0,202857,https://sofifa.com/player/202857/karim-bellarabi/20/159586,K. Bellarabi,Karim Bellarabi,29,1990-04-08,184,81,Germany,Bayer 04 Leverkusen,RW,Right,SUB,38.0
320.0,WC-1982,1982 FIFA World Cup,M-1982-12,Yugoslavia v Northern Ireland,group stage,Group 5,1.0,0.0,0.0,0.0,6/17/1982,21:00,S-163,Estadio La Romareda,Zaragoza,Spain,T-84,Yugoslavia,YUG,T-50,Northern Ireland,NIR,00,0.0,0.0,0.0,0.0,0.0,0.0,0-0,0.0,0.0,draw,0.0,0.0,1.0,207494,https://sofifa.com/player/207494/jesse-lingard/20/159586,J. Lingard,Jesse Lingard,26,1992-12-15,175,62,England,Manchester United,"CAM, RW",Right,CAM,14.0
321.0,WC-1982,1982 FIFA World Cup,M-1982-13,Italy v Peru,group stage,Group 1,1.0,0.0,0.0,0.0,6/18/1982,17:15,S-162,Balaídos,Vigo,Spain,T-39,Italy,ITA,T-54,Peru,PER,11,1.0,1.0,0.0,0.0,0.0,0.0,0-0,0.0,0.0,draw,0.0,0.0,1.0,208808,https://sofifa.com/player/208808/quincy-promes/20/159586,Q. Promes,Quincy Anton Promes,27,1992-01-04,174,72,Netherlands,Ajax,"LW, RW",Right,SUB,11.0
322.0,WC-1982,1982 FIFA World Cup,M-1982-14,Argentina v Hungary,group stage,Group 3,1.0,0.0,0.0,0.0,6/18/1982,21:00,S-148,Estadio José Rico Pérez,Alicante,Spain,T-03,Argentina,ARG,T-34,Hungary,HUN,41,4.0,1.0,3.0,-3.0,0.0,0.0,0-0,0.0,0.0,home team win,1.0,0.0,0.0,208830,https://sofifa.com/player/208830/jamie-vardy/20/159586,J. Vardy,Jamie Vardy,32,1987-01-11,179,74,England,Leicester City,ST,Right,ST,9.0
323.0,WC-1982,1982 FIFA World Cup,M-1982-15,Brazil v Scotland,group stage,Group 6,1.0,0.0,0.0,0.0,6/18/1982,21:00,S-158,Estadio Benito Villamarín,Seville,Spain,T-09,Brazil,BRA,T-62,Scotland,SCO,41,4.0,1.0,3.0,-3.0,0.0,0.0,0-0,0.0,0.0,home team win,1.0,0.0,0.0,215333,https://sofifa.com/player/215333/duvan-zapata/20/159586,D. Zapata,Duván Zapata,28,1991-04-01,189,88,Colombia,Atalanta,ST,Right,LS,91.0
324.0,WC-1982,1982 FIFA World Cup,M-1982-16,Poland v Cameroon,group stage,Group 1,1.0,0.0,0.0,0.0,6/19/1982,17:15,S-147,Estadio Riazor,A Coruña,Spain,T-55,Poland,POL,T-11,Cameroon,CMR,00,0.0,0.0,0.0,0.0,0.0,0.0,0-0,0.0,0.0,draw,0.0,0.0,1.0,216475,https://sofifa.com/player/216475/jose-luis-morales-nogales/20/159586,Morales,José Luis Morales Nogales,31,1987-07-23,180,70,Spain,Levante UD,"ST, LM",Right,LW,11.0
325.0,WC-1982,1982 FIFA World Cup,M-1982-17,Belgium v El Salvador,group stage,Group 3,1.0,0.0,0.0,0.0,6/19/1982,21:00,S-152,Nuevo Estadio,Elche,Spain,T-06,Belgium,BEL,T-26,El Salvador,SLV,10,1.0,0.0,1.0,-1.0,0.0,0.0,0-0,0.0,0.0,home team win,1.0,0.0,0.0,230168,https://sofifa.com/player/230168/raphael-william-anjos-rochedo/20/159586,Raphaelito Anjos,Raphael William Anjos Rochedo,31,1988-02-29,190,85,Brazil,Grêmio,GK,Right,GK,1.0
326.0,WC-1982,1982 FIFA World Cup,M-1982-18,Soviet Union v New Zealand,group stage,Group 6,1.0,0.0,0.0,0.0,6/19/1982,21:00,S-156,Estadio La Rosaleda,Málaga,Spain,T-70,Soviet Union,SUN,T-47,New Zealand,NZL,30,3.0,0.0,3.0,-3.0,0.0,0.0,0-0,0.0,0.0,home team win,1.0,0.0,0.0,230225,https://sofifa.com/player/230225/juan-everton-mestres-de-mesquita/20/159586,Juiano Mestres,Juan Everton Mestres de Mesquita,35,1984-02-29,181,82,Brazil,Cruzeiro,"CB, CDM",Right,RCB,3.0
327.0,WC-1982,1982 FIFA World Cup,M-1982-19,West Germany v Chile,group stage,Group 2,1.0,0.0,0.0,0.0,6/20/1982,17:15,S-153,Estadio El Molinón,Gijón,Spain,T-83,West Germany,DEU,T-13,Chile,CHL,41,4.0,1.0,3.0,-3.0,0.0,0.0,0-0,0.0,0.0,home team win,1.0,0.0,0.0,230258,https://sofifa.com/player/230258/rosberto-j-dourado-santos/20/159586,Rosberto Dourado,Rosberto J. Dourado Santos,31,1988-02-29,175,70,Brazil,Atlético Mineiro,"CDM, CM, CAM",Right,RDM,6.0
328.0,WC-1982,1982 FIFA World Cup,M-1982-20,England v Czechoslovakia,group stage,Group 4,1.0,0.0,0.0,0.0,6/20/1982,17:15,S-151,Estadio San Mamés,Bilbao,Spain,T-27,England,ENG,T-20,Czechoslovakia,CSK,20,2.0,0.0,2.0,-2.0,0.0,0.0,0-0,0.0,0.0,home team win,1.0,0.0,0.0,245309,https://sofifa.com/player/245309/egidio-maestre-schetino/20/159586,E. Schetino,Egidio Maestre Schetino,27,1992-02-29,185,80,Uruguay,Uruguay,CB,Right,Unknown,11.0
329.0,WC-1982,1982 FIFA World Cup,M-1982-21,Spain v Yugoslavia,group stage,Group 5,1.0,0.0,0.0,0.0,6/20/1982,21:00,S-160,Estadio Luis Casanova,Valencia,Spain,T-71,Spain,ESP,T-84,Yugoslavia,YUG,21,2.0,1.0,1.0,-1.0,0.0,0.0,0-0,0.0,0.0,home team win,1.0,0.0,0.0,245313,https://sofifa.com/player/245313/jose-maria-sildero/20/159586,J. Sildero,José María Sildero,27,1992-02-29,177,75,Uruguay,Uruguay,"CAM, RM",Right,Unknown,11.0
330.0,WC-1982,1982 FIFA World Cup,M-1982-22,Algeria v Austria,group stage,Group 2,1.0,0.0,0.0,0.0,6/21/1982,17:15,S-157,Estadio Carlos Tartiere,Oviedo,Spain,T-01,Algeria,DZA,T-05,Austria,AUT,02,0.0,2.0,-2.0,2.0,0.0,0.0,0-0,0.0,0.0,away team win,0.0,1.0,0.0,231478,https://sofifa.com/player/231478/lautaro-martinez/20/159586,L. Martínez,Lautaro Martínez,21,1997-08-22,174,81,Argentina,Inter,ST,Right,RS,10.0
331.0,WC-1982,1982 FIFA World Cup,M-1982-23,France v Kuwait,group stage,Group 4,1.0,0.0,0.0,0.0,6/21/1982,17:15,S-161,Estadio José Zorrilla,Valladolid,Spain,T-28,France,FRA,T-43,Kuwait,KWT,41,4.0,1.0,3.0,-3.0,0.0,0.0,0-0,0.0,0.0,home team win,1.0,0.0,0.0,234906,https://sofifa.com/player/234906/houssem-aouar/20/159586,H. Aouar,Houssem Aouar,21,1998-06-30,175,70,France,Olympique Lyonnais,CM,Right,LCM,8.0
332.0,WC-1982,1982 FIFA World Cup,M-1982-24,Honduras v Northern Ireland,group stage,Group 5,1.0,0.0,0.0,0.0,6/21/1982,21:00,S-163,Estadio La Romareda,Zaragoza,Spain,T-33,Honduras,HND,T-50,Northern Ireland,NIR,11,1.0,1.0,0.0,0.0,0.0,0.0,0-0,0.0,0.0,draw,0.0,0.0,1.0,235569,https://sofifa.com/player/235569/tanguy-ndombele/20/159586,T. Ndombele,Tanguy NDombèlé Alvaro,22,1996-12-28,181,76,France,Tottenham Hotspur,"CM, CDM",Right,LDM,28.0
333.0,WC-1982,1982 FIFA World Cup,M-1982-25,Poland v Peru,group stage,Group 1,1.0,0.0,0.0,0.0,6/22/1982,17:15,S-147,Estadio Riazor,A Coruña,Spain,T-55,Poland,POL,T-54,Peru,PER,51,5.0,1.0,4.0,-4.0,0.0,0.0,0-0,0.0,0.0,home team win,1.0,0.0,0.0,240130,https://sofifa.com/player/240130/eder-gabriel-militao/20/159586,Éder Militão,Éder Gabriel Militão,21,1998-01-18,186,78,Brazil,Real Madrid,"CB, RB",Right,SUB,3.0
334.0,WC-1982,1982 FIFA World Cup,M-1982-26,Belgium v Hungary,group stage,Group 3,1.0,0.0,0.0,0.0,6/22/1982,21:00,S-152,Nuevo Estadio,Elche,Spain,T-06,Belgium,BEL,T-34,Hungary,HUN,11,1.0,1.0,0.0,0.0,0.0,0.0,0-0,0.0,0.0,draw,0.0,0.0,1.0,205659,https://sofifa.com/player/205659/alessio-cragno/20/159586,A. Cragno,Alessio Cragno,25,1994-06-28,184,78,Italy,Cagliari,GK,Right,GK,28.0
335.0,WC-1982,1982 FIFA World Cup,M-1982-27,Soviet Union v Scotland,group stage,Group 6,1.0,0.0,0.0,0.0,6/22/1982,21:00,S-156,Estadio La Rosaleda,Málaga,Spain,T-70,Soviet Union,SUN,T-62,Scotland,SCO,22,2.0,2.0,0.0,0.0,0.0,0.0,0-0,0.0,0.0,draw,0.0,0.0,1.0,221363,https://sofifa.com/player/221363/donny-van-de-beek/20/159586,D. van de Beek,Donny van de Beek,22,1997-04-18,184,74,Netherlands,Ajax,"CAM, CM",Right,CAM,6.0
336.0,WC-1982,1982 FIFA World Cup,M-1982-28,Italy v Cameroon,group stage,Group 1,1.0,0.0,0.0,0.0,6/23/1982,17:15,S-162,Balaídos,Vigo,Spain,T-39,Italy,ITA,T-11,Cameroon,CMR,11,1.0,1.0,0.0,0.0,0.0,0.0,0-0,0.0,0.0,draw,0.0,0.0,1.0,221660,https://sofifa.com/player/221660/victor-lindelof/20/159586,V. Lindelöf,Victor Nilsson Lindelöf,24,1994-07-17,187,80,Sweden,Manchester United,CB,Right,RCB,2.0
337.0,WC-1982,1982 FIFA World Cup,M-1982-29,Argentina v El Salvador,group stage,Group 3,1.0,0.0,0.0,0.0,6/23/1982,21:00,S-148,Estadio José Rico Pérez,Alicante,Spain,T-03,Argentina,ARG,T-26,El Salvador,SLV,20,2.0,0.0,2.0,-2.0,0.0,0.0,0-0,0.0,0.0,home team win,1.0,0.0,0.0,222509,https://sofifa.com/player/222509/daniel-ceballos-fernandez/20/159586,Dani Ceballos,Daniel Ceballos Fernández,22,1996-08-07,179,70,Spain,Arsenal,"CM, LM, CDM",Right,SUB,8.0
338.0,WC-1982,1982 FIFA World Cup,M-1982-30,Brazil v New Zealand,group stage,Group 6,1.0,0.0,0.0,0.0,6/23/1982,21:00,S-158,Estadio Benito Villamarín,Seville,Spain,T-09,Brazil,BRA,T-47,New Zealand,NZL,40,4.0,0.0,4.0,-4.0,0.0,0.0,0-0,0.0,0.0,home team win,1.0,0.0,0.0,226456,https://sofifa.com/player/226456/pablo-fornals-malla/20/159586,Pablo Fornals,Pablo Fornals Malla,23,1996-02-22,178,67,Spain,West Ham United,"CAM, CM, LM",Right,SUB,18.0
339.0,WC-1982,1982 FIFA World Cup,M-1982-31,Algeria v Chile,group stage,Group 2,1.0,0.0,0.0,0.0,6/24/1982,17:15,S-157,Estadio Carlos Tartiere,Oviedo,Spain,T-01,Algeria,DZA,T-13,Chile,CHL,32,3.0,2.0,1.0,-1.0,0.0,0.0,0-0,0.0,0.0,home team win,1.0,0.0,0.0,208333,https://sofifa.com/player/208333/emre-can/20/159586,E. Can,Emre Can,25,1994-01-12,184,82,Germany,Juventus,"CM, CDM",Right,RCM,23.0
340.0,WC-1982,1982 FIFA World Cup,M-1982-32,France v Czechoslovakia,group stage,Group 4,1.0,0.0,0.0,0.0,6/24/1982,17:15,S-161,Estadio José Zorrilla,Valladolid,Spain,T-28,France,FRA,T-20,Czechoslovakia,CSK,11,1.0,1.0,0.0,0.0,0.0,0.0,0-0,0.0,0.0,draw,0.0,0.0,1.0,211688,https://sofifa.com/player/211688/jose-luis-gaya-pena/20/159586,Gayà,José Luís Gayà Peña,24,1995-05-25,172,66,Spain,Valencia CF,LB,Left,LB,14.0
341.0,WC-1982,1982 FIFA World Cup,M-1982-33,Honduras v Yugoslavia,group stage,Group 5,1.0,0.0,0.0,0.0,6/24/1982,21:00,S-163,Estadio La Romareda,Zaragoza,Spain,T-33,Honduras,HND,T-84,Yugoslavia,YUG,01,0.0,1.0,-1.0,1.0,0.0,0.0,0-0,0.0,0.0,away team win,0.0,1.0,0.0,236632,https://sofifa.com/player/236632/david-neres-campos/20/159586,David Neres,David Neres Campos,22,1997-03-03,175,66,Brazil,Ajax,"LW, RW, CAM",Left,LAM,7.0
342.0,WC-1982,1982 FIFA World Cup,M-1982-34,West Germany v Austria,group stage,Group 2,1.0,0.0,0.0,0.0,6/25/1982,17:15,S-153,Estadio El Molinón,Gijón,Spain,T-83,West Germany,DEU,T-05,Austria,AUT,10,1.0,0.0,1.0,-1.0,0.0,0.0,0-0,0.0,0.0,home team win,1.0,0.0,0.0,210406,https://sofifa.com/player/210406/piotr-zielinski/20/159586,P. Zieliński,Piotr Zieliński,25,1994-05-20,180,75,Poland,Napoli,"CM, LM",Right,LM,20.0
343.0,WC-1982,1982 FIFA World Cup,M-1982-35,England v Kuwait,group stage,Group 4,1.0,0.0,0.0,0.0,6/25/1982,17:15,S-151,Estadio San Mamés,Bilbao,Spain,T-27,England,ENG,T-43,Kuwait,KWT,10,1.0,0.0,1.0,-1.0,0.0,0.0,0-0,0.0,0.0,home team win,1.0,0.0,0.0,215316,https://sofifa.com/player/215316/geronimo-rulli/20/159586,G. Rulli,Gerónimo Rulli,27,1992-05-20,189,84,Argentina,Montpellier HSC,GK,Right,GK,1.0
344.0,WC-1982,1982 FIFA World Cup,M-1982-36,Spain v Northern Ireland,group stage,Group 5,1.0,0.0,0.0,0.0,6/25/1982,21:00,S-160,Estadio Luis Casanova,Valencia,Spain,T-71,Spain,ESP,T-50,Northern Ireland,NIR,01,0.0,1.0,-1.0,1.0,0.0,0.0,0-0,0.0,0.0,away team win,0.0,1.0,0.0,199503,https://sofifa.com/player/199503/granit-xhaka/20/159586,G. Xhaka,Granit Xhaka,26,1992-09-27,185,82,Switzerland,Arsenal,"CM, CDM",Left,LDM,34.0
345.0,WC-1982,1982 FIFA World Cup,M-1982-37,Austria v France,second group stage,Group 4,1.0,0.0,0.0,0.0,6/28/1982,17:15,S-155,Vicente Calderón,Madrid,Spain,T-05,Austria,AUT,T-28,France,FRA,01,0.0,1.0,-1.0,1.0,0.0,0.0,0-0,0.0,0.0,away team win,0.0,1.0,0.0,201400,https://sofifa.com/player/201400/rafael-alcantara/20/159586,Rafinha,Rafael Alcântara do Nascimento,26,1993-02-12,174,71,Brazil,FC Barcelona,"CAM, CM, RW",Left,SUB,12.0
346.0,WC-1982,1982 FIFA World Cup,M-1982-38,Poland v Belgium,second group stage,Group 1,1.0,0.0,0.0,0.0,6/28/1982,21:00,S-149,Camp Nou,Barcelona,Spain,T-55,Poland,POL,T-06,Belgium,BEL,30,3.0,0.0,3.0,-3.0,0.0,0.0,0-0,0.0,0.0,home team win,1.0,0.0,0.0,201455,https://sofifa.com/player/201455/geoffrey-kondogbia/20/159586,G. Kondogbia,Geoffrey Kondogbia,26,1993-02-15,188,80,Central African Rep.,Valencia CF,"CM, CDM",Left,SUB,6.0
347.0,WC-1982,1982 FIFA World Cup,M-1982-39,Italy v Argentina,second group stage,Group 3,1.0,0.0,0.0,0.0,6/29/1982,17:15,S-150,Estadi de Sarrià,Barcelona,Spain,T-39,Italy,ITA,T-03,Argentina,ARG,21,2.0,1.0,1.0,-1.0,0.0,0.0,0-0,0.0,0.0,home team win,1.0,0.0,0.0,204923,https://sofifa.com/player/204923/marcel-sabitzer/20/159586,M. Sabitzer,Marcel Sabitzer,25,1994-03-17,177,77,Austria,RB Leipzig,"CAM, CM",Right,RCM,7.0
348.0,WC-1982,1982 FIFA World Cup,M-1982-40,West Germany v England,second group stage,Group 2,1.0,0.0,0.0,0.0,6/29/1982,21:00,S-154,Estadio Santiago Bernabéu,Madrid,Spain,T-83,West Germany,DEU,T-27,England,ENG,00,0.0,0.0,0.0,0.0,0.0,0.0,0-0,0.0,0.0,draw,0.0,0.0,1.0,205988,https://sofifa.com/player/205988/luke-shaw/20/159586,L. Shaw,Luke Shaw,23,1995-07-12,181,75,England,Manchester United,LB,Left,LB,23.0
349.0,WC-1982,1982 FIFA World Cup,M-1982-41,Austria v Northern Ireland,second group stage,Group 4,1.0,0.0,0.0,0.0,7/1/1982,17:15,S-155,Vicente Calderón,Madrid,Spain,T-05,Austria,AUT,T-50,Northern Ireland,NIR,22,2.0,2.0,0.0,0.0,0.0,0.0,0-0,0.0,0.0,draw,0.0,0.0,1.0,207877,https://sofifa.com/player/207877/josef-martinez/20/159586,J. Martínez,Josef Alexander Martínez,26,1993-05-19,170,69,Venezuela,Atlanta United,ST,Right,ST,7.0
350.0,WC-1982,1982 FIFA World Cup,M-1982-42,Belgium v Soviet Union,second group stage,Group 1,1.0,0.0,0.0,0.0,7/1/1982,21:00,S-149,Camp Nou,Barcelona,Spain,T-06,Belgium,BEL,T-70,Soviet Union,SUN,01,0.0,1.0,-1.0,1.0,0.0,0.0,0-0,0.0,0.0,away team win,0.0,1.0,0.0,208135,https://sofifa.com/player/208135/abdoulaye-doucoure/20/159586,A. Doucouré,Abdoulaye Doucouré,26,1993-01-01,184,76,France,Watford,"CDM, CM",Right,RDM,16.0
351.0,WC-1982,1982 FIFA World Cup,M-1982-43,Argentina v Brazil,second group stage,Group 3,1.0,0.0,0.0,0.0,7/2/1982,17:15,S-150,Estadi de Sarrià,Barcelona,Spain,T-03,Argentina,ARG,T-09,Brazil,BRA,13,1.0,3.0,-2.0,2.0,0.0,0.0,0-0,0.0,0.0,away team win,0.0,1.0,0.0,226790,https://sofifa.com/player/226790/wilfred-ndidi/20/159586,W. Ndidi,Onyinye Wilfred Ndidi,22,1996-12-16,183,74,Nigeria,Leicester City,"CDM, CM",Right,CDM,25.0
352.0,WC-1982,1982 FIFA World Cup,M-1982-44,West Germany v Spain,second group stage,Group 2,1.0,0.0,0.0,0.0,7/2/1982,21:00,S-154,Estadio Santiago Bernabéu,Madrid,Spain,T-83,West Germany,DEU,T-71,Spain,ESP,21,2.0,1.0,1.0,-1.0,0.0,0.0,0-0,0.0,0.0,home team win,1.0,0.0,0.0,200316,https://sofifa.com/player/200316/timo-horn/20/159586,T. Horn,Timo Horn,26,1993-05-12,192,90,Germany,1. FC Köln,GK,Left,GK,1.0
353.0,WC-1982,1982 FIFA World Cup,M-1982-45,France v Northern Ireland,second group stage,Group 4,1.0,0.0,0.0,0.0,7/4/1982,17:15,S-155,Vicente Calderón,Madrid,Spain,T-28,France,FRA,T-50,Northern Ireland,NIR,41,4.0,1.0,3.0,-3.0,0.0,0.0,0-0,0.0,0.0,home team win,1.0,0.0,0.0,204638,https://sofifa.com/player/204638/willi-orban/20/159586,W. Orban,Willi Orban,26,1992-11-03,186,83,Hungary,RB Leipzig,CB,Right,LCB,4.0
354.0,WC-1982,1982 FIFA World Cup,M-1982-46,Soviet Union v Poland,second group stage,Group 1,1.0,0.0,0.0,0.0,7/4/1982,21:00,S-149,Camp Nou,Barcelona,Spain,T-70,Soviet Union,SUN,T-55,Poland,POL,00,0.0,0.0,0.0,0.0,0.0,0.0,0-0,0.0,0.0,draw,0.0,0.0,1.0,206467,https://sofifa.com/player/206467/alassane-plea/20/159586,A. Plea,Alassane Plea,26,1993-03-10,181,79,France,Borussia Mönchengladbach,"ST, LW",Right,LS,14.0
355.0,WC-1982,1982 FIFA World Cup,M-1982-47,Italy v Brazil,second group stage,Group 3,1.0,0.0,0.0,0.0,7/5/1982,17:15,S-150,Estadi de Sarrià,Barcelona,Spain,T-39,Italy,ITA,T-09,Brazil,BRA,32,3.0,2.0,1.0,-1.0,0.0,0.0,0-0,0.0,0.0,home team win,1.0,0.0,0.0,207791,https://sofifa.com/player/207791/yussuf-poulsen/20/159586,Y. Poulsen,Yussuf Yurary Poulsen,25,1994-06-15,193,78,Denmark,RB Leipzig,ST,Right,RS,9.0
356.0,WC-1982,1982 FIFA World Cup,M-1982-48,Spain v England,second group stage,Group 2,1.0,0.0,0.0,0.0,7/5/1982,21:00,S-154,Estadio Santiago Bernabéu,Madrid,Spain,T-71,Spain,ESP,T-27,England,ENG,00,0.0,0.0,0.0,0.0,0.0,0.0,0-0,0.0,0.0,draw,0.0,0.0,1.0,207807,https://sofifa.com/player/207807/ryan-fraser/20/159586,R. Fraser,Ryan Fraser,25,1994-02-24,163,70,Scotland,Bournemouth,LM,Right,LM,24.0
357.0,WC-1982,1982 FIFA World Cup,M-1982-49,Poland v Italy,semi-finals,not applicable,0.0,1.0,0.0,0.0,7/8/1982,17:15,S-149,Camp Nou,Barcelona,Spain,T-55,Poland,POL,T-39,Italy,ITA,02,0.0,2.0,-2.0,2.0,0.0,0.0,0-0,0.0,0.0,away team win,0.0,1.0,0.0,207862,https://sofifa.com/player/207862/matthias-ginter/20/159586,M. Ginter,Matthias Ginter,25,1994-01-19,191,89,Germany,Borussia Mönchengladbach,"CB, CDM",Right,RCB,28.0
358.0,WC-1982,1982 FIFA World Cup,M-1982-50,West Germany v France,semi-finals,not applicable,0.0,1.0,0.0,0.0,7/8/1982,21:00,S-159,Estadio Ramón Sánchez Pizjuán,Seville,Spain,T-83,West Germany,DEU,T-28,France,FRA,33,3.0,3.0,0.0,0.0,1.0,1.0,54,5.0,4.0,home team win,1.0,0.0,0.0,209889,https://sofifa.com/player/209889/raphael-guerreiro/20/159586,R. Guerreiro,Raphaël Guerreiro,25,1993-12-22,170,71,Portugal,Borussia Dortmund,"LM, LB, CM",Left,SUB,13.0
359.0,WC-1982,1982 FIFA World Cup,M-1982-51,Poland v France,third-place match,not applicable,0.0,1.0,0.0,0.0,7/10/1982,20:00,S-148,Estadio José Rico Pérez,Alicante,Spain,T-55,Poland,POL,T-28,France,FRA,32,3.0,2.0,1.0,-1.0,0.0,0.0,0-0,0.0,0.0,home team win,1.0,0.0,0.0,212814,https://sofifa.com/player/212814/joao-mario-naval-costa-eduardo/20/159586,João Mário,João Mário Naval Costa Eduardo,26,1993-01-19,179,73,Portugal,Inter,"CAM, CM",Right,RES,15.0
360.0,WC-1982,1982 FIFA World Cup,M-1982-52,Italy v West Germany,final,not applicable,0.0,1.0,0.0,0.0,7/11/1982,20:00,S-154,Estadio Santiago Bernabéu,Madrid,Spain,T-39,Italy,ITA,T-83,West Germany,DEU,31,3.0,1.0,2.0,-2.0,0.0,0.0,0-0,0.0,0.0,home team win,1.0,0.0,0.0,213874,https://sofifa.com/player/213874/thiago-henrique-mendes-ribeiro/20/159586,Thiago Mendes,Thiago Henrique Mendes Ribeiro,27,1992-03-15,177,80,Brazil,Olympique Lyonnais,"CDM, CM",Right,RCM,12.0
361.0,WC-1986,1986 FIFA World Cup,M-1986-01,Bulgaria v Italy,group stage,Group A,1.0,0.0,0.0,0.0,5/31/1986,12:00,S-099,Estadio Azteca,Mexico City,Mexico,T-10,Bulgaria,BGR,T-39,Italy,ITA,11,1.0,1.0,0.0,0.0,0.0,0.0,0-0,0.0,0.0,draw,0.0,0.0,1.0,216145,https://sofifa.com/player/216145/armando-izzo/20/159586,A. Izzo,Armando Izzo,27,1992-03-02,183,78,Italy,Torino,CB,Right,RCB,5.0
362.0,WC-1986,1986 FIFA World Cup,M-1986-02,Spain v Brazil,group stage,Group D,1.0,0.0,0.0,0.0,6/1/1986,12:00,S-095,Estadio Jalisco,Guadalajara,Mexico,T-71,Spain,ESP,T-09,Brazil,BRA,01,0.0,1.0,-1.0,1.0,0.0,0.0,0-0,0.0,0.0,away team win,0.0,1.0,0.0,216352,https://sofifa.com/player/216352/marcelo-brozovic/20/159586,M. Brozović,Marcelo Brozović,26,1992-11-16,181,68,Croatia,Inter,"CDM, CM",Right,CDM,77.0
363.0,WC-1986,1986 FIFA World Cup,M-1986-03,Canada v France,group stage,Group C,1.0,0.0,0.0,0.0,6/1/1986,16:00,S-098,Estadio Nou Camp,León,Mexico,T-12,Canada,CAN,T-28,France,FRA,01,0.0,1.0,-1.0,1.0,0.0,0.0,0-0,0.0,0.0,away team win,0.0,1.0,0.0,190544,https://sofifa.com/player/190544/adem-ljajic/20/159586,A. Ljajić,Adem Ljajić,27,1991-09-29,182,74,Serbia,Beşiktaş JK,"CAM, LW",Right,CAM,22.0
364.0,WC-1986,1986 FIFA World Cup,M-1986-04,Argentina v South Korea,group stage,Group A,1.0,0.0,0.0,0.0,6/2/1986,12:00,S-100,Estadio Olímpico Universitario,Mexico City,Mexico,T-03,Argentina,ARG,T-69,South Korea,KOR,31,3.0,1.0,2.0,-2.0,0.0,0.0,0-0,0.0,0.0,home team win,1.0,0.0,0.0,193165,https://sofifa.com/player/193165/jesus-corona/20/159586,J. Corona,Jesús Corona,26,1993-01-06,173,62,Mexico,FC Porto,"RM, RB",Right,RM,17.0
365.0,WC-1986,1986 FIFA World Cup,M-1986-05,Soviet Union v Hungary,group stage,Group C,1.0,0.0,0.0,0.0,6/2/1986,12:00,S-097,Estadio Sergio León Chavez,Irapuato,Mexico,T-70,Soviet Union,SUN,T-34,Hungary,HUN,60,6.0,0.0,6.0,-6.0,0.0,0.0,0-0,0.0,0.0,home team win,1.0,0.0,0.0,199575,https://sofifa.com/player/199575/jordi-masip-lopez/20/159586,Jordi Masip,Jordi Masip López,30,1989-01-03,180,76,Spain,Real Valladolid CF,GK,Right,GK,1.0
366.0,WC-1986,1986 FIFA World Cup,M-1986-06,Morocco v Poland,group stage,Group F,1.0,0.0,0.0,0.0,6/2/1986,16:00,S-102,Estadio Universitario,Monterrey,Mexico,T-45,Morocco,MAR,T-55,Poland,POL,00,0.0,0.0,0.0,0.0,0.0,0.0,0-0,0.0,0.0,draw,0.0,0.0,1.0,204120,https://sofifa.com/player/204120/tomas-vaclik/20/159586,T. Vaclík,Tomáš Vaclík,30,1989-03-29,188,85,Czech Republic,Sevilla FC,GK,Right,GK,1.0
367.0,WC-1986,1986 FIFA World Cup,M-1986-07,Belgium v Mexico,group stage,Group B,1.0,0.0,0.0,0.0,6/3/1986,12:00,S-099,Estadio Azteca,Mexico City,Mexico,T-06,Belgium,BEL,T-44,Mexico,MEX,12,1.0,2.0,-1.0,1.0,0.0,0.0,0-0,0.0,0.0,away team win,0.0,1.0,0.0,206304,https://sofifa.com/player/206304/luka-milivojevic/20/159586,L. Milivojević,Luka Milivojević,28,1991-04-07,186,80,Serbia,Crystal Palace,"CDM, CM",Right,RCM,4.0
368.0,WC-1986,1986 FIFA World Cup,M-1986-08,Algeria v Northern Ireland,group stage,Group D,1.0,0.0,0.0,0.0,6/3/1986,12:00,S-096,Estadio Tres de Marzo,Guadalajara,Mexico,T-01,Algeria,DZA,T-50,Northern Ireland,NIR,11,1.0,1.0,0.0,0.0,0.0,0.0,0-0,0.0,0.0,draw,0.0,0.0,1.0,208093,https://sofifa.com/player/208093/gerard-moreno-balaguero/20/159586,Gerard Moreno,Gerard Moreno Balagueró,27,1992-04-07,180,77,Spain,Villarreal CF,"ST, CF",Left,ST,7.0
369.0,WC-1986,1986 FIFA World Cup,M-1986-09,Portugal v England,group stage,Group F,1.0,0.0,0.0,0.0,6/3/1986,16:00,S-101,Estadio Tecnológico,Monterrey,Mexico,T-56,Portugal,PRT,T-27,England,ENG,10,1.0,0.0,1.0,-1.0,0.0,0.0,0-0,0.0,0.0,home team win,1.0,0.0,0.0,223689,https://sofifa.com/player/223689/wout-weghorst/20/159586,W. Weghorst,Wout Weghorst,26,1992-08-07,197,84,Netherlands,VfL Wolfsburg,ST,Right,ST,9.0
370.0,WC-1986,1986 FIFA World Cup,M-1986-10,Paraguay v Iraq,group stage,Group B,1.0,0.0,0.0,0.0,6/4/1986,12:00,S-106,La Bombonera,Toluca,Mexico,T-53,Paraguay,PRY,T-37,Iraq,IRQ,10,1.0,0.0,1.0,-1.0,0.0,0.0,0-0,0.0,0.0,home team win,1.0,0.0,0.0,20775,https://sofifa.com/player/20775/ricardo-andrade-quaresma-bernardo/20/159586,Quaresma,Ricardo Andrade Quaresma Bernardo,35,1983-09-26,175,67,Portugal,Beşiktaş JK,"RM, LM",Right,RM,7.0
371.0,WC-1986,1986 FIFA World Cup,M-1986-11,Uruguay v West Germany,group stage,Group E,1.0,0.0,0.0,0.0,6/4/1986,12:00,S-105,Estadio La Corregidora,Querétaro,Mexico,T-81,Uruguay,URY,T-83,West Germany,DEU,11,1.0,1.0,0.0,0.0,0.0,0.0,0-0,0.0,0.0,draw,0.0,0.0,1.0,112316,https://sofifa.com/player/112316/jeremy-mathieu/20/159586,J. Mathieu,Jérémy Mathieu,35,1983-10-29,189,84,France,Sporting CP,CB,Left,LCB,22.0
372.0,WC-1986,1986 FIFA World Cup,M-1986-12,Scotland v Denmark,group stage,Group E,1.0,0.0,0.0,0.0,6/4/1986,16:00,S-103,Estadio Neza 86,Nezahualcóyotl,Mexico,T-62,Scotland,SCO,T-21,Denmark,DNK,01,0.0,1.0,-1.0,1.0,0.0,0.0,0-0,0.0,0.0,away team win,0.0,1.0,0.0,138412,https://sofifa.com/player/138412/james-milner/20/159586,J. Milner,James Philip Milner,33,1986-01-04,175,70,England,Liverpool,"CM, LB",Right,SUB,7.0
373.0,WC-1986,1986 FIFA World Cup,M-1986-13,Italy v Argentina,group stage,Group A,1.0,0.0,0.0,0.0,6/5/1986,12:00,S-104,Estadio Cuauhtémoc,Puebla,Mexico,T-39,Italy,ITA,T-03,Argentina,ARG,11,1.0,1.0,0.0,0.0,0.0,0.0,0-0,0.0,0.0,draw,0.0,0.0,1.0,142707,https://sofifa.com/player/142707/lisandro-lopez/20/159586,L. López,Lisandro López,36,1983-03-02,174,72,Argentina,Racing Club,ST,Right,LS,15.0
374.0,WC-1986,1986 FIFA World Cup,M-1986-14,France v Soviet Union,group stage,Group C,1.0,0.0,0.0,0.0,6/5/1986,12:00,S-098,Estadio Nou Camp,León,Mexico,T-28,France,FRA,T-70,Soviet Union,SUN,11,1.0,1.0,0.0,0.0,0.0,0.0,0-0,0.0,0.0,draw,0.0,0.0,1.0,159145,https://sofifa.com/player/159145/bafetimbi-gomis/20/159586,B. Gomis,Bafétimbi Gomis,33,1985-08-06,184,77,France,Al Hilal,ST,Right,LS,18.0
375.0,WC-1986,1986 FIFA World Cup,M-1986-15,South Korea v Bulgaria,group stage,Group A,1.0,0.0,0.0,0.0,6/5/1986,16:00,S-100,Estadio Olímpico Universitario,Mexico City,Mexico,T-69,South Korea,KOR,T-10,Bulgaria,BGR,11,1.0,1.0,0.0,0.0,0.0,0.0,0-0,0.0,0.0,draw,0.0,0.0,1.0,162240,https://sofifa.com/player/162240/mousa-dembele/20/159586,M. Dembélé,Moussa Sidi Yaya Dembélé,31,1987-07-16,185,85,Belgium,Guangzhou R&F FC,"CM, CAM, CDM",Left,CM,8.0
376.0,WC-1986,1986 FIFA World Cup,M-1986-16,Hungary v Canada,group stage,Group C,1.0,0.0,0.0,0.0,6/6/1986,12:00,S-097,Estadio Sergio León Chavez,Irapuato,Mexico,T-34,Hungary,HUN,T-12,Canada,CAN,20,2.0,0.0,2.0,-2.0,0.0,0.0,0-0,0.0,0.0,home team win,1.0,0.0,0.0,162895,https://sofifa.com/player/162895/francesc-fabregas-i-soler/20/159586,Cesc Fàbregas,Francesc Fàbregas i Soler,32,1987-05-04,179,77,Spain,AS Monaco,"CM, CDM",Right,LCM,4.0
377.0,WC-1986,1986 FIFA World Cup,M-1986-17,Brazil v Algeria,group stage,Group D,1.0,0.0,0.0,0.0,6/6/1986,12:00,S-095,Estadio Jalisco,Guadalajara,Mexico,T-09,Brazil,BRA,T-01,Algeria,DZA,10,1.0,0.0,1.0,-1.0,0.0,0.0,0-0,0.0,0.0,home team win,1.0,0.0,0.0,163489,https://sofifa.com/player/163489/andrea-consigli/20/159586,A. Consigli,Andrea Consigli,32,1987-01-27,189,82,Italy,Sassuolo,GK,Right,GK,47.0
378.0,WC-1986,1986 FIFA World Cup,M-1986-18,England v Morocco,group stage,Group F,1.0,0.0,0.0,0.0,6/6/1986,16:00,S-101,Estadio Tecnológico,Monterrey,Mexico,T-27,England,ENG,T-45,Morocco,MAR,00,0.0,0.0,0.0,0.0,0.0,0.0,0-0,0.0,0.0,draw,0.0,0.0,1.0,165229,https://sofifa.com/player/165229/laurent-koscielny/20/159586,L. Koscielny,Laurent Koscielny,33,1985-09-10,186,75,France,FC Girondins de Bordeaux,CB,Right,CB,6.0
379.0,WC-1986,1986 FIFA World Cup,M-1986-19,Mexico v Paraguay,group stage,Group B,1.0,0.0,0.0,0.0,6/7/1986,12:00,S-099,Estadio Azteca,Mexico City,Mexico,T-44,Mexico,MEX,T-53,Paraguay,PRY,11,1.0,1.0,0.0,0.0,0.0,0.0,0-0,0.0,0.0,draw,0.0,0.0,1.0,168530,https://sofifa.com/player/168530/jardel-nivaldo-vieira/20/159586,Jardel,Jardel Nivaldo Vieira,33,1986-03-29,192,86,Brazil,SL Benfica,CB,Right,SUB,33.0
380.0,WC-1986,1986 FIFA World Cup,M-1986-20,Northern Ireland v Spain,group stage,Group D,1.0,0.0,0.0,0.0,6/7/1986,12:00,S-096,Estadio Tres de Marzo,Guadalajara,Mexico,T-50,Northern Ireland,NIR,T-71,Spain,ESP,12,1.0,2.0,-1.0,1.0,0.0,0.0,0-0,0.0,0.0,away team win,0.0,1.0,0.0,169195,https://sofifa.com/player/169195/renato-augusto/20/159586,Renato Augusto,Renato  Soares de Oliveira Augusto,31,1988-02-08,186,86,Brazil,Beijing Sinobo Guoan FC,"CM, CAM, CDM",Right,LAM,5.0
381.0,WC-1986,1986 FIFA World Cup,M-1986-21,Poland v Portugal,group stage,Group F,1.0,0.0,0.0,0.0,6/7/1986,16:00,S-102,Estadio Universitario,Monterrey,Mexico,T-55,Poland,POL,T-56,Portugal,PRT,10,1.0,0.0,1.0,-1.0,0.0,0.0,0-0,0.0,0.0,home team win,1.0,0.0,0.0,171791,https://sofifa.com/player/171791/jose-miguel-da-rocha-fonte/20/159586,José Fonte,José Miguel da Rocha Fonte,35,1983-12-22,187,81,Portugal,LOSC Lille,CB,Right,RCB,6.0
382.0,WC-1986,1986 FIFA World Cup,M-1986-22,Iraq v Belgium,group stage,Group B,1.0,0.0,0.0,0.0,6/8/1986,12:00,S-106,La Bombonera,Toluca,Mexico,T-37,Iraq,IRQ,T-06,Belgium,BEL,12,1.0,2.0,-1.0,1.0,0.0,0.0,0-0,0.0,0.0,away team win,0.0,1.0,0.0,171897,https://sofifa.com/player/171897/andres-guardado/20/159586,A. Guardado,José Andrés Guardado Hernández,32,1986-09-28,169,67,Mexico,Real Betis,"CM, CDM, LM",Left,LCM,18.0
383.0,WC-1986,1986 FIFA World Cup,M-1986-23,West Germany v Scotland,group stage,Group E,1.0,0.0,0.0,0.0,6/8/1986,12:00,S-105,Estadio La Corregidora,Querétaro,Mexico,T-83,West Germany,DEU,T-62,Scotland,SCO,21,2.0,1.0,1.0,-1.0,0.0,0.0,0-0,0.0,0.0,home team win,1.0,0.0,0.0,173771,https://sofifa.com/player/173771/lukasz-piszczek/20/159586,L. Piszczek,Łukasz Piszczek,34,1985-06-03,184,79,Poland,Borussia Dortmund,RB,Right,RB,26.0
384.0,WC-1986,1986 FIFA World Cup,M-1986-24,Denmark v Uruguay,group stage,Group E,1.0,0.0,0.0,0.0,6/8/1986,16:00,S-103,Estadio Neza 86,Nezahualcóyotl,Mexico,T-21,Denmark,DNK,T-81,Uruguay,URY,61,6.0,1.0,5.0,-5.0,0.0,0.0,0-0,0.0,0.0,home team win,1.0,0.0,0.0,176600,https://sofifa.com/player/176600/kevin-gameiro/20/159586,K. Gameiro,Kévin Gameiro,32,1987-05-09,172,70,France,Valencia CF,ST,Right,RS,9.0
385.0,WC-1986,1986 FIFA World Cup,M-1986-25,Hungary v France,group stage,Group C,1.0,0.0,0.0,0.0,6/9/1986,12:00,S-098,Estadio Nou Camp,León,Mexico,T-34,Hungary,HUN,T-28,France,FRA,03,0.0,3.0,-3.0,3.0,0.0,0.0,0-0,0.0,0.0,away team win,0.0,1.0,0.0,177388,https://sofifa.com/player/177388/dimitri-payet/20/159586,D. Payet,Dimitri  Payet,32,1987-03-29,175,77,France,Olympique de Marseille,"CAM, LW",Right,LW,10.0
386.0,WC-1986,1986 FIFA World Cup,M-1986-26,Soviet Union v Canada,group stage,Group C,1.0,0.0,0.0,0.0,6/9/1986,12:00,S-097,Estadio Sergio León Chavez,Irapuato,Mexico,T-70,Soviet Union,SUN,T-12,Canada,CAN,20,2.0,0.0,2.0,-2.0,0.0,0.0,0-0,0.0,0.0,home team win,1.0,0.0,0.0,177600,https://sofifa.com/player/177600/benat-etxebarria-urkiaga/20/159586,Beñat,Beñat Etxebarria Urkiaga,32,1987-02-19,177,76,Spain,Athletic Club de Bilbao,CM,Right,LCM,7.0
387.0,WC-1986,1986 FIFA World Cup,M-1986-27,Argentina v Bulgaria,group stage,Group A,1.0,0.0,0.0,0.0,6/10/1986,12:00,S-100,Estadio Olímpico Universitario,Mexico City,Mexico,T-03,Argentina,ARG,T-10,Bulgaria,BGR,20,2.0,0.0,2.0,-2.0,0.0,0.0,0-0,0.0,0.0,home team win,1.0,0.0,0.0,178086,https://sofifa.com/player/178086/antonio-adan-garrido/20/159586,Adán,Antonio Adán Garrido,32,1987-05-13,190,92,Spain,Atlético Madrid,GK,Left,SUB,1.0
388.0,WC-1986,1986 FIFA World Cup,M-1986-28,South Korea v Italy,group stage,Group A,1.0,0.0,0.0,0.0,6/10/1986,12:00,S-104,Estadio Cuauhtémoc,Puebla,Mexico,T-69,South Korea,KOR,T-39,Italy,ITA,23,2.0,3.0,-1.0,1.0,0.0,0.0,0-0,0.0,0.0,away team win,0.0,1.0,0.0,179784,https://sofifa.com/player/179784/benedikt-howedes/20/159586,B. Höwedes,Benedikt Höwedes,31,1988-02-29,188,77,Germany,Lokomotiv Moscow,"CB, LB",Right,RCB,5.0
389.0,WC-1986,1986 FIFA World Cup,M-1986-29,Iraq v Mexico,group stage,Group B,1.0,0.0,0.0,0.0,6/11/1986,12:00,S-099,Estadio Azteca,Mexico City,Mexico,T-37,Iraq,IRQ,T-44,Mexico,MEX,01,0.0,1.0,-1.0,1.0,0.0,0.0,0-0,0.0,0.0,away team win,0.0,1.0,0.0,182494,https://sofifa.com/player/182494/fernando-muslera/20/159586,F. Muslera,Fernando Muslera,33,1986-06-16,190,74,Uruguay,Galatasaray SK,GK,Right,GK,1.0
390.0,WC-1986,1986 FIFA World Cup,M-1986-30,Paraguay v Belgium,group stage,Group B,1.0,0.0,0.0,0.0,6/11/1986,12:00,S-106,La Bombonera,Toluca,Mexico,T-53,Paraguay,PRY,T-06,Belgium,BEL,22,2.0,2.0,0.0,0.0,0.0,0.0,0-0,0.0,0.0,draw,0.0,0.0,1.0,183394,https://sofifa.com/player/183394/moussa-sissoko/20/159586,M. Sissoko,Moussa Sissoko,29,1989-08-16,187,91,France,Tottenham Hotspur,"CM, CDM",Right,SUB,17.0
391.0,WC-1986,1986 FIFA World Cup,M-1986-31,England v Poland,group stage,Group F,1.0,0.0,0.0,0.0,6/11/1986,16:00,S-102,Estadio Universitario,Monterrey,Mexico,T-27,England,ENG,T-55,Poland,POL,30,3.0,0.0,3.0,-3.0,0.0,0.0,0-0,0.0,0.0,home team win,1.0,0.0,0.0,183498,https://sofifa.com/player/183498/marco-parolo/20/159586,M. Parolo,Marco Parolo,34,1985-01-25,184,75,Italy,Lazio,"CDM, CM",Right,SUB,16.0
392.0,WC-1986,1986 FIFA World Cup,M-1986-32,Portugal v Morocco,group stage,Group F,1.0,0.0,0.0,0.0,6/11/1986,16:00,S-096,Estadio Tres de Marzo,Guadalajara,Mexico,T-56,Portugal,PRT,T-45,Morocco,MAR,13,1.0,3.0,-2.0,2.0,0.0,0.0,0-0,0.0,0.0,away team win,0.0,1.0,0.0,184134,https://sofifa.com/player/184134/fernando-reges/20/159586,Fernando,Fernando Francisco Reges,31,1987-07-25,183,76,Brazil,Sevilla FC,"CDM, CM",Right,CDM,25.0
393.0,WC-1986,1986 FIFA World Cup,M-1986-33,Algeria v Spain,group stage,Group D,1.0,0.0,0.0,0.0,6/12/1986,12:00,S-101,Estadio Tecnológico,Monterrey,Mexico,T-01,Algeria,DZA,T-71,Spain,ESP,03,0.0,3.0,-3.0,3.0,0.0,0.0,0-0,0.0,0.0,away team win,0.0,1.0,0.0,184144,https://sofifa.com/player/184144/nicolas-gaitan/20/159586,N. Gaitán,Osvaldo Nicolás Fabián Gaitán,31,1988-02-23,173,66,Argentina,Chicago Fire,CAM,Left,CAM,20.0
394.0,WC-1986,1986 FIFA World Cup,M-1986-34,Northern Ireland v Brazil,group stage,Group D,1.0,0.0,0.0,0.0,6/12/1986,12:00,S-095,Estadio Jalisco,Guadalajara,Mexico,T-50,Northern Ireland,NIR,T-09,Brazil,BRA,03,0.0,3.0,-3.0,3.0,0.0,0.0,0-0,0.0,0.0,away team win,0.0,1.0,0.0,184431,https://sofifa.com/player/184431/sebastian-giovinco/20/159586,S. Giovinco,Sebastian Giovinco,32,1987-01-26,163,61,Italy,Al Hilal,"CF, ST, RM",Right,RS,9.0
395.0,WC-1986,1986 FIFA World Cup,M-1986-35,Denmark v West Germany,group stage,Group E,1.0,0.0,0.0,0.0,6/13/1986,12:00,S-105,Estadio La Corregidora,Querétaro,Mexico,T-21,Denmark,DNK,T-83,West Germany,DEU,20,2.0,0.0,2.0,-2.0,0.0,0.0,0-0,0.0,0.0,home team win,1.0,0.0,0.0,185221,https://sofifa.com/player/185221/luiz-gustavo-dias/20/159586,Luiz Gustavo,Luiz Gustavo Dias,31,1987-07-23,187,78,Brazil,Olympique de Marseille,"CDM, CB",Left,CDM,19.0
396.0,WC-1986,1986 FIFA World Cup,M-1986-36,Scotland v Uruguay,group stage,Group E,1.0,0.0,0.0,0.0,6/13/1986,12:00,S-103,Estadio Neza 86,Nezahualcóyotl,Mexico,T-62,Scotland,SCO,T-81,Uruguay,URY,00,0.0,0.0,0.0,0.0,0.0,0.0,0-0,0.0,0.0,draw,0.0,0.0,1.0,188829,https://sofifa.com/player/188829/nicolas-nkoulou/20/159586,N. Nkoulou,Nicolas N'Koulou,29,1990-03-27,184,77,Cameroon,Torino,CB,Right,CB,33.0
397.0,WC-1986,1986 FIFA World Cup,M-1986-37,Mexico v Bulgaria,round of 16,not applicable,0.0,1.0,0.0,0.0,6/15/1986,12:00,S-099,Estadio Azteca,Mexico City,Mexico,T-44,Mexico,MEX,T-10,Bulgaria,BGR,20,2.0,0.0,2.0,-2.0,0.0,0.0,0-0,0.0,0.0,home team win,1.0,0.0,0.0,191202,https://sofifa.com/player/191202/nemanja-matic/20/159586,N. Matić,Nemanja Matić,30,1988-08-01,194,85,Serbia,Manchester United,"CDM, CM",Left,SUB,31.0
398.0,WC-1986,1986 FIFA World Cup,M-1986-38,Soviet Union v Belgium,round of 16,not applicable,0.0,1.0,0.0,0.0,6/15/1986,16:00,S-098,Estadio Nou Camp,León,Mexico,T-70,Soviet Union,SUN,T-06,Belgium,BEL,34,3.0,4.0,-1.0,1.0,1.0,0.0,0-0,0.0,0.0,away team win,0.0,1.0,0.0,192638,https://sofifa.com/player/192638/marcos-alonso-mendoza/20/159586,Marcos Alonso,Marcos Alonso Mendoza,28,1990-12-28,188,87,Spain,Chelsea,"LB, LWB",Left,SUB,3.0
399.0,WC-1986,1986 FIFA World Cup,M-1986-39,Brazil v Poland,round of 16,not applicable,0.0,1.0,0.0,0.0,6/16/1986,12:00,S-095,Estadio Jalisco,Guadalajara,Mexico,T-09,Brazil,BRA,T-55,Poland,POL,40,4.0,0.0,4.0,-4.0,0.0,0.0,0-0,0.0,0.0,home team win,1.0,0.0,0.0,192883,https://sofifa.com/player/192883/henrikh-mkhitaryan/20/159586,H. Mkhitaryan,Henrikh Mkhitaryan,30,1989-01-21,177,75,Armenia,Arsenal,"RM, CAM, RW",Right,SUB,7.0
400.0,WC-1986,1986 FIFA World Cup,M-1986-40,Argentina v Uruguay,round of 16,not applicable,0.0,1.0,0.0,0.0,6/16/1986,16:00,S-104,Estadio Cuauhtémoc,Puebla,Mexico,T-03,Argentina,ARG,T-81,Uruguay,URY,10,1.0,0.0,1.0,-1.0,0.0,0.0,0-0,0.0,0.0,home team win,1.0,0.0,0.0,194022,https://sofifa.com/player/194022/andre-gomes-magalhaes-almeida/20/159586,André Almeida,André Gomes Magalhaes de Almeida,28,1990-09-10,185,80,Portugal,SL Benfica,RB,Right,RB,34.0
401.0,WC-1986,1986 FIFA World Cup,M-1986-41,Italy v France,round of 16,not applicable,0.0,1.0,0.0,0.0,6/17/1986,12:00,S-100,Estadio Olímpico Universitario,Mexico City,Mexico,T-39,Italy,ITA,T-28,France,FRA,02,0.0,2.0,-2.0,2.0,0.0,0.0,0-0,0.0,0.0,away team win,0.0,1.0,0.0,203551,https://sofifa.com/player/203551/alessandro-florenzi/20/159586,A. Florenzi,Alessandro  Florenzi,28,1991-03-11,173,67,Italy,Roma,"RB, RW, LW",Right,RB,24.0
402.0,WC-1986,1986 FIFA World Cup,M-1986-42,Morocco v West Germany,round of 16,not applicable,0.0,1.0,0.0,0.0,6/17/1986,16:00,S-102,Estadio Universitario,Monterrey,Mexico,T-45,Morocco,MAR,T-83,West Germany,DEU,01,0.0,1.0,-1.0,1.0,0.0,0.0,0-0,0.0,0.0,away team win,0.0,1.0,0.0,204399,https://sofifa.com/player/204399/eran-zahavi/20/159586,E. Zahavi,Eran Zahavi,31,1987-07-25,182,71,Israel,Guangzhou R&F FC,"CF, ST",Right,LW,7.0
403.0,WC-1986,1986 FIFA World Cup,M-1986-43,England v Paraguay,round of 16,not applicable,0.0,1.0,0.0,0.0,6/18/1986,12:00,S-099,Estadio Azteca,Mexico City,Mexico,T-27,England,ENG,T-53,Paraguay,PRY,30,3.0,0.0,3.0,-3.0,0.0,0.0,0-0,0.0,0.0,home team win,1.0,0.0,0.0,207471,https://sofifa.com/player/207471/franco-vazquez/20/159586,F. Vázquez,Franco Vázquez,30,1989-02-22,186,82,Argentina,Sevilla FC,"CM, CAM",Left,LCM,22.0
404.0,WC-1986,1986 FIFA World Cup,M-1986-44,Denmark v Spain,round of 16,not applicable,0.0,1.0,0.0,0.0,6/18/1986,16:00,S-105,Estadio La Corregidora,Querétaro,Mexico,T-21,Denmark,DNK,T-71,Spain,ESP,15,1.0,5.0,-4.0,4.0,0.0,0.0,0-0,0.0,0.0,away team win,0.0,1.0,0.0,208618,https://sofifa.com/player/208618/lucas-vazquez-iglesias/20/159586,Lucas Vázquez,Lucas Vázquez Iglesias,28,1991-07-01,173,70,Spain,Real Madrid,"RW, RM",Right,SUB,17.0
405.0,WC-1986,1986 FIFA World Cup,M-1986-45,Brazil v France,quarter-finals,not applicable,0.0,1.0,0.0,0.0,6/21/1986,12:00,S-095,Estadio Jalisco,Guadalajara,Mexico,T-09,Brazil,BRA,T-28,France,FRA,11,1.0,1.0,0.0,0.0,1.0,1.0,34,3.0,4.0,away team win,0.0,1.0,0.0,216194,https://sofifa.com/player/216194/daniel-garcia-carrillo/20/159586,Dani García,Daniel García Carrillo,29,1990-05-24,180,80,Spain,Athletic Club de Bilbao,"CM, CDM",Right,RCM,14.0
406.0,WC-1986,1986 FIFA World Cup,M-1986-46,West Germany v Mexico,quarter-finals,not applicable,0.0,1.0,0.0,0.0,6/21/1986,16:00,S-102,Estadio Universitario,Monterrey,Mexico,T-83,West Germany,DEU,T-44,Mexico,MEX,00,0.0,0.0,0.0,0.0,1.0,1.0,41,4.0,1.0,home team win,1.0,0.0,0.0,224334,https://sofifa.com/player/224334/marcos-acuna/20/159586,M. Acuña,Marcos Javier Acuña,27,1991-10-28,172,69,Argentina,Sporting CP,"LW, LB",Left,LW,9.0
407.0,WC-1986,1986 FIFA World Cup,M-1986-47,Argentina v England,quarter-finals,not applicable,0.0,1.0,0.0,0.0,6/22/1986,12:00,S-099,Estadio Azteca,Mexico City,Mexico,T-03,Argentina,ARG,T-27,England,ENG,21,2.0,1.0,1.0,-1.0,0.0,0.0,0-0,0.0,0.0,home team win,1.0,0.0,0.0,230271,https://sofifa.com/player/230271/laureano-thomas-santeiro-marre/20/159586,Laure Santeiro,Laureano Thomas Santeiro Marre,31,1988-02-29,171,63,Brazil,Fluminense,"CAM, LM, LW",Left,LM,10.0
408.0,WC-1986,1986 FIFA World Cup,M-1986-48,Spain v Belgium,quarter-finals,not applicable,0.0,1.0,0.0,0.0,6/22/1986,16:00,S-104,Estadio Cuauhtémoc,Puebla,Mexico,T-71,Spain,ESP,T-06,Belgium,BEL,11,1.0,1.0,0.0,0.0,1.0,1.0,45,4.0,5.0,away team win,0.0,1.0,0.0,245299,https://sofifa.com/player/245299/jaime-nicolas-frendado/20/159586,J. Frendado,Jaime Nicolás Frendado,35,1984-02-29,181,82,Uruguay,Uruguay,"CB, CDM",Right,Unknown,11.0
409.0,WC-1986,1986 FIFA World Cup,M-1986-49,France v West Germany,semi-finals,not applicable,0.0,1.0,0.0,0.0,6/25/1986,12:00,S-095,Estadio Jalisco,Guadalajara,Mexico,T-28,France,FRA,T-83,West Germany,DEU,02,0.0,2.0,-2.0,2.0,0.0,0.0,0-0,0.0,0.0,away team win,0.0,1.0,0.0,245304,https://sofifa.com/player/245304/saul-marcelo-ardero/20/159586,S. Ardero,Saúl Marcelo Ardero,31,1988-02-29,171,63,Uruguay,Uruguay,"CAM, LM, LW",Left,Unknown,11.0
410.0,WC-1986,1986 FIFA World Cup,M-1986-50,Argentina v Belgium,semi-finals,not applicable,0.0,1.0,0.0,0.0,6/25/1986,16:00,S-099,Estadio Azteca,Mexico City,Mexico,T-03,Argentina,ARG,T-06,Belgium,BEL,20,2.0,0.0,2.0,-2.0,0.0,0.0,0-0,0.0,0.0,home team win,1.0,0.0,0.0,245305,https://sofifa.com/player/245305/luis-roberto-dalves/20/159586,L. Dálves,Luis Roberto Dálves,27,1992-02-29,188,83,Uruguay,Uruguay,"ST, CF",Right,Unknown,11.0
411.0,WC-1986,1986 FIFA World Cup,M-1986-51,Belgium v France,third-place match,not applicable,0.0,1.0,0.0,0.0,6/28/1986,12:00,S-104,Estadio Cuauhtémoc,Puebla,Mexico,T-06,Belgium,BEL,T-28,France,FRA,24,2.0,4.0,-2.0,2.0,1.0,0.0,0-0,0.0,0.0,away team win,0.0,1.0,0.0,251700,https://sofifa.com/player/251700/segundo-mandiquez/20/159586,S. Mandíquez,Segundo Mandíquez,30,1989-03-16,188,84,Ecuador,Ecuador,ST,Right,Unknown,11.0
412.0,WC-1986,1986 FIFA World Cup,M-1986-52,Argentina v West Germany,final,not applicable,0.0,1.0,0.0,0.0,6/29/1986,12:00,S-099,Estadio Azteca,Mexico City,Mexico,T-03,Argentina,ARG,T-83,West Germany,DEU,32,3.0,2.0,1.0,-1.0,0.0,0.0,0-0,0.0,0.0,home team win,1.0,0.0,0.0,242444,https://sofifa.com/player/242444/joao-felix-sequeira/20/159586,João Félix,João Félix Sequeira,19,1999-11-10,181,70,Portugal,Atlético Madrid,"CF, ST",Right,RS,7.0
413.0,WC-1990,1990 FIFA World Cup,M-1990-01,Argentina v Cameroon,group stage,Group B,1.0,0.0,0.0,0.0,6/8/1990,18:00,S-074,San Siro,Milan,Italy,T-03,Argentina,ARG,T-11,Cameroon,CMR,01,0.0,1.0,-1.0,1.0,0.0,0.0,0-0,0.0,0.0,away team win,0.0,1.0,0.0,224232,https://sofifa.com/player/224232/nicolo-barella/20/159586,N. Barella,Nicolò Barella,22,1997-02-07,175,68,Italy,Inter,"CM, CAM",Right,RCM,81.0
414.0,WC-1990,1990 FIFA World Cup,M-1990-02,Soviet Union v Romania,group stage,Group B,1.0,0.0,0.0,0.0,6/9/1990,17:00,S-068,Stadio San Nicola,Bari,Italy,T-70,Soviet Union,SUN,T-59,Romania,ROU,02,0.0,2.0,-2.0,2.0,0.0,0.0,0-0,0.0,0.0,away team win,0.0,1.0,0.0,225100,https://sofifa.com/player/225100/joe-gomez/20/159586,J. Gomez,Joe Gomez,22,1997-05-23,188,77,England,Liverpool,"CB, RB",Right,RCB,12.0
415.0,WC-1990,1990 FIFA World Cup,M-1990-03,United Arab Emirates v Colombia,group stage,Group D,1.0,0.0,0.0,0.0,6/9/1990,17:00,S-069,Stadio Renato Dall'Ara,Bologna,Italy,T-79,United Arab Emirates,ARE,T-15,Colombia,COL,02,0.0,2.0,-2.0,2.0,0.0,0.0,0-0,0.0,0.0,away team win,0.0,1.0,0.0,213661,https://sofifa.com/player/213661/andreas-christensen/20/159586,A. Christensen,Andreas Christensen,23,1996-04-10,187,81,Denmark,Chelsea,CB,Right,RCB,4.0
416.0,WC-1990,1990 FIFA World Cup,M-1990-04,Italy v Austria,group stage,Group A,1.0,0.0,0.0,0.0,6/9/1990,21:00,S-079,Stadio Olimpico,Rome,Italy,T-39,Italy,ITA,T-05,Austria,AUT,10,1.0,0.0,1.0,-1.0,0.0,0.0,0-0,0.0,0.0,home team win,1.0,0.0,0.0,215698,https://sofifa.com/player/215698/mike-maignan/20/159586,M. Maignan,Mike Maignan,23,1995-07-03,191,89,France,LOSC Lille,GK,Right,GK,16.0
417.0,WC-1990,1990 FIFA World Cup,M-1990-05,United States v Czechoslovakia,group stage,Group A,1.0,0.0,0.0,0.0,6/10/1990,17:00,S-071,Stadio Comunale,Florence,Italy,T-80,United States,USA,T-20,Czechoslovakia,CSK,15,1.0,5.0,-4.0,4.0,0.0,0.0,0-0,0.0,0.0,away team win,0.0,1.0,0.0,216393,https://sofifa.com/player/216393/youri-tielemans/20/159586,Y. Tielemans,Youri Tielemans,22,1997-05-07,176,72,Belgium,Leicester City,"CM, CDM",Right,RCM,8.0
418.0,WC-1990,1990 FIFA World Cup,M-1990-06,Brazil v Sweden,group stage,Group C,1.0,0.0,0.0,0.0,6/10/1990,21:00,S-082,Stadio delle Alpi,Turin,Italy,T-09,Brazil,BRA,T-72,Sweden,SWE,21,2.0,1.0,1.0,-1.0,0.0,0.0,0-0,0.0,0.0,home team win,1.0,0.0,0.0,229668,https://sofifa.com/player/229668/mario-hermoso-canseco/20/159586,Mario Hermoso,Mario Hermoso Canseco,24,1995-06-18,184,75,Spain,Atlético Madrid,CB,Left,SUB,22.0
419.0,WC-1990,1990 FIFA World Cup,M-1990-07,West Germany v Yugoslavia,group stage,Group D,1.0,0.0,0.0,0.0,6/10/1990,21:00,S-074,San Siro,Milan,Italy,T-83,West Germany,DEU,T-84,Yugoslavia,YUG,41,4.0,1.0,3.0,-3.0,0.0,0.0,0-0,0.0,0.0,home team win,1.0,0.0,0.0,234153,https://sofifa.com/player/234153/carlos-soler-barragan/20/159586,Carlos Soler,Carlos Soler Barragán,22,1997-01-02,180,76,Spain,Valencia CF,"RM, CM",Right,RM,8.0
420.0,WC-1990,1990 FIFA World Cup,M-1990-08,Costa Rica v Scotland,group stage,Group C,1.0,0.0,0.0,0.0,6/11/1990,17:00,S-073,Stadio Luigi Ferraris,Genoa,Italy,T-16,Costa Rica,CRI,T-62,Scotland,SCO,10,1.0,0.0,1.0,-1.0,0.0,0.0,0-0,0.0,0.0,home team win,1.0,0.0,0.0,220477,https://sofifa.com/player/220477/mattia-caldara/20/159586,M. Caldara,Mattia Caldara,25,1994-05-05,187,80,Italy,Milan,CB,Right,SUB,31.0
421.0,WC-1990,1990 FIFA World Cup,M-1990-09,England v Republic of Ireland,group stage,Group F,1.0,0.0,0.0,0.0,6/11/1990,21:00,S-070,Stadio Sant'Elia,Cagliari,Italy,T-27,England,ENG,T-58,Republic of Ireland,IRL,11,1.0,1.0,0.0,0.0,0.0,0.0,0-0,0.0,0.0,draw,0.0,0.0,1.0,222400,https://sofifa.com/player/222400/harry-winks/20/159586,H. Winks,Harry Winks,23,1996-02-02,176,74,England,Tottenham Hotspur,"CM, CDM",Right,RDM,8.0
422.0,WC-1990,1990 FIFA World Cup,M-1990-10,Belgium v South Korea,group stage,Group E,1.0,0.0,0.0,0.0,6/12/1990,17:00,S-084,Stadio Marc'Antonio Bentegodi,Verona,Italy,T-06,Belgium,BEL,T-69,South Korea,KOR,20,2.0,0.0,2.0,-2.0,0.0,0.0,0-0,0.0,0.0,home team win,1.0,0.0,0.0,223113,https://sofifa.com/player/223113/krzysztof-piatek/20/159586,K. Piątek,Krzysztof Piątek,24,1995-07-01,183,77,Poland,Milan,ST,Right,LS,9.0
423.0,WC-1990,1990 FIFA World Cup,M-1990-11,Netherlands v Egypt,group stage,Group F,1.0,0.0,0.0,0.0,6/12/1990,21:00,S-077,Stadio La Favorita,Palermo,Italy,T-46,Netherlands,NLD,T-25,Egypt,EGY,11,1.0,1.0,0.0,0.0,0.0,0.0,0-0,0.0,0.0,draw,0.0,0.0,1.0,224458,https://sofifa.com/player/224458/diogo-jose-teixeira-da-silva/20/159586,Diogo Jota,Diogo José Teixeira da Silva,22,1996-12-04,178,73,Portugal,Wolverhampton Wanderers,"CF, LW",Right,LS,18.0
424.0,WC-1990,1990 FIFA World Cup,M-1990-12,Uruguay v Spain,group stage,Group E,1.0,0.0,0.0,0.0,6/13/1990,17:00,S-083,Stadio Friuli,Udine,Italy,T-81,Uruguay,URY,T-71,Spain,ESP,00,0.0,0.0,0.0,0.0,0.0,0.0,0-0,0.0,0.0,draw,0.0,0.0,1.0,226161,https://sofifa.com/player/226161/marcos-llorente-moreno/20/159586,Marcos Llorente,Marcos Llorente Moreno,24,1995-01-30,184,74,Spain,Atlético Madrid,CDM,Right,SUB,14.0
425.0,WC-1990,1990 FIFA World Cup,M-1990-13,Argentina v Soviet Union,group stage,Group B,1.0,0.0,0.0,0.0,6/13/1990,21:00,S-076,Stadio San Paolo,Naples,Italy,T-03,Argentina,ARG,T-70,Soviet Union,SUN,20,2.0,0.0,2.0,-2.0,0.0,0.0,0-0,0.0,0.0,home team win,1.0,0.0,0.0,228618,https://sofifa.com/player/228618/ferland-mendy/20/159586,F. Mendy,Ferland Mendy,24,1995-06-08,180,73,France,Real Madrid,LB,Left,SUB,23.0
426.0,WC-1990,1990 FIFA World Cup,M-1990-14,Cameroon v Romania,group stage,Group B,1.0,0.0,0.0,0.0,6/14/1990,17:00,S-068,Stadio San Nicola,Bari,Italy,T-11,Cameroon,CMR,T-59,Romania,ROU,21,2.0,1.0,1.0,-1.0,0.0,0.0,0-0,0.0,0.0,home team win,1.0,0.0,0.0,236679,https://sofifa.com/player/236679/oscar-melendo-jimenez/20/159586,Melendo,Óscar Melendo Jiménez,21,1997-08-23,167,63,Spain,RCD Espanyol,"RM, LM, CAM",Left,RM,14.0
427.0,WC-1990,1990 FIFA World Cup,M-1990-15,Yugoslavia v Colombia,group stage,Group D,1.0,0.0,0.0,0.0,6/14/1990,17:00,S-069,Stadio Renato Dall'Ara,Bologna,Italy,T-84,Yugoslavia,YUG,T-15,Colombia,COL,10,1.0,0.0,1.0,-1.0,0.0,0.0,0-0,0.0,0.0,home team win,1.0,0.0,0.0,239818,https://sofifa.com/player/239818/ruben-alves-dias/20/159586,Rúben Dias,Rúben Alves Dias,22,1997-05-14,186,82,Portugal,SL Benfica,CB,Right,RCB,6.0
428.0,WC-1990,1990 FIFA World Cup,M-1990-16,Italy v United States,group stage,Group A,1.0,0.0,0.0,0.0,6/14/1990,21:00,S-079,Stadio Olimpico,Rome,Italy,T-39,Italy,ITA,T-80,United States,USA,10,1.0,0.0,1.0,-1.0,0.0,0.0,0-0,0.0,0.0,home team win,1.0,0.0,0.0,241671,https://sofifa.com/player/241671/dominik-livakovic/20/159586,D. Livaković,Dominik Livaković,23,1995-09-02,187,79,Croatia,Dinamo Zagreb,GK,Right,GK,40.0
429.0,WC-1990,1990 FIFA World Cup,M-1990-17,Austria v Czechoslovakia,group stage,Group A,1.0,0.0,0.0,0.0,6/15/1990,17:00,S-071,Stadio Comunale,Florence,Italy,T-05,Austria,AUT,T-20,Czechoslovakia,CSK,01,0.0,1.0,-1.0,1.0,0.0,0.0,0-0,0.0,0.0,away team win,0.0,1.0,0.0,203747,https://sofifa.com/player/203747/hector-bellerin-moruno/20/159586,Héctor Bellerín,Héctor Bellerín Moruno,24,1995-03-19,178,74,Spain,Arsenal,"RB, RWB",Right,SUB,2.0
430.0,WC-1990,1990 FIFA World Cup,M-1990-18,West Germany v United Arab Emirates,group stage,Group D,1.0,0.0,0.0,0.0,6/15/1990,21:00,S-074,San Siro,Milan,Italy,T-83,West Germany,DEU,T-79,United Arab Emirates,ARE,51,5.0,1.0,4.0,-4.0,0.0,0.0,0-0,0.0,0.0,home team win,1.0,0.0,0.0,204884,https://sofifa.com/player/204884/benjamin-mendy/20/159586,B. Mendy,Benjamin Mendy,24,1994-07-17,185,85,France,Manchester City,LB,Left,SUB,22.0
431.0,WC-1990,1990 FIFA World Cup,M-1990-19,Brazil v Costa Rica,group stage,Group C,1.0,0.0,0.0,0.0,6/16/1990,17:00,S-082,Stadio delle Alpi,Turin,Italy,T-09,Brazil,BRA,T-16,Costa Rica,CRI,10,1.0,0.0,1.0,-1.0,0.0,0.0,0-0,0.0,0.0,home team win,1.0,0.0,0.0,211591,https://sofifa.com/player/211591/moussa-dembele/20/159586,M. Dembélé,Moussa Dembélé,22,1996-07-12,183,74,France,Olympique Lyonnais,ST,Right,ST,9.0
432.0,WC-1990,1990 FIFA World Cup,M-1990-20,Sweden v Scotland,group stage,Group C,1.0,0.0,0.0,0.0,6/16/1990,21:00,S-073,Stadio Luigi Ferraris,Genoa,Italy,T-72,Sweden,SWE,T-62,Scotland,SCO,12,1.0,2.0,-1.0,1.0,0.0,0.0,0-0,0.0,0.0,away team win,0.0,1.0,0.0,211990,https://sofifa.com/player/211990/odisseas-vlachodimos/20/159586,O. Vlachodimos,Odisseas Vlachodimos,25,1994-04-26,188,77,Greece,SL Benfica,GK,Right,GK,99.0
433.0,WC-1990,1990 FIFA World Cup,M-1990-21,England v Netherlands,group stage,Group F,1.0,0.0,0.0,0.0,6/16/1990,21:00,S-070,Stadio Sant'Elia,Cagliari,Italy,T-27,England,ENG,T-46,Netherlands,NLD,00,0.0,0.0,0.0,0.0,0.0,0.0,0-0,0.0,0.0,draw,0.0,0.0,1.0,212623,https://sofifa.com/player/212623/santiago-mina-lorenzo/20/159586,Santi Mina,Santiago Mina Lorenzo,23,1995-12-07,181,77,Spain,RC Celta,ST,Right,LS,22.0
434.0,WC-1990,1990 FIFA World Cup,M-1990-22,Republic of Ireland v Egypt,group stage,Group F,1.0,0.0,0.0,0.0,6/17/1990,17:00,S-077,Stadio La Favorita,Palermo,Italy,T-58,Republic of Ireland,IRL,T-25,Egypt,EGY,00,0.0,0.0,0.0,0.0,0.0,0.0,0-0,0.0,0.0,draw,0.0,0.0,1.0,212692,https://sofifa.com/player/212692/marcos-paulo-mesquita-lopes/20/159586,Rony Lopes,Marcos Paulo Mesquita Lopes,23,1995-12-28,174,68,Portugal,Sevilla FC,"LM, LW",Left,LW,7.0
435.0,WC-1990,1990 FIFA World Cup,M-1990-23,Belgium v Uruguay,group stage,Group E,1.0,0.0,0.0,0.0,6/17/1990,21:00,S-084,Stadio Marc'Antonio Bentegodi,Verona,Italy,T-06,Belgium,BEL,T-81,Uruguay,URY,31,3.0,1.0,2.0,-2.0,0.0,0.0,0-0,0.0,0.0,home team win,1.0,0.0,0.0,215330,https://sofifa.com/player/215330/joaquin-correa/20/159586,J. Correa,Joaquín Correa,24,1994-08-13,188,77,Argentina,Lazio,"CF, ST, CAM",Right,CF,11.0
436.0,WC-1990,1990 FIFA World Cup,M-1990-24,South Korea v Spain,group stage,Group E,1.0,0.0,0.0,0.0,6/17/1990,21:00,S-083,Stadio Friuli,Udine,Italy,T-69,South Korea,KOR,T-71,Spain,ESP,13,1.0,3.0,-2.0,2.0,0.0,0.0,0-0,0.0,0.0,away team win,0.0,1.0,0.0,219809,https://sofifa.com/player/219809/tiemoue-bakayoko/20/159586,T. Bakayoko,Tiémoué Bakayoko,24,1994-08-17,189,85,France,Chelsea,"CDM, CM",Right,RES,14.0
437.0,WC-1990,1990 FIFA World Cup,M-1990-25,Argentina v Romania,group stage,Group B,1.0,0.0,0.0,0.0,6/18/1990,21:00,S-076,Stadio San Paolo,Naples,Italy,T-03,Argentina,ARG,T-59,Romania,ROU,11,1.0,1.0,0.0,0.0,0.0,0.0,0-0,0.0,0.0,draw,0.0,0.0,1.0,226168,https://sofifa.com/player/226168/maximilian-eggestein/20/159586,M. Eggestein,Maximilian Eggestein,22,1996-12-08,181,75,Germany,SV Werder Bremen,"CM, CAM, CDM",Right,RCM,35.0
438.0,WC-1990,1990 FIFA World Cup,M-1990-26,Cameroon v Soviet Union,group stage,Group B,1.0,0.0,0.0,0.0,6/18/1990,21:00,S-068,Stadio San Nicola,Bari,Italy,T-11,Cameroon,CMR,T-70,Soviet Union,SUN,04,0.0,4.0,-4.0,4.0,0.0,0.0,0-0,0.0,0.0,away team win,0.0,1.0,0.0,234035,https://sofifa.com/player/234035/alvaro-odriozola-arzalluz/20/159586,Odriozola,Álvaro Odriozola Arzalluz,23,1995-12-14,176,66,Spain,Real Madrid,RB,Right,SUB,19.0
439.0,WC-1990,1990 FIFA World Cup,M-1990-27,West Germany v Colombia,group stage,Group D,1.0,0.0,0.0,0.0,6/19/1990,17:00,S-074,San Siro,Milan,Italy,T-83,West Germany,DEU,T-15,Colombia,COL,11,1.0,1.0,0.0,0.0,0.0,0.0,0-0,0.0,0.0,draw,0.0,0.0,1.0,239207,https://sofifa.com/player/239207/maximiliano-gomez/20/159586,M. Gómez,Maximiliano Gómez,22,1996-08-14,186,84,Uruguay,Valencia CF,ST,Right,SUB,22.0
440.0,WC-1990,1990 FIFA World Cup,M-1990-28,Yugoslavia v United Arab Emirates,group stage,Group D,1.0,0.0,0.0,0.0,6/19/1990,17:00,S-069,Stadio Renato Dall'Ara,Bologna,Italy,T-84,Yugoslavia,YUG,T-79,United Arab Emirates,ARE,41,4.0,1.0,3.0,-3.0,0.0,0.0,0-0,0.0,0.0,home team win,1.0,0.0,0.0,202648,https://sofifa.com/player/202648/sergi-darder-moll/20/159586,Sergi Darder,Sergi Darder Moll,25,1993-12-22,180,71,Spain,RCD Espanyol,"CM, CDM",Right,LCM,10.0
441.0,WC-1990,1990 FIFA World Cup,M-1990-29,Austria v United States,group stage,Group A,1.0,0.0,0.0,0.0,6/19/1990,21:00,S-071,Stadio Comunale,Florence,Italy,T-05,Austria,AUT,T-80,United States,USA,21,2.0,1.0,1.0,-1.0,0.0,0.0,0-0,0.0,0.0,home team win,1.0,0.0,0.0,204311,https://sofifa.com/player/204311/kurt-zouma/20/159586,K. Zouma,Kurt Happy Zouma,24,1994-10-27,190,96,France,Chelsea,CB,Right,LCB,15.0
442.0,WC-1990,1990 FIFA World Cup,M-1990-30,Italy v Czechoslovakia,group stage,Group A,1.0,0.0,0.0,0.0,6/19/1990,21:00,S-079,Stadio Olimpico,Rome,Italy,T-39,Italy,ITA,T-20,Czechoslovakia,CSK,20,2.0,0.0,2.0,-2.0,0.0,0.0,0-0,0.0,0.0,home team win,1.0,0.0,0.0,207439,https://sofifa.com/player/207439/leandro-paredes/20/159586,L. Paredes,Leandro Paredes,25,1994-06-29,180,75,Argentina,Paris Saint-Germain,"CM, CDM",Right,SUB,8.0
443.0,WC-1990,1990 FIFA World Cup,M-1990-31,Brazil v Scotland,group stage,Group C,1.0,0.0,0.0,0.0,6/20/1990,21:00,S-082,Stadio delle Alpi,Turin,Italy,T-09,Brazil,BRA,T-62,Scotland,SCO,10,1.0,0.0,1.0,-1.0,0.0,0.0,0-0,0.0,0.0,home team win,1.0,0.0,0.0,208920,https://sofifa.com/player/208920/nathan-ake/20/159586,N. Aké,Nathan Aké,24,1995-02-18,180,75,Netherlands,Bournemouth,CB,Left,LCB,5.0
444.0,WC-1990,1990 FIFA World Cup,M-1990-32,Sweden v Costa Rica,group stage,Group C,1.0,0.0,0.0,0.0,6/20/1990,21:00,S-073,Stadio Luigi Ferraris,Genoa,Italy,T-72,Sweden,SWE,T-16,Costa Rica,CRI,12,1.0,2.0,-1.0,1.0,0.0,0.0,0-0,0.0,0.0,away team win,0.0,1.0,0.0,210864,https://sofifa.com/player/210864/elseid-hysaj/20/159586,E. Hysaj,Elseid Hysaj,25,1994-02-02,182,70,Albania,Napoli,RB,Right,SUB,23.0
445.0,WC-1990,1990 FIFA World Cup,M-1990-33,Belgium v Spain,group stage,Group E,1.0,0.0,0.0,0.0,6/21/1990,17:00,S-084,Stadio Marc'Antonio Bentegodi,Verona,Italy,T-06,Belgium,BEL,T-71,Spain,ESP,12,1.0,2.0,-1.0,1.0,0.0,0.0,0-0,0.0,0.0,away team win,0.0,1.0,0.0,211575,https://sofifa.com/player/211575/andre-filipe-tavares-gomes/20/159586,André Gomes,André Filipe Tavares Gomes,25,1993-07-30,188,84,Portugal,Everton,"CDM, CM",Right,LDM,21.0
446.0,WC-1990,1990 FIFA World Cup,M-1990-34,South Korea v Uruguay,group stage,Group E,1.0,0.0,0.0,0.0,6/21/1990,17:00,S-083,Stadio Friuli,Udine,Italy,T-69,South Korea,KOR,T-81,Uruguay,URY,01,0.0,1.0,-1.0,1.0,0.0,0.0,0-0,0.0,0.0,away team win,0.0,1.0,0.0,215785,https://sofifa.com/player/215785/keita-balde/20/159586,K. Baldé,Keita Baldé,24,1995-03-08,181,80,Senegal,AS Monaco,"RM, ST, LM",Right,SUB,14.0
447.0,WC-1990,1990 FIFA World Cup,M-1990-35,England v Egypt,group stage,Group F,1.0,0.0,0.0,0.0,6/21/1990,21:00,S-070,Stadio Sant'Elia,Cagliari,Italy,T-27,England,ENG,T-25,Egypt,EGY,10,1.0,0.0,1.0,-1.0,0.0,0.0,0-0,0.0,0.0,home team win,1.0,0.0,0.0,222028,https://sofifa.com/player/222028/julian-weigl/20/159586,J. Weigl,Julian Weigl,23,1995-09-08,186,72,Germany,Borussia Dortmund,"CDM, CB",Right,RDM,33.0
448.0,WC-1990,1990 FIFA World Cup,M-1990-36,Republic of Ireland v Netherlands,group stage,Group F,1.0,0.0,0.0,0.0,6/21/1990,21:00,S-077,Stadio La Favorita,Palermo,Italy,T-58,Republic of Ireland,IRL,T-46,Netherlands,NLD,11,1.0,1.0,0.0,0.0,0.0,0.0,0-0,0.0,0.0,draw,0.0,0.0,1.0,223874,https://sofifa.com/player/223874/valentin-rongier/20/159586,V. Rongier,Valentin Rongier,24,1994-12-07,172,70,France,FC Nantes,"CM, CAM",Right,LCM,28.0
449.0,WC-1990,1990 FIFA World Cup,M-1990-37,Cameroon v Colombia,round of 16,not applicable,0.0,1.0,0.0,0.0,6/23/1990,17:00,S-076,Stadio San Paolo,Naples,Italy,T-11,Cameroon,CMR,T-15,Colombia,COL,21,2.0,1.0,1.0,-1.0,1.0,0.0,0-0,0.0,0.0,home team win,1.0,0.0,0.0,227950,https://sofifa.com/player/227950/yeray-alvarez-lopez/20/159586,Yeray,Yeray Álvarez López,24,1995-01-24,183,78,Spain,Athletic Club de Bilbao,CB,Right,RCB,5.0
450.0,WC-1990,1990 FIFA World Cup,M-1990-38,Czechoslovakia v Costa Rica,round of 16,not applicable,0.0,1.0,0.0,0.0,6/23/1990,21:00,S-068,Stadio San Nicola,Bari,Italy,T-20,Czechoslovakia,CSK,T-16,Costa Rica,CRI,41,4.0,1.0,3.0,-3.0,0.0,0.0,0-0,0.0,0.0,home team win,1.0,0.0,0.0,242348,https://sofifa.com/player/242348/lorenzo-moron-garcia/20/159586,Loren,Lorenzo Morón García,25,1993-12-30,188,82,Spain,Real Betis,ST,Right,SUB,16.0
451.0,WC-1990,1990 FIFA World Cup,M-1990-39,Brazil v Argentina,round of 16,not applicable,0.0,1.0,0.0,0.0,6/24/1990,17:00,S-082,Stadio delle Alpi,Turin,Italy,T-09,Brazil,BRA,T-03,Argentina,ARG,01,0.0,1.0,-1.0,1.0,0.0,0.0,0-0,0.0,0.0,away team win,0.0,1.0,0.0,193352,https://sofifa.com/player/193352/ricardo-rodriguez/20/159586,R. Rodríguez,Ricardo Rodríguez,26,1992-08-25,180,77,Switzerland,Milan,"LB, CB",Left,LB,45.0
452.0,WC-1990,1990 FIFA World Cup,M-1990-40,West Germany v Netherlands,round of 16,not applicable,0.0,1.0,0.0,0.0,6/24/1990,21:00,S-074,San Siro,Milan,Italy,T-83,West Germany,DEU,T-46,Netherlands,NLD,21,2.0,1.0,1.0,-1.0,0.0,0.0,0-0,0.0,0.0,home team win,1.0,0.0,0.0,198784,https://sofifa.com/player/198784/alex-oxlade-chamberlain/20/159586,A. Oxlade-Chamberlain,Alex Oxlade-Chamberlain,25,1993-08-15,175,70,England,Liverpool,"CM, RM",Right,SUB,15.0
453.0,WC-1990,1990 FIFA World Cup,M-1990-41,Republic of Ireland v Romania,round of 16,not applicable,0.0,1.0,0.0,0.0,6/25/1990,17:00,S-073,Stadio Luigi Ferraris,Genoa,Italy,T-58,Republic of Ireland,IRL,T-59,Romania,ROU,00,0.0,0.0,0.0,0.0,1.0,1.0,54,5.0,4.0,home team win,1.0,0.0,0.0,199823,https://sofifa.com/player/199823/jose-gomez-campana/20/159586,Campaña,José Ángel Gómez Campaña,26,1993-05-31,179,70,Spain,Levante UD,"CM, CDM",Right,CDM,24.0
454.0,WC-1990,1990 FIFA World Cup,M-1990-42,Italy v Uruguay,round of 16,not applicable,0.0,1.0,0.0,0.0,6/25/1990,21:00,S-079,Stadio Olimpico,Rome,Italy,T-39,Italy,ITA,T-81,Uruguay,URY,20,2.0,0.0,2.0,-2.0,0.0,0.0,0-0,0.0,0.0,home team win,1.0,0.0,0.0,201143,https://sofifa.com/player/201143/aissa-mandi/20/159586,A. Mandi,Aïssa Mandi,27,1991-10-22,184,78,Algeria,Real Betis,CB,Right,SUB,23.0
455.0,WC-1990,1990 FIFA World Cup,M-1990-43,Spain v Yugoslavia,round of 16,not applicable,0.0,1.0,0.0,0.0,6/26/1990,17:00,S-084,Stadio Marc'Antonio Bentegodi,Verona,Italy,T-71,Spain,ESP,T-84,Yugoslavia,YUG,12,1.0,2.0,-1.0,1.0,1.0,0.0,0-0,0.0,0.0,away team win,0.0,1.0,0.0,202477,https://sofifa.com/player/202477/gerard-deulofeu-lazaro/20/159586,Deulofeu,Gerard Deulofeu Lázaro,25,1994-03-13,177,73,Spain,Watford,"CF, RW, LW",Right,RS,7.0
456.0,WC-1990,1990 FIFA World Cup,M-1990-44,England v Belgium,round of 16,not applicable,0.0,1.0,0.0,0.0,6/26/1990,21:00,S-069,Stadio Renato Dall'Ara,Bologna,Italy,T-27,England,ENG,T-06,Belgium,BEL,10,1.0,0.0,1.0,-1.0,1.0,0.0,0-0,0.0,0.0,home team win,1.0,0.0,0.0,205069,https://sofifa.com/player/205069/juan-bernat-velasco/20/159586,Bernat,Juan Bernat Velasco,26,1993-03-01,170,67,Spain,Paris Saint-Germain,"LB, LM",Left,LB,14.0
457.0,WC-1990,1990 FIFA World Cup,M-1990-45,Argentina v Yugoslavia,quarter-finals,not applicable,0.0,1.0,0.0,0.0,6/30/1990,17:00,S-071,Stadio Comunale,Florence,Italy,T-03,Argentina,ARG,T-84,Yugoslavia,YUG,00,0.0,0.0,0.0,0.0,1.0,1.0,32,3.0,2.0,home team win,1.0,0.0,0.0,205849,https://sofifa.com/player/205849/esteban-andrada/20/159586,E. Andrada,Esteban Andrada,28,1991-01-26,194,81,Argentina,Boca Juniors,GK,Right,GK,1.0
458.0,WC-1990,1990 FIFA World Cup,M-1990-46,Republic of Ireland v Italy,quarter-finals,not applicable,0.0,1.0,0.0,0.0,6/30/1990,21:00,S-079,Stadio Olimpico,Rome,Italy,T-58,Republic of Ireland,IRL,T-39,Italy,ITA,01,0.0,1.0,-1.0,1.0,0.0,0.0,0-0,0.0,0.0,away team win,0.0,1.0,0.0,207599,https://sofifa.com/player/207599/michael-keane/20/159586,M. Keane,Michael Keane,26,1993-01-11,191,82,England,Everton,CB,Right,RCB,5.0
459.0,WC-1990,1990 FIFA World Cup,M-1990-47,Czechoslovakia v West Germany,quarter-finals,not applicable,0.0,1.0,0.0,0.0,7/1/1990,17:00,S-074,San Siro,Milan,Italy,T-20,Czechoslovakia,CSK,T-83,West Germany,DEU,01,0.0,1.0,-1.0,1.0,0.0,0.0,0-0,0.0,0.0,away team win,0.0,1.0,0.0,210513,https://sofifa.com/player/210513/juan-fernando-quintero/20/159586,J. Quintero,Juan Fernando Quintero,26,1993-01-18,168,67,Colombia,River Plate,"CAM, CF",Left,RES,10.0
460.0,WC-1990,1990 FIFA World Cup,M-1990-48,Cameroon v England,quarter-finals,not applicable,0.0,1.0,0.0,0.0,7/1/1990,21:00,S-076,Stadio San Paolo,Naples,Italy,T-11,Cameroon,CMR,T-27,England,ENG,23,2.0,3.0,-1.0,1.0,1.0,0.0,0-0,0.0,0.0,away team win,0.0,1.0,0.0,210617,https://sofifa.com/player/210617/samuel-castillejo-azuaga/20/159586,Samu Castillejo,Samuel Castillejo Azuaga,24,1995-01-18,182,67,Spain,Milan,"RM, LM, CM",Left,SUB,7.0
461.0,WC-1990,1990 FIFA World Cup,M-1990-49,Argentina v Italy,semi-finals,not applicable,0.0,1.0,0.0,0.0,7/3/1990,20:00,S-076,Stadio San Paolo,Naples,Italy,T-03,Argentina,ARG,T-39,Italy,ITA,11,1.0,1.0,0.0,0.0,1.0,1.0,43,4.0,3.0,home team win,1.0,0.0,0.0,215223,https://sofifa.com/player/215223/walter-benitez/20/159586,W. Benítez,Walter Benítez,26,1993-01-19,191,91,Argentina,OGC Nice,GK,Right,GK,40.0
462.0,WC-1990,1990 FIFA World Cup,M-1990-50,West Germany v England,semi-finals,not applicable,0.0,1.0,0.0,0.0,7/4/1990,20:00,S-082,Stadio delle Alpi,Turin,Italy,T-83,West Germany,DEU,T-27,England,ENG,11,1.0,1.0,0.0,0.0,1.0,1.0,43,4.0,3.0,home team win,1.0,0.0,0.0,220018,https://sofifa.com/player/220018/ante-rebic/20/159586,A. Rebić,Ante Rebić,25,1993-09-21,185,78,Croatia,Eintracht Frankfurt,"ST, LW, CAM",Right,ST,4.0
463.0,WC-1990,1990 FIFA World Cup,M-1990-51,Italy v England,third-place match,not applicable,0.0,1.0,0.0,0.0,7/7/1990,20:00,S-068,Stadio San Nicola,Bari,Italy,T-39,Italy,ITA,T-27,England,ENG,21,2.0,1.0,1.0,-1.0,0.0,0.0,0-0,0.0,0.0,home team win,1.0,0.0,0.0,225508,https://sofifa.com/player/225508/eric-bailly/20/159586,E. Bailly,Eric Bailly,25,1994-04-12,186,77,Ivory Coast,Manchester United,CB,Right,RES,3.0
464.0,WC-1990,1990 FIFA World Cup,M-1990-52,West Germany v Argentina,final,not applicable,0.0,1.0,0.0,0.0,7/8/1990,20:00,S-079,Stadio Olimpico,Rome,Italy,T-83,West Germany,DEU,T-03,Argentina,ARG,10,1.0,0.0,1.0,-1.0,0.0,0.0,0-0,0.0,0.0,home team win,1.0,0.0,0.0,230977,https://sofifa.com/player/230977/miguel-almiron/20/159586,M. Almirón,Miguel Almirón,25,1994-02-10,174,63,Paraguay,Newcastle United,"LW, CF",Left,LS,24.0
465.0,WC-1994,1994 FIFA World Cup,M-1994-01,Germany v Bolivia,group stage,Group C,1.0,0.0,0.0,0.0,6/17/1994,14:00,S-182,Soldier Field,Chicago,United States,T-29,Germany,DEU,T-07,Bolivia,BOL,10,1.0,0.0,1.0,-1.0,0.0,0.0,0-0,0.0,0.0,home team win,1.0,0.0,0.0,235374,https://sofifa.com/player/235374/manuel-lazzari/20/159586,M. Lazzari,Manuel Lazzari,25,1993-11-29,174,67,Italy,Lazio,RM,Right,RM,29.0
466.0,WC-1994,1994 FIFA World Cup,M-1994-02,Spain v South Korea,group stage,Group C,1.0,0.0,0.0,0.0,6/17/1994,18:30,S-183,Cotton Bowl,Dallas,United States,T-71,Spain,ESP,T-69,South Korea,KOR,22,2.0,2.0,0.0,0.0,0.0,0.0,0-0,0.0,0.0,draw,0.0,0.0,1.0,188988,https://sofifa.com/player/188988/manuel-lanzini/20/159586,M. Lanzini,Manuel Lanzini,26,1993-02-15,167,59,Argentina,West Ham United,"CAM, CM, LM",Right,LM,10.0
467.0,WC-1994,1994 FIFA World Cup,M-1994-03,United States v Switzerland,group stage,Group A,1.0,0.0,0.0,0.0,6/18/1994,11:30,S-188,Pontiac Silverdome,Pontiac,United States,T-80,United States,USA,T-73,Switzerland,CHE,11,1.0,1.0,0.0,0.0,0.0,0.0,0-0,0.0,0.0,draw,0.0,0.0,1.0,190778,https://sofifa.com/player/190778/jeroen-zoet/20/159586,J. Zoet,Jeroen Zoet,28,1991-01-06,189,88,Netherlands,PSV,GK,Right,GK,1.0
468.0,WC-1994,1994 FIFA World Cup,M-1994-04,Italy v Republic of Ireland,group stage,Group E,1.0,0.0,0.0,0.0,6/18/1994,16:00,S-184,Giants Stadium,East Rutherford,United States,T-39,Italy,ITA,T-58,Republic of Ireland,IRL,01,0.0,1.0,-1.0,1.0,0.0,0.0,0-0,0.0,0.0,away team win,0.0,1.0,0.0,199005,https://sofifa.com/player/199005/mathew-ryan/20/159586,M. Ryan,Mathew Ryan,27,1992-04-08,184,82,Australia,Brighton & Hove Albion,GK,Right,GK,1.0
469.0,WC-1994,1994 FIFA World Cup,M-1994-05,Colombia v Romania,group stage,Group A,1.0,0.0,0.0,0.0,6/18/1994,16:30,S-187,Rose Bowl,Pasadena,United States,T-15,Colombia,COL,T-59,Romania,ROU,13,1.0,3.0,-2.0,2.0,0.0,0.0,0-0,0.0,0.0,away team win,0.0,1.0,0.0,199577,https://sofifa.com/player/199577/sergi-gomez-sola/20/159586,Sergi Gómez,Sergi Gómez Solà,27,1992-03-28,185,80,Spain,Sevilla FC,CB,Right,LCB,3.0
470.0,WC-1994,1994 FIFA World Cup,M-1994-06,Belgium v Morocco,group stage,Group F,1.0,0.0,0.0,0.0,6/19/1994,12:30,S-186,Citrus Bowl,Orlando,United States,T-06,Belgium,BEL,T-45,Morocco,MAR,10,1.0,0.0,1.0,-1.0,0.0,0.0,0-0,0.0,0.0,home team win,1.0,0.0,0.0,200155,https://sofifa.com/player/200155/hans-vanaken/20/159586,H. Vanaken,Hans Vanaken,26,1992-08-24,195,80,Belgium,Club Brugge KV,"CAM, CF",Right,CAM,20.0
471.0,WC-1994,1994 FIFA World Cup,M-1994-07,Norway v Mexico,group stage,Group E,1.0,0.0,0.0,0.0,6/19/1994,16:00,S-190,RFK Stadium,"Washington, D.C.",United States,T-51,Norway,NOR,T-44,Mexico,MEX,10,1.0,0.0,1.0,-1.0,0.0,0.0,0-0,0.0,0.0,home team win,1.0,0.0,0.0,201922,https://sofifa.com/player/201922/martin-hinteregger/20/159586,M. Hinteregger,Martin Hinteregger,26,1992-09-07,184,83,Austria,Eintracht Frankfurt,CB,Left,LCB,13.0
472.0,WC-1994,1994 FIFA World Cup,M-1994-08,Cameroon v Sweden,group stage,Group B,1.0,0.0,0.0,0.0,6/19/1994,16:30,S-187,Rose Bowl,Pasadena,United States,T-11,Cameroon,CMR,T-72,Sweden,SWE,22,2.0,2.0,0.0,0.0,0.0,0.0,0-0,0.0,0.0,draw,0.0,0.0,1.0,205362,https://sofifa.com/player/205362/matija-nastasic/20/159586,M. Nastasić,Matija Nastasić,26,1993-03-28,188,83,Serbia,FC Schalke 04,CB,Left,LCB,5.0
473.0,WC-1994,1994 FIFA World Cup,M-1994-09,Brazil v Russia,group stage,Group B,1.0,0.0,0.0,0.0,6/20/1994,13:00,S-189,Stanford Stadium,Stanford,United States,T-09,Brazil,BRA,T-60,Russia,RUS,20,2.0,0.0,2.0,-2.0,0.0,0.0,0-0,0.0,0.0,home team win,1.0,0.0,0.0,208141,https://sofifa.com/player/208141/gabriel-appelt-pires/20/159586,Gabriel,Gabriel Appelt Pires,25,1993-09-18,187,82,Brazil,SL Benfica,"CM, CDM",Left,RCM,8.0
474.0,WC-1994,1994 FIFA World Cup,M-1994-10,Netherlands v Saudi Arabia,group stage,Group F,1.0,0.0,0.0,0.0,6/20/1994,19:30,S-190,RFK Stadium,"Washington, D.C.",United States,T-46,Netherlands,NLD,T-61,Saudi Arabia,SAU,21,2.0,1.0,1.0,-1.0,0.0,0.0,0-0,0.0,0.0,home team win,1.0,0.0,0.0,196978,https://sofifa.com/player/196978/callum-wilson/20/159586,C. Wilson,Callum Wilson,27,1992-02-27,180,66,England,Bournemouth,ST,Right,ST,13.0
475.0,WC-1994,1994 FIFA World Cup,M-1994-11,Argentina v Greece,group stage,Group D,1.0,0.0,0.0,0.0,6/21/1994,12:30,S-185,Foxboro Stadium,Foxborough,United States,T-03,Argentina,ARG,T-31,Greece,GRC,40,4.0,0.0,4.0,-4.0,0.0,0.0,0-0,0.0,0.0,home team win,1.0,0.0,0.0,198118,https://sofifa.com/player/198118/josuha-guilavogui/20/159586,J. Guilavogui,Josuha Guilavogui,28,1990-09-19,188,77,France,VfL Wolfsburg,"CDM, CM",Right,CB,23.0
476.0,WC-1994,1994 FIFA World Cup,M-1994-12,Germany v Spain,group stage,Group C,1.0,0.0,0.0,0.0,6/21/1994,15:00,S-182,Soldier Field,Chicago,United States,T-29,Germany,DEU,T-71,Spain,ESP,11,1.0,1.0,0.0,0.0,0.0,0.0,0-0,0.0,0.0,draw,0.0,0.0,1.0,203483,https://sofifa.com/player/203483/davy-klaassen/20/159586,D. Klaassen,Davy Klaassen,26,1993-02-21,179,70,Netherlands,SV Werder Bremen,"CM, CAM",Right,LCM,30.0
477.0,WC-1994,1994 FIFA World Cup,M-1994-13,Nigeria v Bulgaria,group stage,Group D,1.0,0.0,0.0,0.0,6/21/1994,18:30,S-183,Cotton Bowl,Dallas,United States,T-48,Nigeria,NGA,T-10,Bulgaria,BGR,30,3.0,0.0,3.0,-3.0,0.0,0.0,0-0,0.0,0.0,home team win,1.0,0.0,0.0,203605,https://sofifa.com/player/203605/pavel-kaderabek/20/159586,P. Kadeřábek,Pavel Kadeřábek,27,1992-04-25,182,81,Czech Republic,TSG 1899 Hoffenheim,"RWB, RB, RM",Right,RWB,3.0
478.0,WC-1994,1994 FIFA World Cup,M-1994-14,Romania v Switzerland,group stage,Group A,1.0,0.0,0.0,0.0,6/22/1994,16:00,S-188,Pontiac Silverdome,Pontiac,United States,T-59,Romania,ROU,T-73,Switzerland,CHE,14,1.0,4.0,-3.0,3.0,0.0,0.0,0-0,0.0,0.0,away team win,0.0,1.0,0.0,204024,https://sofifa.com/player/204024/christoph-kramer/20/159586,C. Kramer,Christoph Kramer,28,1991-02-19,191,76,Germany,Borussia Mönchengladbach,"CDM, CM",Right,SUB,6.0
479.0,WC-1994,1994 FIFA World Cup,M-1994-15,United States v Colombia,group stage,Group A,1.0,0.0,0.0,0.0,6/22/1994,16:30,S-187,Rose Bowl,Pasadena,United States,T-80,United States,USA,T-15,Colombia,COL,21,2.0,1.0,1.0,-1.0,0.0,0.0,0-0,0.0,0.0,home team win,1.0,0.0,0.0,204525,https://sofifa.com/player/204525/inigo-martinez-berridi/20/159586,Iñigo Martínez,Íñigo Martínez Berridi,28,1991-05-17,182,77,Spain,Athletic Club de Bilbao,CB,Left,LCB,4.0
480.0,WC-1994,1994 FIFA World Cup,M-1994-16,Italy v Norway,group stage,Group E,1.0,0.0,0.0,0.0,6/23/1994,16:00,S-184,Giants Stadium,East Rutherford,United States,T-39,Italy,ITA,T-51,Norway,NOR,10,1.0,0.0,1.0,-1.0,0.0,0.0,0-0,0.0,0.0,home team win,1.0,0.0,0.0,205070,https://sofifa.com/player/205070/cristian-portugues-manzanera/20/159586,Portu,Cristian Portugués Manzanera,27,1992-05-21,178,70,Spain,Real Sociedad,"CF, ST, RM",Right,SUB,7.0
481.0,WC-1994,1994 FIFA World Cup,M-1994-17,South Korea v Bolivia,group stage,Group C,1.0,0.0,0.0,0.0,6/23/1994,19:30,S-185,Foxboro Stadium,Foxborough,United States,T-69,South Korea,KOR,T-07,Bolivia,BOL,00,0.0,0.0,0.0,0.0,0.0,0.0,0-0,0.0,0.0,draw,0.0,0.0,1.0,206545,https://sofifa.com/player/206545/manuel-trigueros-munoz/20/159586,Manu Trigueros,Manuel Trigueros Muñoz,27,1991-10-17,178,75,Spain,Villarreal CF,"CM, CDM",Right,LDM,14.0
482.0,WC-1994,1994 FIFA World Cup,M-1994-18,Mexico v Republic of Ireland,group stage,Group E,1.0,0.0,0.0,0.0,6/24/1994,12:30,S-186,Citrus Bowl,Orlando,United States,T-44,Mexico,MEX,T-58,Republic of Ireland,IRL,21,2.0,1.0,1.0,-1.0,0.0,0.0,0-0,0.0,0.0,home team win,1.0,0.0,0.0,208128,https://sofifa.com/player/208128/hakan-calhanoglu/20/159586,H. Çalhanoğlu,Hakan Çalhanoğlu,25,1994-02-08,178,76,Turkey,Milan,"LW, CAM, CM",Right,SUB,10.0
483.0,WC-1994,1994 FIFA World Cup,M-1994-19,Brazil v Cameroon,group stage,Group B,1.0,0.0,0.0,0.0,6/24/1994,13:00,S-189,Stanford Stadium,Stanford,United States,T-09,Brazil,BRA,T-11,Cameroon,CMR,30,3.0,0.0,3.0,-3.0,0.0,0.0,0-0,0.0,0.0,home team win,1.0,0.0,0.0,208498,https://sofifa.com/player/208498/munas-dabbur/20/159586,M. Dabbur,Moanes Dabour,27,1992-05-14,182,76,Israel,Sevilla FC,"ST, LM",Right,SUB,9.0
484.0,WC-1994,1994 FIFA World Cup,M-1994-20,Sweden v Russia,group stage,Group B,1.0,0.0,0.0,0.0,6/24/1994,19:30,S-188,Pontiac Silverdome,Pontiac,United States,T-72,Sweden,SWE,T-60,Russia,RUS,31,3.0,1.0,2.0,-2.0,0.0,0.0,0-0,0.0,0.0,home team win,1.0,0.0,0.0,210665,https://sofifa.com/player/210665/marcel-halstenberg/20/159586,M. Halstenberg,Marcel Halstenberg,27,1991-09-27,187,82,Germany,RB Leipzig,LB,Left,LWB,23.0
485.0,WC-1994,1994 FIFA World Cup,M-1994-21,Belgium v Netherlands,group stage,Group F,1.0,0.0,0.0,0.0,6/25/1994,12:30,S-186,Citrus Bowl,Orlando,United States,T-06,Belgium,BEL,T-46,Netherlands,NLD,10,1.0,0.0,1.0,-1.0,0.0,0.0,0-0,0.0,0.0,home team win,1.0,0.0,0.0,219985,https://sofifa.com/player/219985/matias-vecino/20/159586,M. Vecino,Matias Vecino,27,1991-08-24,187,81,Uruguay,Inter,CDM,Right,SUB,8.0
486.0,WC-1994,1994 FIFA World Cup,M-1994-22,Saudi Arabia v Morocco,group stage,Group F,1.0,0.0,0.0,0.0,6/25/1994,12:30,S-184,Giants Stadium,East Rutherford,United States,T-61,Saudi Arabia,SAU,T-45,Morocco,MAR,21,2.0,1.0,1.0,-1.0,0.0,0.0,0-0,0.0,0.0,home team win,1.0,0.0,0.0,220407,https://sofifa.com/player/220407/martin-dubravka/20/159586,M. Dúbravka,Martin Dúbravka,30,1989-01-15,190,80,Slovakia,Newcastle United,GK,Right,GK,12.0
487.0,WC-1994,1994 FIFA World Cup,M-1994-23,Argentina v Nigeria,group stage,Group D,1.0,0.0,0.0,0.0,6/25/1994,16:00,S-185,Foxboro Stadium,Foxborough,United States,T-03,Argentina,ARG,T-48,Nigeria,NGA,21,2.0,1.0,1.0,-1.0,0.0,0.0,0-0,0.0,0.0,home team win,1.0,0.0,0.0,227290,https://sofifa.com/player/227290/marko-dmitrovic/20/159586,M. Dmitrović,Marko Dmitrović,27,1992-01-24,194,94,Serbia,SD Eibar,GK,Left,GK,1.0
488.0,WC-1994,1994 FIFA World Cup,M-1994-24,Bulgaria v Greece,group stage,Group D,1.0,0.0,0.0,0.0,6/26/1994,11:30,S-182,Soldier Field,Chicago,United States,T-10,Bulgaria,BGR,T-31,Greece,GRC,40,4.0,0.0,4.0,-4.0,0.0,0.0,0-0,0.0,0.0,home team win,1.0,0.0,0.0,45186,https://sofifa.com/player/45186/joaquin-sanchez-rodriguez/20/159586,Joaquín,Joaquín Sánchez Rodríguez,37,1981-07-21,179,75,Spain,Real Betis,"LM, ST, RM",Right,LM,17.0
489.0,WC-1994,1994 FIFA World Cup,M-1994-25,Switzerland v Colombia,group stage,Group A,1.0,0.0,0.0,0.0,6/26/1994,13:00,S-189,Stanford Stadium,Stanford,United States,T-73,Switzerland,CHE,T-15,Colombia,COL,02,0.0,2.0,-2.0,2.0,0.0,0.0,0-0,0.0,0.0,away team win,0.0,1.0,0.0,54050,https://sofifa.com/player/54050/wayne-rooney/20/159586,W. Rooney,Wayne Mark Rooney,33,1985-10-24,176,83,England,DC United,ST,Right,ST,9.0
490.0,WC-1994,1994 FIFA World Cup,M-1994-26,United States v Romania,group stage,Group A,1.0,0.0,0.0,0.0,6/26/1994,13:00,S-187,Rose Bowl,Pasadena,United States,T-80,United States,USA,T-59,Romania,ROU,01,0.0,1.0,-1.0,1.0,0.0,0.0,0-0,0.0,0.0,away team win,0.0,1.0,0.0,110677,https://sofifa.com/player/110677/miguel-angel-moya-rumbo/20/159586,Moyá,Miguel Ángel Moyá Rumbo,35,1984-04-02,188,83,Spain,Real Sociedad,GK,Right,GK,13.0
491.0,WC-1994,1994 FIFA World Cup,M-1994-27,Bolivia v Spain,group stage,Group C,1.0,0.0,0.0,0.0,6/27/1994,15:00,S-182,Soldier Field,Chicago,United States,T-07,Bolivia,BOL,T-71,Spain,ESP,13,1.0,3.0,-2.0,2.0,0.0,0.0,0-0,0.0,0.0,away team win,0.0,1.0,0.0,139068,https://sofifa.com/player/139068/luis-carlos-almeida-da-cunha/20/159586,Nani,Luís Carlos Almeida da Cunha,32,1986-11-17,177,70,Portugal,Orlando City SC,"LW, RW",Right,LW,17.0
492.0,WC-1994,1994 FIFA World Cup,M-1994-28,Germany v South Korea,group stage,Group C,1.0,0.0,0.0,0.0,6/27/1994,15:00,S-183,Cotton Bowl,Dallas,United States,T-29,Germany,DEU,T-69,South Korea,KOR,32,3.0,2.0,1.0,-1.0,0.0,0.0,0-0,0.0,0.0,home team win,1.0,0.0,0.0,142754,https://sofifa.com/player/142754/javier-mascherano/20/159586,J. Mascherano,Javier Alejandro Mascherano,35,1984-06-08,174,73,Argentina,Hebei China Fortune FC,"CDM, CB",Right,CDM,14.0
493.0,WC-1994,1994 FIFA World Cup,M-1994-29,Italy v Mexico,group stage,Group E,1.0,0.0,0.0,0.0,6/28/1994,12:30,S-190,RFK Stadium,"Washington, D.C.",United States,T-39,Italy,ITA,T-44,Mexico,MEX,11,1.0,1.0,0.0,0.0,0.0,0.0,0-0,0.0,0.0,draw,0.0,0.0,1.0,146748,https://sofifa.com/player/146748/diego-lopez-rodriguez/20/159586,Diego López,Diego López Rodríguez,37,1981-11-03,196,89,Spain,RCD Espanyol,GK,Right,GK,13.0
494.0,WC-1994,1994 FIFA World Cup,M-1994-30,Republic of Ireland v Norway,group stage,Group E,1.0,0.0,0.0,0.0,6/28/1994,12:30,S-184,Giants Stadium,East Rutherford,United States,T-58,Republic of Ireland,IRL,T-51,Norway,NOR,00,0.0,0.0,0.0,0.0,0.0,0.0,0-0,0.0,0.0,draw,0.0,0.0,1.0,148119,https://sofifa.com/player/148119/igor-akinfeev/20/159586,I. Akinfeev,Igor Akinfeev,33,1986-04-08,186,78,Russia,PFC CSKA Moscow,GK,Right,GK,35.0
495.0,WC-1994,1994 FIFA World Cup,M-1994-31,Russia v Cameroon,group stage,Group B,1.0,0.0,0.0,0.0,6/28/1994,13:00,S-189,Stanford Stadium,Stanford,United States,T-60,Russia,RUS,T-11,Cameroon,CMR,61,6.0,1.0,5.0,-5.0,0.0,0.0,0-0,0.0,0.0,home team win,1.0,0.0,0.0,153244,https://sofifa.com/player/153244/andre-pierre-gignac/20/159586,A. Gignac,André-Pierre Gignac,33,1985-12-05,187,91,France,Tigres U.A.N.L.,ST,Right,ST,10.0
496.0,WC-1994,1994 FIFA World Cup,M-1994-32,Brazil v Sweden,group stage,Group B,1.0,0.0,0.0,0.0,6/28/1994,16:00,S-188,Pontiac Silverdome,Pontiac,United States,T-09,Brazil,BRA,T-72,Sweden,SWE,11,1.0,1.0,0.0,0.0,0.0,0.0,0-0,0.0,0.0,draw,0.0,0.0,1.0,154472,https://sofifa.com/player/154472/jorge-molina-vidal/20/159586,Jorge Molina,Jorge Molina Vidal,37,1982-04-22,188,72,Spain,Getafe CF,ST,Right,LS,19.0
497.0,WC-1994,1994 FIFA World Cup,M-1994-33,Belgium v Saudi Arabia,group stage,Group F,1.0,0.0,0.0,0.0,6/29/1994,12:30,S-190,RFK Stadium,"Washington, D.C.",United States,T-06,Belgium,BEL,T-61,Saudi Arabia,SAU,01,0.0,1.0,-1.0,1.0,0.0,0.0,0-0,0.0,0.0,away team win,0.0,1.0,0.0,158121,https://sofifa.com/player/158121/benoit-costil/20/159586,B. Costil,Benoît Costil,31,1987-07-03,187,88,France,FC Girondins de Bordeaux,GK,Right,GK,1.0
498.0,WC-1994,1994 FIFA World Cup,M-1994-34,Morocco v Netherlands,group stage,Group F,1.0,0.0,0.0,0.0,6/29/1994,12:30,S-186,Citrus Bowl,Orlando,United States,T-45,Morocco,MAR,T-46,Netherlands,NLD,12,1.0,2.0,-1.0,1.0,0.0,0.0,0-0,0.0,0.0,away team win,0.0,1.0,0.0,159147,https://sofifa.com/player/159147/loic-perrin/20/159586,L. Perrin,Loïc Perrin,33,1985-08-07,181,80,France,AS Saint-Étienne,CB,Right,LCB,24.0
499.0,WC-1994,1994 FIFA World Cup,M-1994-35,Argentina v Bulgaria,group stage,Group D,1.0,0.0,0.0,0.0,6/30/1994,18:30,S-183,Cotton Bowl,Dallas,United States,T-03,Argentina,ARG,T-10,Bulgaria,BGR,02,0.0,2.0,-2.0,2.0,0.0,0.0,0-0,0.0,0.0,away team win,0.0,1.0,0.0,163155,https://sofifa.com/player/163155/ben-foster/20/159586,B. Foster,Ben Foster,36,1983-04-03,193,90,England,Watford,GK,Left,GK,26.0
500.0,WC-1994,1994 FIFA World Cup,M-1994-36,Greece v Nigeria,group stage,Group D,1.0,0.0,0.0,0.0,6/30/1994,19:30,S-185,Foxboro Stadium,Foxborough,United States,T-31,Greece,GRC,T-48,Nigeria,NGA,02,0.0,2.0,-2.0,2.0,0.0,0.0,0-0,0.0,0.0,away team win,0.0,1.0,0.0,163264,https://sofifa.com/player/163264/tom-heaton/20/159586,T. Heaton,Tom Heaton,33,1986-04-15,187,92,England,Aston Villa,GK,Right,GK,1.0
501.0,WC-1994,1994 FIFA World Cup,M-1994-37,Germany v Belgium,round of 16,not applicable,0.0,1.0,0.0,0.0,7/2/1994,12:00,S-182,Soldier Field,Chicago,United States,T-29,Germany,DEU,T-06,Belgium,BEL,32,3.0,2.0,1.0,-1.0,0.0,0.0,0-0,0.0,0.0,home team win,1.0,0.0,0.0,163705,https://sofifa.com/player/163705/steve-mandanda/20/159586,S. Mandanda,Steve Mandanda,34,1985-03-28,185,80,France,Olympique de Marseille,GK,Right,GK,30.0
502.0,WC-1994,1994 FIFA World Cup,M-1994-38,Spain v Switzerland,round of 16,not applicable,0.0,1.0,0.0,0.0,7/2/1994,16:30,S-190,RFK Stadium,"Washington, D.C.",United States,T-71,Spain,ESP,T-73,Switzerland,CHE,30,3.0,0.0,3.0,-3.0,0.0,0.0,0-0,0.0,0.0,home team win,1.0,0.0,0.0,164029,https://sofifa.com/player/164029/charles-dias-de-oliveira/20/159586,Charles,Charles Dias De Oliveira,35,1984-04-04,179,76,Brazil,SD Eibar,ST,Right,SUB,19.0
503.0,WC-1994,1994 FIFA World Cup,M-1994-39,Saudi Arabia v Sweden,round of 16,not applicable,0.0,1.0,0.0,0.0,7/3/1994,12:00,S-183,Cotton Bowl,Dallas,United States,T-61,Saudi Arabia,SAU,T-72,Sweden,SWE,13,1.0,3.0,-2.0,2.0,0.0,0.0,0-0,0.0,0.0,away team win,0.0,1.0,0.0,165109,https://sofifa.com/player/165109/stefan-radu/20/159586,S. Radu,Ştefan Daniel Radu,32,1986-10-22,183,79,Romania,Lazio,CB,Left,SUB,26.0
504.0,WC-1994,1994 FIFA World Cup,M-1994-40,Romania v Argentina,round of 16,not applicable,0.0,1.0,0.0,0.0,7/3/1994,13:30,S-187,Rose Bowl,Pasadena,United States,T-59,Romania,ROU,T-03,Argentina,ARG,32,3.0,2.0,1.0,-1.0,0.0,0.0,0-0,0.0,0.0,home team win,1.0,0.0,0.0,169595,https://sofifa.com/player/169595/danny-rose/20/159586,D. Rose,Danny Rose,28,1990-07-02,174,76,England,Tottenham Hotspur,"LB, LWB",Left,LB,3.0
505.0,WC-1994,1994 FIFA World Cup,M-1994-41,Netherlands v Republic of Ireland,round of 16,not applicable,0.0,1.0,0.0,0.0,7/4/1994,12:00,S-186,Citrus Bowl,Orlando,United States,T-46,Netherlands,NLD,T-58,Republic of Ireland,IRL,20,2.0,0.0,2.0,-2.0,0.0,0.0,0-0,0.0,0.0,home team win,1.0,0.0,0.0,170368,https://sofifa.com/player/170368/erik-lamela/20/159586,E. Lamela,Erik Lamela,27,1992-03-04,184,80,Argentina,Tottenham Hotspur,"RM, LM, CAM",Left,SUB,11.0
506.0,WC-1994,1994 FIFA World Cup,M-1994-42,Brazil v United States,round of 16,not applicable,0.0,1.0,0.0,0.0,7/4/1994,12:30,S-189,Stanford Stadium,Stanford,United States,T-09,Brazil,BRA,T-80,United States,USA,10,1.0,0.0,1.0,-1.0,0.0,0.0,0-0,0.0,0.0,home team win,1.0,0.0,0.0,171579,https://sofifa.com/player/171579/raul-garcia-escudero/20/159586,Raúl García,Raúl García Escudero,32,1986-07-11,184,83,Spain,Athletic Club de Bilbao,CAM,Right,CAM,22.0
507.0,WC-1994,1994 FIFA World Cup,M-1994-43,Nigeria v Italy,round of 16,not applicable,0.0,1.0,0.0,0.0,7/5/1994,13:00,S-185,Foxboro Stadium,Foxborough,United States,T-48,Nigeria,NGA,T-39,Italy,ITA,12,1.0,2.0,-1.0,1.0,1.0,0.0,0-0,0.0,0.0,away team win,0.0,1.0,0.0,171919,https://sofifa.com/player/171919/ronaldo-aparecido-rodrigues/20/159586,Naldo,Ronaldo  Aparecido Rodrigues,36,1982-09-10,198,91,Brazil,AS Monaco,CB,Right,SUB,27.0
508.0,WC-1994,1994 FIFA World Cup,M-1994-44,Mexico v Bulgaria,round of 16,not applicable,0.0,1.0,0.0,0.0,7/5/1994,16:30,S-184,Giants Stadium,East Rutherford,United States,T-44,Mexico,MEX,T-10,Bulgaria,BGR,11,1.0,1.0,0.0,0.0,1.0,1.0,13,1.0,3.0,away team win,0.0,1.0,0.0,172522,https://sofifa.com/player/172522/daniel-wass/20/159586,D. Wass,Daniel Wass,30,1989-05-31,181,74,Denmark,Valencia CF,"CM, RB, RM",Right,RB,18.0
509.0,WC-1994,1994 FIFA World Cup,M-1994-45,Italy v Spain,quarter-finals,not applicable,0.0,1.0,0.0,0.0,7/9/1994,12:00,S-185,Foxboro Stadium,Foxborough,United States,T-39,Italy,ITA,T-71,Spain,ESP,21,2.0,1.0,1.0,-1.0,0.0,0.0,0-0,0.0,0.0,home team win,1.0,0.0,0.0,173373,https://sofifa.com/player/173373/sergio-romero/20/159586,S. Romero,Sergio Germán Romero,32,1987-02-22,192,86,Argentina,Manchester United,GK,Right,SUB,22.0
510.0,WC-1994,1994 FIFA World Cup,M-1994-46,Netherlands v Brazil,quarter-finals,not applicable,0.0,1.0,0.0,0.0,7/9/1994,14:30,S-183,Cotton Bowl,Dallas,United States,T-46,Netherlands,NLD,T-09,Brazil,BRA,23,2.0,3.0,-1.0,1.0,0.0,0.0,0-0,0.0,0.0,away team win,0.0,1.0,0.0,175379,https://sofifa.com/player/175379/pedro-leon-sanchez-gil/20/159586,Pedro León,Pedro León Sánchez Gil,32,1986-11-24,183,73,Spain,SD Eibar,RM,Right,RM,21.0
511.0,WC-1994,1994 FIFA World Cup,M-1994-47,Bulgaria v Germany,quarter-finals,not applicable,0.0,1.0,0.0,0.0,7/10/1994,12:00,S-184,Giants Stadium,East Rutherford,United States,T-10,Bulgaria,BGR,T-29,Germany,DEU,21,2.0,1.0,1.0,-1.0,0.0,0.0,0-0,0.0,0.0,home team win,1.0,0.0,0.0,176376,https://sofifa.com/player/176376/ignacio-piatti/20/159586,I. Piatti,Ignacio Piatti,34,1985-02-04,180,76,Argentina,Montreal Impact,"LW, CF, ST",Right,SUB,10.0
512.0,WC-1994,1994 FIFA World Cup,M-1994-48,Romania v Sweden,quarter-finals,not applicable,0.0,1.0,0.0,0.0,7/10/1994,12:30,S-189,Stanford Stadium,Stanford,United States,T-59,Romania,ROU,T-72,Sweden,SWE,22,2.0,2.0,0.0,0.0,1.0,1.0,45,4.0,5.0,away team win,0.0,1.0,0.0,176550,https://sofifa.com/player/176550/david-ospina/20/159586,D. Ospina,David Ospina Ramírez,30,1988-08-31,183,80,Colombia,Napoli,GK,Right,SUB,25.0
513.0,WC-1994,1994 FIFA World Cup,M-1994-49,Bulgaria v Italy,semi-finals,not applicable,0.0,1.0,0.0,0.0,7/13/1994,16:00,S-184,Giants Stadium,East Rutherford,United States,T-10,Bulgaria,BGR,T-39,Italy,ITA,12,1.0,2.0,-1.0,1.0,0.0,0.0,0-0,0.0,0.0,away team win,0.0,1.0,0.0,176930,https://sofifa.com/player/176930/marcelo-diaz/20/159586,M. Díaz,Marcelo Alfonso Díaz Rojas,32,1986-12-30,166,63,Chile,Racing Club,"CDM, CM",Right,CDM,21.0
514.0,WC-1994,1994 FIFA World Cup,M-1994-50,Sweden v Brazil,semi-finals,not applicable,0.0,1.0,0.0,0.0,7/13/1994,16:30,S-187,Rose Bowl,Pasadena,United States,T-72,Sweden,SWE,T-09,Brazil,BRA,01,0.0,1.0,-1.0,1.0,0.0,0.0,0-0,0.0,0.0,away team win,0.0,1.0,0.0,177326,https://sofifa.com/player/177326/mathieu-valbuena/20/159586,M. Valbuena,Mathieu Valbuena,34,1984-09-28,165,63,France,Olympiacos CFP,"LM, CAM",Right,CAM,28.0
515.0,WC-1994,1994 FIFA World Cup,M-1994-51,Sweden v Bulgaria,third-place match,not applicable,0.0,1.0,0.0,0.0,7/16/1994,12:30,S-187,Rose Bowl,Pasadena,United States,T-72,Sweden,SWE,T-10,Bulgaria,BGR,40,4.0,0.0,4.0,-4.0,0.0,0.0,0-0,0.0,0.0,home team win,1.0,0.0,0.0,177457,https://sofifa.com/player/177457/lars-bender/20/159586,L. Bender,Lars Bender,30,1989-04-27,185,81,Germany,Bayer 04 Leverkusen,"RB, CDM, CM",Right,RM,8.0
516.0,WC-1994,1994 FIFA World Cup,M-1994-52,Brazil v Italy,final,not applicable,0.0,1.0,0.0,0.0,7/17/1994,12:30,S-187,Rose Bowl,Pasadena,United States,T-09,Brazil,BRA,T-39,Italy,ITA,00,0.0,0.0,0.0,0.0,1.0,1.0,32,3.0,2.0,home team win,1.0,0.0,0.0,177458,https://sofifa.com/player/177458/sven-bender/20/159586,S. Bender,Sven Bender,30,1989-04-27,186,81,Germany,Bayer 04 Leverkusen,"CB, CDM",Right,CB,5.0
517.0,WC-1998,1998 FIFA World Cup,M-1998-01,Brazil v Scotland,group stage,Group A,1.0,0.0,0.0,0.0,6/10/1998,17:30,S-048,Stade de France,Saint-Denis,France,T-09,Brazil,BRA,T-62,Scotland,SCO,21,2.0,1.0,1.0,-1.0,0.0,0.0,0-0,0.0,0.0,home team win,1.0,0.0,0.0,178213,https://sofifa.com/player/178213/etienne-capoue/20/159586,E. Capoue,Etienne Capoue,30,1988-07-11,190,87,France,Watford,"CDM, CM",Right,LDM,29.0
518.0,WC-1998,1998 FIFA World Cup,M-1998-02,Morocco v Norway,group stage,Group A,1.0,0.0,0.0,0.0,6/10/1998,21:00,S-043,Stade de la Mosson,Montpellier,France,T-45,Morocco,MAR,T-51,Norway,NOR,22,2.0,2.0,0.0,0.0,0.0,0.0,0-0,0.0,0.0,draw,0.0,0.0,1.0,178424,https://sofifa.com/player/178424/vitorino-pacheco-antunes/20/159586,Antunes,Vitorino Gabriel  Pacheco Antunes,32,1987-04-01,176,70,Portugal,Getafe CF,LB,Left,LB,3.0
519.0,WC-1998,1998 FIFA World Cup,M-1998-03,Italy v Chile,group stage,Group B,1.0,0.0,0.0,0.0,6/11/1998,17:30,S-037,Stade du Parc Lescure,Bordeaux,France,T-39,Italy,ITA,T-13,Chile,CHL,22,2.0,2.0,0.0,0.0,0.0,0.0,0-0,0.0,0.0,draw,0.0,0.0,1.0,179783,https://sofifa.com/player/179783/ralf-fahrmann/20/159586,R. Fährmann,Ralf Fährmann,30,1988-09-27,197,98,Germany,Norwich City,GK,Right,SUB,21.0
520.0,WC-1998,1998 FIFA World Cup,M-1998-04,Cameroon v Austria,group stage,Group B,1.0,0.0,0.0,0.0,6/11/1998,21:00,S-051,Stade de Toulouse,Toulouse,France,T-11,Cameroon,CMR,T-05,Austria,AUT,11,1.0,1.0,0.0,0.0,0.0,0.0,0-0,0.0,0.0,draw,0.0,0.0,1.0,179847,https://sofifa.com/player/179847/federico-fazio/20/159586,F. Fazio,Federico Julián Fazio,32,1987-03-17,195,85,Argentina,Roma,CB,Right,RCB,20.0
521.0,WC-1998,1998 FIFA World Cup,M-1998-05,Paraguay v Bulgaria,group stage,Group D,1.0,0.0,0.0,0.0,6/12/1998,14:30,S-043,Stade de la Mosson,Montpellier,France,T-53,Paraguay,PRY,T-10,Bulgaria,BGR,00,0.0,0.0,0.0,0.0,0.0,0.0,0-0,0.0,0.0,draw,0.0,0.0,1.0,181098,https://sofifa.com/player/181098/makoto-hasebe/20/159586,M. Hasebe,長谷 部誠,35,1984-01-18,180,72,Japan,Eintracht Frankfurt,"CB, CDM",Right,CB,20.0
522.0,WC-1998,1998 FIFA World Cup,M-1998-06,Saudi Arabia v Denmark,group stage,Group C,1.0,0.0,0.0,0.0,6/12/1998,17:30,S-039,Stade Félix-Bollaert,Lens,France,T-61,Saudi Arabia,SAU,T-21,Denmark,DNK,01,0.0,1.0,-1.0,1.0,0.0,0.0,0-0,0.0,0.0,away team win,0.0,1.0,0.0,182002,https://sofifa.com/player/182002/sidnei-rechel-da-silva-junior/20/159586,Sidnei,Sidnei Rechel da Silva Júnior,29,1989-08-23,185,80,Brazil,Real Betis,CB,Right,LCB,12.0
523.0,WC-1998,1998 FIFA World Cup,M-1998-07,France v South Africa,group stage,Group C,1.0,0.0,0.0,0.0,6/12/1998,21:00,S-042,Stade Vélodrome,Marseille,France,T-28,France,FRA,T-68,South Africa,ZAF,30,3.0,0.0,3.0,-3.0,0.0,0.0,0-0,0.0,0.0,home team win,1.0,0.0,0.0,183900,https://sofifa.com/player/183900/diego-perotti/20/159586,D. Perotti,Diego Perotti,30,1988-07-26,179,70,Argentina,Roma,LW,Right,SUB,8.0
524.0,WC-1998,1998 FIFA World Cup,M-1998-08,Spain v Nigeria,group stage,Group D,1.0,0.0,0.0,0.0,6/13/1998,14:30,S-044,Stade de la Beaujoire,Nantes,France,T-71,Spain,ESP,T-48,Nigeria,NGA,23,2.0,3.0,-1.0,1.0,0.0,0.0,0-0,0.0,0.0,away team win,0.0,1.0,0.0,184252,https://sofifa.com/player/184252/lucas-pratto/20/159586,L. Pratto,Lucas David Pratto,31,1988-06-04,187,91,Argentina,River Plate,ST,Right,LS,27.0
525.0,WC-1998,1998 FIFA World Cup,M-1998-09,South Korea v Mexico,group stage,Group E,1.0,0.0,0.0,0.0,6/13/1998,17:30,S-041,Stade de Gerland,Lyon,France,T-69,South Korea,KOR,T-44,Mexico,MEX,13,1.0,3.0,-2.0,2.0,0.0,0.0,0-0,0.0,0.0,away team win,0.0,1.0,0.0,184881,https://sofifa.com/player/184881/sofiane-feghouli/20/159586,S. Feghouli,Sofiane Feghouli,29,1989-12-26,176,75,Algeria,Galatasaray SK,"RM, RW, CAM",Right,RM,89.0
526.0,WC-1998,1998 FIFA World Cup,M-1998-10,Netherlands v Belgium,group stage,Group E,1.0,0.0,0.0,0.0,6/13/1998,21:00,S-048,Stade de France,Saint-Denis,France,T-46,Netherlands,NLD,T-06,Belgium,BEL,00,0.0,0.0,0.0,0.0,0.0,0.0,0-0,0.0,0.0,draw,0.0,0.0,1.0,186345,https://sofifa.com/player/186345/kieran-trippier/20/159586,K. Trippier,Kieran Trippier,28,1990-09-19,173,71,England,Atlético Madrid,"RB, RWB",Right,RB,23.0
527.0,WC-1998,1998 FIFA World Cup,M-1998-11,Argentina v Japan,group stage,Group H,1.0,0.0,0.0,0.0,6/14/1998,14:30,S-051,Stade de Toulouse,Toulouse,France,T-03,Argentina,ARG,T-42,Japan,JPN,10,1.0,0.0,1.0,-1.0,0.0,0.0,0-0,0.0,0.0,home team win,1.0,0.0,0.0,186547,https://sofifa.com/player/186547/mateo-musacchio/20/159586,M. Musacchio,Mateo Pablo Musacchio,28,1990-08-26,180,73,Argentina,Milan,CB,Right,RCB,22.0
528.0,WC-1998,1998 FIFA World Cup,M-1998-12,Yugoslavia v Iran,group stage,Group F,1.0,0.0,0.0,0.0,6/14/1998,17:30,S-049,Stade Geoffroy-Guichard,Saint-Étienne,France,T-84,Yugoslavia,YUG,T-36,Iran,IRN,10,1.0,0.0,1.0,-1.0,0.0,0.0,0-0,0.0,0.0,home team win,1.0,0.0,0.0,187052,https://sofifa.com/player/187052/yann-mvila/20/159586,Y. M'Vila,Yann Gérard M'Vila,29,1990-06-29,182,80,France,AS Saint-Étienne,"CDM, CM",Right,LDM,6.0
529.0,WC-1998,1998 FIFA World Cup,M-1998-13,Jamaica v Croatia,group stage,Group H,1.0,0.0,0.0,0.0,6/14/1998,21:00,S-039,Stade Félix-Bollaert,Lens,France,T-41,Jamaica,JAM,T-17,Croatia,HRV,13,1.0,3.0,-2.0,2.0,0.0,0.0,0-0,0.0,0.0,away team win,0.0,1.0,0.0,187072,https://sofifa.com/player/187072/lars-stindl/20/159586,L. Stindl,Lars Stindl,30,1988-08-26,181,80,Germany,Borussia Mönchengladbach,CF,Right,RES,13.0
530.0,WC-1998,1998 FIFA World Cup,M-1998-14,England v Tunisia,group stage,Group G,1.0,0.0,0.0,0.0,6/15/1998,14:30,S-042,Stade Vélodrome,Marseille,France,T-27,England,ENG,T-76,Tunisia,TUN,20,2.0,0.0,2.0,-2.0,0.0,0.0,0-0,0.0,0.0,home team win,1.0,0.0,0.0,187491,https://sofifa.com/player/187491/fedor-smolov/20/159586,F. Smolov,Fyodor Smolov,29,1990-02-09,187,80,Russia,Lokomotiv Moscow,ST,Right,ST,9.0
531.0,WC-1998,1998 FIFA World Cup,M-1998-15,Romania v Colombia,group stage,Group G,1.0,0.0,0.0,0.0,6/15/1998,17:30,S-041,Stade de Gerland,Lyon,France,T-59,Romania,ROU,T-15,Colombia,COL,10,1.0,0.0,1.0,-1.0,0.0,0.0,0-0,0.0,0.0,home team win,1.0,0.0,0.0,187936,https://sofifa.com/player/187936/steven-nzonzi/20/159586,S. Nzonzi,Steven N'Kemboanza Mike Christopher Nzonzi,30,1988-12-15,196,75,France,Galatasaray SK,"CDM, CM",Right,SUB,4.0
532.0,WC-1998,1998 FIFA World Cup,M-1998-16,Germany v United States,group stage,Group F,1.0,0.0,0.0,0.0,6/15/1998,21:00,S-045,Parc des Princes,Paris,France,T-29,Germany,DEU,T-80,United States,USA,20,2.0,0.0,2.0,-2.0,0.0,0.0,0-0,0.0,0.0,home team win,1.0,0.0,0.0,189271,https://sofifa.com/player/189271/francis-coquelin/20/159586,F. Coquelin,Francis Coquelin,28,1991-05-13,177,74,France,Valencia CF,"CM, CDM",Right,LCM,17.0
533.0,WC-1998,1998 FIFA World Cup,M-1998-17,Scotland v Norway,group stage,Group A,1.0,0.0,0.0,0.0,6/16/1998,17:30,S-037,Stade du Parc Lescure,Bordeaux,France,T-62,Scotland,SCO,T-51,Norway,NOR,11,1.0,1.0,0.0,0.0,0.0,0.0,0-0,0.0,0.0,draw,0.0,0.0,1.0,189362,https://sofifa.com/player/189362/givanildo-vieira-de-souza/20/159586,Hulk,Givanildo Vieira de Souza,32,1986-07-25,179,92,Brazil,Shanghai SIPG FC,"RM, RW, ST",Left,RW,10.0
534.0,WC-1998,1998 FIFA World Cup,M-1998-18,Brazil v Morocco,group stage,Group A,1.0,0.0,0.0,0.0,6/16/1998,21:00,S-044,Stade de la Beaujoire,Nantes,France,T-09,Brazil,BRA,T-45,Morocco,MAR,30,3.0,0.0,3.0,-3.0,0.0,0.0,0-0,0.0,0.0,home team win,1.0,0.0,0.0,189712,https://sofifa.com/player/189712/kevin-strootman/20/159586,K. Strootman,Kevin Strootman,29,1990-02-13,186,80,Netherlands,Olympique de Marseille,"CM, CDM",Left,SUB,12.0
535.0,WC-1998,1998 FIFA World Cup,M-1998-19,Chile v Austria,group stage,Group B,1.0,0.0,0.0,0.0,6/17/1998,17:30,S-049,Stade Geoffroy-Guichard,Saint-Étienne,France,T-13,Chile,CHL,T-05,Austria,AUT,11,1.0,1.0,0.0,0.0,0.0,0.0,0-0,0.0,0.0,draw,0.0,0.0,1.0,189881,https://sofifa.com/player/189881/chris-smalling/20/159586,C. Smalling,Chris Smalling,29,1989-11-22,194,81,England,Manchester United,CB,Right,SUB,12.0
536.0,WC-1998,1998 FIFA World Cup,M-1998-20,Italy v Cameroon,group stage,Group B,1.0,0.0,0.0,0.0,6/17/1998,21:00,S-043,Stade de la Mosson,Montpellier,France,T-39,Italy,ITA,T-11,Cameroon,CMR,30,3.0,0.0,3.0,-3.0,0.0,0.0,0-0,0.0,0.0,home team win,1.0,0.0,0.0,190547,https://sofifa.com/player/190547/kamil-glik/20/159586,K. Glik,Kamil Glik,31,1988-02-03,190,80,Poland,AS Monaco,CB,Right,RCB,25.0
537.0,WC-1998,1998 FIFA World Cup,M-1998-21,South Africa v Denmark,group stage,Group C,1.0,0.0,0.0,0.0,6/18/1998,17:30,S-051,Stade de Toulouse,Toulouse,France,T-68,South Africa,ZAF,T-21,Denmark,DNK,11,1.0,1.0,0.0,0.0,0.0,0.0,0-0,0.0,0.0,draw,0.0,0.0,1.0,190972,https://sofifa.com/player/190972/eduardo-salvio/20/159586,E. Salvio,Eduardo Antonio Salvio,28,1990-07-13,172,66,Argentina,Boca Juniors,RM,Right,SUB,11.0
538.0,WC-1998,1998 FIFA World Cup,M-1998-22,France v Saudi Arabia,group stage,Group C,1.0,0.0,0.0,0.0,6/18/1998,21:00,S-048,Stade de France,Saint-Denis,France,T-28,France,FRA,T-61,Saudi Arabia,SAU,40,4.0,0.0,4.0,-4.0,0.0,0.0,0-0,0.0,0.0,home team win,1.0,0.0,0.0,192593,https://sofifa.com/player/192593/danijel-subasic/20/159586,D. Subašić,Danijel Subašić,34,1984-10-27,191,84,Croatia,AS Monaco,GK,Right,SUB,1.0
539.0,WC-1998,1998 FIFA World Cup,M-1998-23,Nigeria v Bulgaria,group stage,Group D,1.0,0.0,0.0,0.0,6/19/1998,17:30,S-045,Parc des Princes,Paris,France,T-48,Nigeria,NGA,T-10,Bulgaria,BGR,10,1.0,0.0,1.0,-1.0,0.0,0.0,0-0,0.0,0.0,home team win,1.0,0.0,0.0,192641,https://sofifa.com/player/192641/kevin-vogt/20/159586,K. Vogt,Kevin Vogt,27,1991-09-23,194,85,Germany,TSG 1899 Hoffenheim,CB,Right,CB,22.0
540.0,WC-1998,1998 FIFA World Cup,M-1998-24,Spain v Paraguay,group stage,Group D,1.0,0.0,0.0,0.0,6/19/1998,21:00,S-049,Stade Geoffroy-Guichard,Saint-Étienne,France,T-71,Spain,ESP,T-53,Paraguay,PRY,00,0.0,0.0,0.0,0.0,0.0,0.0,0-0,0.0,0.0,draw,0.0,0.0,1.0,193061,https://sofifa.com/player/193061/roberto-pereyra/20/159586,R. Pereyra,Roberto Pereyra,28,1991-01-07,182,77,Argentina,Watford,"LM, CAM",Right,LM,37.0
541.0,WC-1998,1998 FIFA World Cup,M-1998-25,Japan v Croatia,group stage,Group H,1.0,0.0,0.0,0.0,6/20/1998,14:30,S-044,Stade de la Beaujoire,Nantes,France,T-42,Japan,JPN,T-17,Croatia,HRV,01,0.0,1.0,-1.0,1.0,0.0,0.0,0-0,0.0,0.0,away team win,0.0,1.0,0.0,193738,https://sofifa.com/player/193738/younes-belhanda/20/159586,Y. Belhanda,Younès Belhanda,29,1990-02-25,179,75,Morocco,Galatasaray SK,"CAM, CM",Right,LCM,10.0
542.0,WC-1998,1998 FIFA World Cup,M-1998-26,Belgium v Mexico,group stage,Group E,1.0,0.0,0.0,0.0,6/20/1998,17:30,S-037,Stade du Parc Lescure,Bordeaux,France,T-06,Belgium,BEL,T-44,Mexico,MEX,22,2.0,2.0,0.0,0.0,0.0,0.0,0-0,0.0,0.0,draw,0.0,0.0,1.0,194879,https://sofifa.com/player/194879/sergi-enrich-ametller/20/159586,Sergi Enrich,Sergio Enrich Ametller,29,1990-02-26,181,77,Spain,SD Eibar,ST,Right,RS,9.0
543.0,WC-1998,1998 FIFA World Cup,M-1998-27,Netherlands v South Korea,group stage,Group E,1.0,0.0,0.0,0.0,6/20/1998,21:00,S-042,Stade Vélodrome,Marseille,France,T-46,Netherlands,NLD,T-69,South Korea,KOR,50,5.0,0.0,5.0,-5.0,0.0,0.0,0-0,0.0,0.0,home team win,1.0,0.0,0.0,195086,https://sofifa.com/player/195086/dejan-lovren/20/159586,D. Lovren,Dejan Lovren,29,1989-07-05,188,84,Croatia,Liverpool,CB,Right,SUB,6.0
544.0,WC-1998,1998 FIFA World Cup,M-1998-28,Germany v Yugoslavia,group stage,Group F,1.0,0.0,0.0,0.0,6/21/1998,14:30,S-039,Stade Félix-Bollaert,Lens,France,T-29,Germany,DEU,T-84,Yugoslavia,YUG,22,2.0,2.0,0.0,0.0,0.0,0.0,0-0,0.0,0.0,draw,0.0,0.0,1.0,196889,https://sofifa.com/player/196889/simone-verdi/20/159586,S. Verdi,Simone Verdi,26,1992-07-12,171,61,Italy,Napoli,"LM, RW",Left,SUB,9.0
545.0,WC-1998,1998 FIFA World Cup,M-1998-29,Argentina v Jamaica,group stage,Group H,1.0,0.0,0.0,0.0,6/21/1998,17:30,S-045,Parc des Princes,Paris,France,T-03,Argentina,ARG,T-41,Jamaica,JAM,50,5.0,0.0,5.0,-5.0,0.0,0.0,0-0,0.0,0.0,home team win,1.0,0.0,0.0,199110,https://sofifa.com/player/199110/luis-muriel/20/159586,L. Muriel,Luis Fernando Muriel Fruto,28,1991-04-16,179,79,Colombia,Atalanta,ST,Right,SUB,9.0
546.0,WC-1998,1998 FIFA World Cup,M-1998-30,United States v Iran,group stage,Group F,1.0,0.0,0.0,0.0,6/21/1998,21:00,S-041,Stade de Gerland,Lyon,France,T-80,United States,USA,T-36,Iran,IRN,12,1.0,2.0,-1.0,1.0,0.0,0.0,0-0,0.0,0.0,away team win,0.0,1.0,0.0,199206,https://sofifa.com/player/199206/domagoj-vida/20/159586,D. Vida,Domagoj Vida,30,1989-04-29,184,76,Croatia,Beşiktaş JK,"CB, RB",Right,RCB,24.0
547.0,WC-1998,1998 FIFA World Cup,M-1998-31,Colombia v Tunisia,group stage,Group G,1.0,0.0,0.0,0.0,6/22/1998,17:30,S-043,Stade de la Mosson,Montpellier,France,T-15,Colombia,COL,T-76,Tunisia,TUN,10,1.0,0.0,1.0,-1.0,0.0,0.0,0-0,0.0,0.0,home team win,1.0,0.0,0.0,199416,https://sofifa.com/player/199416/ibai-gomez-perez/20/159586,Ibai Gómez,Ibai Gómez Pérez,29,1989-11-11,177,72,Spain,Athletic Club de Bilbao,"RM, RW, LM",Right,SUB,19.0
548.0,WC-1998,1998 FIFA World Cup,M-1998-32,Romania v England,group stage,Group G,1.0,0.0,0.0,0.0,6/22/1998,21:00,S-051,Stade de Toulouse,Toulouse,France,T-59,Romania,ROU,T-27,England,ENG,21,2.0,1.0,1.0,-1.0,0.0,0.0,0-0,0.0,0.0,home team win,1.0,0.0,0.0,200260,https://sofifa.com/player/200260/steven-berghuis/20/159586,S. Berghuis,Steven Berghuis,27,1991-12-19,182,75,Netherlands,Feyenoord,RW,Left,RW,10.0
549.0,WC-1998,1998 FIFA World Cup,M-1998-33,Chile v Cameroon,group stage,Group B,1.0,0.0,0.0,0.0,6/23/1998,16:00,S-044,Stade de la Beaujoire,Nantes,France,T-13,Chile,CHL,T-11,Cameroon,CMR,11,1.0,1.0,0.0,0.0,0.0,0.0,0-0,0.0,0.0,draw,0.0,0.0,1.0,200315,https://sofifa.com/player/200315/cristian-tello-herrera/20/159586,Cristian Tello,Cristian Tello Herrera,27,1991-08-19,178,65,Spain,Real Betis,"LM, RM",Right,SUB,11.0
550.0,WC-1998,1998 FIFA World Cup,M-1998-34,Italy v Austria,group stage,Group B,1.0,0.0,0.0,0.0,6/23/1998,16:00,S-048,Stade de France,Saint-Denis,France,T-39,Italy,ITA,T-05,Austria,AUT,21,2.0,1.0,1.0,-1.0,0.0,0.0,0-0,0.0,0.0,home team win,1.0,0.0,0.0,201119,https://sofifa.com/player/201119/ismaily-goncalves-dos-s/20/159586,Ismaily,Ismaily Gonçalves dos S.,29,1990-01-11,177,78,Brazil,Shakhtar Donetsk,LB,Left,LB,31.0
551.0,WC-1998,1998 FIFA World Cup,M-1998-35,Brazil v Norway,group stage,Group A,1.0,0.0,0.0,0.0,6/23/1998,21:00,S-042,Stade Vélodrome,Marseille,France,T-09,Brazil,BRA,T-51,Norway,NOR,12,1.0,2.0,-1.0,1.0,0.0,0.0,0-0,0.0,0.0,away team win,0.0,1.0,0.0,201454,https://sofifa.com/player/201454/faouzi-ghoulam/20/159586,F. Ghoulam,Faouzi Ghoulam,28,1991-02-01,184,80,Algeria,Napoli,LB,Left,LB,31.0
552.0,WC-1998,1998 FIFA World Cup,M-1998-36,Scotland v Morocco,group stage,Group A,1.0,0.0,0.0,0.0,6/23/1998,21:00,S-049,Stade Geoffroy-Guichard,Saint-Étienne,France,T-62,Scotland,SCO,T-45,Morocco,MAR,03,0.0,3.0,-3.0,3.0,0.0,0.0,0-0,0.0,0.0,away team win,0.0,1.0,0.0,201956,https://sofifa.com/player/201956/salif-sane/20/159586,S. Sané,Salif Sané,28,1990-08-25,196,85,Senegal,FC Schalke 04,"CB, CDM",Right,RCB,26.0
553.0,WC-1998,1998 FIFA World Cup,M-1998-37,France v Denmark,group stage,Group C,1.0,0.0,0.0,0.0,6/24/1998,16:00,S-041,Stade de Gerland,Lyon,France,T-28,France,FRA,T-21,Denmark,DNK,21,2.0,1.0,1.0,-1.0,0.0,0.0,0-0,0.0,0.0,home team win,1.0,0.0,0.0,202685,https://sofifa.com/player/202685/simone-zaza/20/159586,S. Zaza,Simone Zaza,28,1991-06-25,186,84,Italy,Torino,ST,Left,SUB,11.0
554.0,WC-1998,1998 FIFA World Cup,M-1998-38,South Africa v Saudi Arabia,group stage,Group C,1.0,0.0,0.0,0.0,6/24/1998,16:00,S-037,Stade du Parc Lescure,Bordeaux,France,T-68,South Africa,ZAF,T-61,Saudi Arabia,SAU,22,2.0,2.0,0.0,0.0,0.0,0.0,0-0,0.0,0.0,draw,0.0,0.0,1.0,203890,https://sofifa.com/player/203890/sime-vrsaljko/20/159586,S. Vrsaljko,Šime Vrsaljko,27,1992-01-10,181,76,Croatia,Atlético Madrid,RB,Right,SUB,24.0
555.0,WC-1998,1998 FIFA World Cup,M-1998-39,Nigeria v Paraguay,group stage,Group D,1.0,0.0,0.0,0.0,6/24/1998,21:00,S-051,Stade de Toulouse,Toulouse,France,T-48,Nigeria,NGA,T-53,Paraguay,PRY,13,1.0,3.0,-2.0,2.0,0.0,0.0,0-0,0.0,0.0,away team win,0.0,1.0,0.0,203895,https://sofifa.com/player/203895/alejandro-pozuelo-melero/20/159586,Pozuelo,Alejandro Pozuelo Melero,27,1991-09-20,170,73,Spain,Toronto FC,"CAM, CF",Right,CAM,10.0
556.0,WC-1998,1998 FIFA World Cup,M-1998-40,Spain v Bulgaria,group stage,Group D,1.0,0.0,0.0,0.0,6/24/1998,21:00,S-039,Stade Félix-Bollaert,Lens,France,T-71,Spain,ESP,T-10,Bulgaria,BGR,61,6.0,1.0,5.0,-5.0,0.0,0.0,0-0,0.0,0.0,home team win,1.0,0.0,0.0,204838,https://sofifa.com/player/204838/raul-jimenez/20/159586,R. Jiménez,Raúl Alonso Jiménez Rodríguez,28,1991-05-05,188,81,Mexico,Wolverhampton Wanderers,ST,Right,RS,9.0
557.0,WC-1998,1998 FIFA World Cup,M-1998-41,Belgium v South Korea,group stage,Group E,1.0,0.0,0.0,0.0,6/25/1998,16:00,S-045,Parc des Princes,Paris,France,T-06,Belgium,BEL,T-69,South Korea,KOR,11,1.0,1.0,0.0,0.0,0.0,0.0,0-0,0.0,0.0,draw,0.0,0.0,1.0,205525,https://sofifa.com/player/205525/bernard-anicio-caldeira-duarte/20/159586,Bernard,Bernard  Anício Caldeira Duarte,26,1992-09-08,164,60,Brazil,Everton,LM,Right,LM,20.0
558.0,WC-1998,1998 FIFA World Cup,M-1998-42,Netherlands v Mexico,group stage,Group E,1.0,0.0,0.0,0.0,6/25/1998,16:00,S-049,Stade Geoffroy-Guichard,Saint-Étienne,France,T-46,Netherlands,NLD,T-44,Mexico,MEX,22,2.0,2.0,0.0,0.0,0.0,0.0,0-0,0.0,0.0,draw,0.0,0.0,1.0,206413,https://sofifa.com/player/206413/taras-stepanenko/20/159586,T. Stepanenko,Taras Stepanenko,29,1989-08-08,181,76,Ukraine,Shakhtar Donetsk,CDM,Left,RDM,6.0
559.0,WC-1998,1998 FIFA World Cup,M-1998-43,Germany v Iran,group stage,Group F,1.0,0.0,0.0,0.0,6/25/1998,21:00,S-043,Stade de la Mosson,Montpellier,France,T-29,Germany,DEU,T-36,Iran,IRN,20,2.0,0.0,2.0,-2.0,0.0,0.0,0-0,0.0,0.0,home team win,1.0,0.0,0.0,214584,https://sofifa.com/player/214584/franco-armani/20/159586,F. Armani,Franco Armani,32,1986-10-16,189,88,Argentina,River Plate,GK,Right,GK,1.0
560.0,WC-1998,1998 FIFA World Cup,M-1998-44,United States v Yugoslavia,group stage,Group F,1.0,0.0,0.0,0.0,6/25/1998,21:00,S-044,Stade de la Beaujoire,Nantes,France,T-80,United States,USA,T-84,Yugoslavia,YUG,01,0.0,1.0,-1.0,1.0,0.0,0.0,0-0,0.0,0.0,away team win,0.0,1.0,0.0,215057,https://sofifa.com/player/215057/ivan-marcone/20/159586,I. Marcone,Iván Marcone,29,1990-06-03,183,83,Argentina,Boca Juniors,"CDM, CM",Right,RCM,23.0
561.0,WC-1998,1998 FIFA World Cup,M-1998-45,Argentina v Croatia,group stage,Group H,1.0,0.0,0.0,0.0,6/26/1998,16:00,S-037,Stade du Parc Lescure,Bordeaux,France,T-03,Argentina,ARG,T-17,Croatia,HRV,10,1.0,0.0,1.0,-1.0,0.0,0.0,0-0,0.0,0.0,home team win,1.0,0.0,0.0,222943,https://sofifa.com/player/222943/jonathan-rodriguez-menendez/20/159586,Jony,Jonathan Rodríguez Menéndez,27,1991-07-09,179,76,Spain,Lazio,LM,Left,LM,22.0
562.0,WC-1998,1998 FIFA World Cup,M-1998-46,Japan v Jamaica,group stage,Group H,1.0,0.0,0.0,0.0,6/26/1998,16:00,S-041,Stade de Gerland,Lyon,France,T-42,Japan,JPN,T-41,Jamaica,JAM,12,1.0,2.0,-1.0,1.0,0.0,0.0,0-0,0.0,0.0,away team win,0.0,1.0,0.0,223578,https://sofifa.com/player/223578/jaime-mata-arnaiz/20/159586,Mata,Jaime Mata Arnaiz,30,1988-10-24,185,79,Spain,Getafe CF,ST,Right,RS,7.0
563.0,WC-1998,1998 FIFA World Cup,M-1998-47,Colombia v England,group stage,Group G,1.0,0.0,0.0,0.0,6/26/1998,21:00,S-039,Stade Félix-Bollaert,Lens,France,T-15,Colombia,COL,T-27,England,ENG,02,0.0,2.0,-2.0,2.0,0.0,0.0,0-0,0.0,0.0,away team win,0.0,1.0,0.0,227536,https://sofifa.com/player/227536/moussa-marega/20/159586,M. Marega,Moussa Marega,28,1991-04-14,186,83,Mali,FC Porto,"ST, RM",Right,RS,11.0
564.0,WC-1998,1998 FIFA World Cup,M-1998-48,Romania v Tunisia,group stage,Group G,1.0,0.0,0.0,0.0,6/26/1998,21:00,S-048,Stade de France,Saint-Denis,France,T-59,Romania,ROU,T-76,Tunisia,TUN,11,1.0,1.0,0.0,0.0,0.0,0.0,0-0,0.0,0.0,draw,0.0,0.0,1.0,230234,https://sofifa.com/player/230234/everton-jorge-andrade-zanon/20/159586,Everton Andrão,Everton Jorge Andrade Zanon,35,1984-02-29,177,75,Brazil,Fluminense,"CDM, CM",Right,CDM,6.0
565.0,WC-1998,1998 FIFA World Cup,M-1998-49,Italy v Norway,round of 16,not applicable,0.0,1.0,0.0,0.0,6/27/1998,16:30,S-042,Stade Vélodrome,Marseille,France,T-39,Italy,ITA,T-51,Norway,NOR,10,1.0,0.0,1.0,-1.0,0.0,0.0,0-0,0.0,0.0,home team win,1.0,0.0,0.0,230347,https://sofifa.com/player/230347/welington-kaue-dano-nascimento/20/159586,Welington Dano,Welington Kauê Dano Nascimento,31,1988-02-29,178,69,Brazil,Cruzeiro,"LB, LM",Left,LB,5.0
566.0,WC-1998,1998 FIFA World Cup,M-1998-50,Brazil v Chile,round of 16,not applicable,0.0,1.0,0.0,0.0,6/27/1998,21:00,S-045,Parc des Princes,Paris,France,T-09,Brazil,BRA,T-13,Chile,CHL,41,4.0,1.0,3.0,-3.0,0.0,0.0,0-0,0.0,0.0,home team win,1.0,0.0,0.0,245294,https://sofifa.com/player/245294/jorge-ezequiel-serendero/20/159586,J. Serendero,Jorge Ezequiel Serendero,31,1988-02-29,190,85,Uruguay,Uruguay,GK,Right,Unknown,11.0
567.0,WC-1998,1998 FIFA World Cup,M-1998-51,France v Paraguay,round of 16,not applicable,0.0,1.0,0.0,0.0,6/28/1998,16:30,S-039,Stade Félix-Bollaert,Lens,France,T-28,France,FRA,T-53,Paraguay,PRY,10,1.0,0.0,1.0,-1.0,1.0,0.0,0-0,0.0,0.0,home team win,1.0,0.0,0.0,245300,https://sofifa.com/player/245300/matias-david-baldona/20/159586,M. Baldona,Matías David Baldona,35,1984-02-29,177,75,Uruguay,Uruguay,"CDM, CM",Right,Unknown,11.0
568.0,WC-1998,1998 FIFA World Cup,M-1998-52,Nigeria v Denmark,round of 16,not applicable,0.0,1.0,0.0,0.0,6/28/1998,21:00,S-048,Stade de France,Saint-Denis,France,T-48,Nigeria,NGA,T-21,Denmark,DNK,14,1.0,4.0,-3.0,3.0,0.0,0.0,0-0,0.0,0.0,away team win,0.0,1.0,0.0,245308,https://sofifa.com/player/245308/mauro-evidio-nerez/20/159586,M. Nérez,Mauro Evidio Nérez,31,1988-02-29,178,69,Uruguay,Uruguay,"LB, LM",Left,Unknown,11.0
569.0,WC-1998,1998 FIFA World Cup,M-1998-53,Germany v Mexico,round of 16,not applicable,0.0,1.0,0.0,0.0,6/29/1998,16:30,S-043,Stade de la Mosson,Montpellier,France,T-29,Germany,DEU,T-44,Mexico,MEX,21,2.0,1.0,1.0,-1.0,0.0,0.0,0-0,0.0,0.0,home team win,1.0,0.0,0.0,238794,https://sofifa.com/player/238794/vinicius-jose-de-oliveira-junior/20/159586,Vinícius Jr.,Vinícius José de Oliveira Júnior,18,2000-07-12,176,73,Brazil,Real Madrid,LW,Right,RW,28.0
570.0,WC-1998,1998 FIFA World Cup,M-1998-54,Netherlands v Yugoslavia,round of 16,not applicable,0.0,1.0,0.0,0.0,6/29/1998,21:00,S-051,Stade de Toulouse,Toulouse,France,T-46,Netherlands,NLD,T-84,Yugoslavia,YUG,21,2.0,1.0,1.0,-1.0,0.0,0.0,0-0,0.0,0.0,home team win,1.0,0.0,0.0,227535,https://sofifa.com/player/227535/rodrigo-bentancur/20/159586,R. Bentancur,Rodrigo Bentancur Colmán,22,1997-06-25,187,72,Uruguay,Juventus,CM,Right,SUB,30.0
571.0,WC-1998,1998 FIFA World Cup,M-1998-55,Romania v Croatia,round of 16,not applicable,0.0,1.0,0.0,0.0,6/30/1998,16:30,S-037,Stade du Parc Lescure,Bordeaux,France,T-59,Romania,ROU,T-17,Croatia,HRV,01,0.0,1.0,-1.0,1.0,0.0,0.0,0-0,0.0,0.0,away team win,0.0,1.0,0.0,233927,https://sofifa.com/player/233927/lucas-tolentino-coelho-de-lima/20/159586,Lucas Paquetá,Lucas Tolentino Coelho de Lima,21,1997-08-27,180,72,Brazil,Milan,"CAM, CM",Left,CAM,39.0
572.0,WC-1998,1998 FIFA World Cup,M-1998-56,Argentina v England,round of 16,not applicable,0.0,1.0,0.0,0.0,6/30/1998,21:00,S-049,Stade Geoffroy-Guichard,Saint-Étienne,France,T-03,Argentina,ARG,T-27,England,ENG,22,2.0,2.0,0.0,0.0,1.0,1.0,43,4.0,3.0,home team win,1.0,0.0,0.0,229880,https://sofifa.com/player/229880/aaron-wan-bissaka/20/159586,A. Wan-Bissaka,Aaron Wan-Bissaka,21,1997-11-26,183,72,England,Manchester United,RB,Right,RB,29.0
573.0,WC-1998,1998 FIFA World Cup,M-1998-57,Italy v France,quarter-finals,not applicable,0.0,1.0,0.0,0.0,7/3/1998,16:30,S-048,Stade de France,Saint-Denis,France,T-39,Italy,ITA,T-28,France,FRA,00,0.0,0.0,0.0,0.0,1.0,1.0,34,3.0,4.0,away team win,0.0,1.0,0.0,231691,https://sofifa.com/player/231691/alban-lafont/20/159586,A. Lafont,Alban Lafont,20,1999-01-23,193,82,France,FC Nantes,GK,Right,GK,1.0
574.0,WC-1998,1998 FIFA World Cup,M-1998-58,Brazil v Denmark,quarter-finals,not applicable,0.0,1.0,0.0,0.0,7/3/1998,21:00,S-044,Stade de la Beaujoire,Nantes,France,T-09,Brazil,BRA,T-21,Denmark,DNK,32,3.0,2.0,1.0,-1.0,0.0,0.0,0-0,0.0,0.0,home team win,1.0,0.0,0.0,237678,https://sofifa.com/player/237678/ibrahima-konate/20/159586,I. Konaté,Ibrahima Konaté,20,1999-05-25,192,93,France,RB Leipzig,CB,Right,CB,6.0
575.0,WC-1998,1998 FIFA World Cup,M-1998-59,Netherlands v Argentina,quarter-finals,not applicable,0.0,1.0,0.0,0.0,7/4/1998,16:30,S-042,Stade Vélodrome,Marseille,France,T-46,Netherlands,NLD,T-03,Argentina,ARG,21,2.0,1.0,1.0,-1.0,0.0,0.0,0-0,0.0,0.0,home team win,1.0,0.0,0.0,225193,https://sofifa.com/player/225193/mikel-merino-zazon/20/159586,Merino,Mikel Merino Zazón,23,1996-06-22,186,83,Spain,Real Sociedad,"CM, CDM, LM",Left,LCM,8.0
576.0,WC-1998,1998 FIFA World Cup,M-1998-60,Germany v Croatia,quarter-finals,not applicable,0.0,1.0,0.0,0.0,7/4/1998,21:00,S-041,Stade de Gerland,Lyon,France,T-29,Germany,DEU,T-17,Croatia,HRV,03,0.0,3.0,-3.0,3.0,0.0,0.0,0-0,0.0,0.0,away team win,0.0,1.0,0.0,228092,https://sofifa.com/player/228092/sander-berge/20/159586,S. Berge,Sander Berge,21,1998-02-18,195,94,Norway,KRC Genk,"CDM, CM",Right,LCM,25.0
577.0,WC-1998,1998 FIFA World Cup,M-1998-61,Brazil v Netherlands,semi-finals,not applicable,0.0,1.0,0.0,0.0,7/7/1998,21:00,S-042,Stade Vélodrome,Marseille,France,T-09,Brazil,BRA,T-46,Netherlands,NLD,11,1.0,1.0,0.0,0.0,1.0,1.0,42,4.0,2.0,home team win,1.0,0.0,0.0,228251,https://sofifa.com/player/228251/lorenzo-pellegrini/20/159586,L. Pellegrini,Lorenzo Pellegrini,23,1996-06-19,186,77,Italy,Roma,"CM, CAM, CDM",Right,RDM,7.0
578.0,WC-1998,1998 FIFA World Cup,M-1998-62,France v Croatia,semi-finals,not applicable,0.0,1.0,0.0,0.0,7/8/1998,21:00,S-048,Stade de France,Saint-Denis,France,T-28,France,FRA,T-17,Croatia,HRV,21,2.0,1.0,1.0,-1.0,0.0,0.0,0-0,0.0,0.0,home team win,1.0,0.0,0.0,235805,https://sofifa.com/player/235805/federico-chiesa/20/159586,F. Chiesa,Federico Chiesa,21,1997-10-25,175,70,Italy,Fiorentina,"RW, CF",Right,RW,25.0
579.0,WC-1998,1998 FIFA World Cup,M-1998-63,Netherlands v Croatia,third-place match,not applicable,0.0,1.0,0.0,0.0,7/11/1998,21:00,S-045,Parc des Princes,Paris,France,T-46,Netherlands,NLD,T-17,Croatia,HRV,12,1.0,2.0,-1.0,1.0,0.0,0.0,0-0,0.0,0.0,away team win,0.0,1.0,0.0,244260,https://sofifa.com/player/244260/daniel-olmo-carvajal/20/159586,Dani Olmo,Daniel Olmo Carvajal,21,1998-05-07,179,72,Spain,Dinamo Zagreb,"CAM, LM, CM",Right,LCM,7.0
580.0,WC-1998,1998 FIFA World Cup,M-1998-64,Brazil v France,final,not applicable,0.0,1.0,0.0,0.0,7/12/1998,21:00,S-048,Stade de France,Saint-Denis,France,T-09,Brazil,BRA,T-28,France,FRA,03,0.0,3.0,-3.0,3.0,0.0,0.0,0-0,0.0,0.0,away team win,0.0,1.0,0.0,213160,https://sofifa.com/player/213160/roman-zobnin/20/159586,R. Zobnin,Roman Zobnin,25,1994-02-11,182,75,Russia,Spartak Moscow,"CDM, CM, LM",Right,RDM,47.0
581.0,WC-2002,2002 FIFA World Cup,M-2002-01,France v Senegal,group stage,Group A,1.0,0.0,0.0,0.0,5/31/2002,20:30,S-144,Seoul World Cup Stadium,Seoul,South Korea,T-28,France,FRA,T-63,Senegal,SEN,01,0.0,1.0,-1.0,1.0,0.0,0.0,0-0,0.0,0.0,away team win,0.0,1.0,0.0,216388,https://sofifa.com/player/216388/allan-saint-maximin/20/159586,A. Saint-Maximin,Allan Saint-Maximin,22,1997-03-12,173,67,France,Newcastle United,"RW, LW, ST",Right,SUB,10.0
582.0,WC-2002,2002 FIFA World Cup,M-2002-02,Republic of Ireland v Cameroon,group stage,Group E,1.0,0.0,0.0,0.0,6/1/2002,15:30,S-088,Niigata Stadium,Niigata,Japan,T-58,Republic of Ireland,IRL,T-11,Cameroon,CMR,11,1.0,1.0,0.0,0.0,0.0,0.0,0-0,0.0,0.0,draw,0.0,0.0,1.0,224254,https://sofifa.com/player/224254/cristian-pavon/20/159586,C. Pavón,Cristian David Pavón,23,1996-01-21,174,78,Argentina,LA Galaxy,"RW, ST, LW",Right,SUB,10.0
583.0,WC-2002,2002 FIFA World Cup,M-2002-03,Uruguay v Denmark,group stage,Group A,1.0,0.0,0.0,0.0,6/1/2002,18:00,S-146,Ulsan Munsu Football Stadium,Ulsan,South Korea,T-81,Uruguay,URY,T-21,Denmark,DNK,12,1.0,2.0,-1.0,1.0,0.0,0.0,0-0,0.0,0.0,away team win,0.0,1.0,0.0,226229,https://sofifa.com/player/226229/thilo-kehrer/20/159586,T. Kehrer,Thilo Kehrer,22,1996-09-21,186,76,Germany,Paris Saint-Germain,"CB, RB",Right,RB,4.0
584.0,WC-2002,2002 FIFA World Cup,M-2002-04,Germany v Saudi Arabia,group stage,Group E,1.0,0.0,0.0,0.0,6/1/2002,20:30,S-092,Sapporo Dome,Sapporo,Japan,T-29,Germany,DEU,T-61,Saudi Arabia,SAU,80,8.0,0.0,8.0,-8.0,0.0,0.0,0-0,0.0,0.0,home team win,1.0,0.0,0.0,227796,https://sofifa.com/player/227796/christian-pulisic/20/159586,C. Pulisic,Christian Pulisic,20,1998-09-18,177,69,United States,Chelsea,"LW, RW",Right,LW,22.0
585.0,WC-2002,2002 FIFA World Cup,M-2002-05,Argentina v Nigeria,group stage,Group F,1.0,0.0,0.0,0.0,6/2/2002,14:30,S-085,Kashima Stadium,Ibaraki,Japan,T-03,Argentina,ARG,T-48,Nigeria,NGA,10,1.0,0.0,1.0,-1.0,0.0,0.0,0-0,0.0,0.0,home team win,1.0,0.0,0.0,230938,https://sofifa.com/player/230938/franck-yannick-kessie/20/159586,F. Kessié,Franck Yannick Kessié,22,1996-12-19,183,76,Ivory Coast,Milan,CM,Right,RCM,79.0
586.0,WC-2002,2002 FIFA World Cup,M-2002-06,Paraguay v South Africa,group stage,Group B,1.0,0.0,0.0,0.0,6/2/2002,16:30,S-137,Busan Asiad Stadium,Busan,South Korea,T-53,Paraguay,PRY,T-68,South Africa,ZAF,22,2.0,2.0,0.0,0.0,0.0,0.0,0-0,0.0,0.0,draw,0.0,0.0,1.0,235212,https://sofifa.com/player/235212/achraf-hakimi/20/159586,A. Hakimi,Achraf Hakimi Mouh,20,1998-11-04,181,73,Morocco,Borussia Dortmund,"LB, RB",Right,SUB,5.0
587.0,WC-2002,2002 FIFA World Cup,M-2002-07,England v Sweden,group stage,Group F,1.0,0.0,0.0,0.0,6/2/2002,18:30,S-091,Saitama Stadium,Saitama,Japan,T-27,England,ENG,T-72,Sweden,SWE,11,1.0,1.0,0.0,0.0,0.0,0.0,0-0,0.0,0.0,draw,0.0,0.0,1.0,235424,https://sofifa.com/player/235424/diadie-samassekou/20/159586,D. Samassékou,Diadie Samassékou,23,1996-01-11,177,68,Mali,TSG 1899 Hoffenheim,"CDM, CM",Right,SUB,18.0
588.0,WC-2002,2002 FIFA World Cup,M-2002-08,Spain v Slovenia,group stage,Group B,1.0,0.0,0.0,0.0,6/2/2002,20:30,S-140,Gwangju World Cup Stadium,Gwangju,South Korea,T-71,Spain,ESP,T-67,Slovenia,SVN,31,3.0,1.0,2.0,-2.0,0.0,0.0,0-0,0.0,0.0,home team win,1.0,0.0,0.0,235945,https://sofifa.com/player/235945/marc-roca-junque/20/159586,Marc Roca,Marc Roca Junqué,22,1996-11-26,184,74,Spain,RCD Espanyol,"CDM, CM",Left,RCM,21.0
589.0,WC-2002,2002 FIFA World Cup,M-2002-09,Croatia v Mexico,group stage,Group G,1.0,0.0,0.0,0.0,6/3/2002,15:30,S-088,Niigata Stadium,Niigata,Japan,T-17,Croatia,HRV,T-44,Mexico,MEX,01,0.0,1.0,-1.0,1.0,0.0,0.0,0-0,0.0,0.0,away team win,0.0,1.0,0.0,238476,https://sofifa.com/player/238476/dan-axel-zagadou/20/159586,D. Zagadou,Dan-Axel Zagadou,20,1999-06-03,196,90,France,Borussia Dortmund,"CB, LB",Left,SUB,2.0
590.0,WC-2002,2002 FIFA World Cup,M-2002-10,Brazil v Turkey,group stage,Group C,1.0,0.0,0.0,0.0,6/3/2002,18:00,S-146,Ulsan Munsu Football Stadium,Ulsan,South Korea,T-09,Brazil,BRA,T-77,Turkey,TUR,21,2.0,1.0,1.0,-1.0,0.0,0.0,0-0,0.0,0.0,home team win,1.0,0.0,0.0,244369,https://sofifa.com/player/244369/viktor-tsygankov/20/159586,V. Tsygankov,Viktor Tsygankov,21,1997-11-15,177,69,Ukraine,Dynamo Kyiv,"RM, LM",Left,RM,15.0
591.0,WC-2002,2002 FIFA World Cup,M-2002-11,Italy v Ecuador,group stage,Group G,1.0,0.0,0.0,0.0,6/3/2002,20:30,S-092,Sapporo Dome,Sapporo,Japan,T-39,Italy,ITA,T-24,Ecuador,ECU,20,2.0,0.0,2.0,-2.0,0.0,0.0,0-0,0.0,0.0,home team win,1.0,0.0,0.0,210315,https://sofifa.com/player/210315/raul-de-tomas-gomez/20/159586,De Tomás,Raúl de Tomás Gómez,24,1994-10-17,180,72,Spain,SL Benfica,ST,Right,LS,9.0
592.0,WC-2002,2002 FIFA World Cup,M-2002-12,China v Costa Rica,group stage,Group C,1.0,0.0,0.0,0.0,6/4/2002,15:30,S-140,Gwangju World Cup Stadium,Gwangju,South Korea,T-14,China,CHN,T-16,Costa Rica,CRI,02,0.0,2.0,-2.0,2.0,0.0,0.0,0-0,0.0,0.0,away team win,0.0,1.0,0.0,213666,https://sofifa.com/player/213666/ruben-loftus-cheek/20/159586,R. Loftus-Cheek,Ruben Loftus-Cheek,23,1996-01-23,191,88,England,Chelsea,"CM, LM",Right,SUB,12.0
593.0,WC-2002,2002 FIFA World Cup,M-2002-13,Japan v Belgium,group stage,Group H,1.0,0.0,0.0,0.0,6/4/2002,18:00,S-091,Saitama Stadium,Saitama,Japan,T-42,Japan,JPN,T-06,Belgium,BEL,22,2.0,2.0,0.0,0.0,0.0,0.0,0-0,0.0,0.0,draw,0.0,0.0,1.0,216435,https://sofifa.com/player/216435/stanislav-lobotka/20/159586,S. Lobotka,Stanislav Lobotka,24,1994-11-25,170,64,Slovakia,RC Celta,"CM, CDM",Right,RDM,14.0
594.0,WC-2002,2002 FIFA World Cup,M-2002-14,South Korea v Poland,group stage,Group D,1.0,0.0,0.0,0.0,6/4/2002,20:30,S-137,Busan Asiad Stadium,Busan,South Korea,T-69,South Korea,KOR,T-55,Poland,POL,20,2.0,0.0,2.0,-2.0,0.0,0.0,0-0,0.0,0.0,home team win,1.0,0.0,0.0,220182,https://sofifa.com/player/220182/jason-denayer/20/159586,J. Denayer,Jason Denayer,24,1995-06-28,184,80,Belgium,Olympique Lyonnais,CB,Right,LCB,5.0
595.0,WC-2002,2002 FIFA World Cup,M-2002-15,Russia v Tunisia,group stage,Group H,1.0,0.0,0.0,0.0,6/5/2002,15:30,S-086,Kobe Wing Stadium,Kobe,Japan,T-60,Russia,RUS,T-76,Tunisia,TUN,20,2.0,0.0,2.0,-2.0,0.0,0.0,0-0,0.0,0.0,home team win,1.0,0.0,0.0,222331,https://sofifa.com/player/222331/lukas-klostermann/20/159586,L. Klostermann,Lukas Klostermann,23,1996-06-03,189,83,Germany,RB Leipzig,"RB, LB",Right,RWB,16.0
596.0,WC-2002,2002 FIFA World Cup,M-2002-16,United States v Portugal,group stage,Group D,1.0,0.0,0.0,0.0,6/5/2002,18:00,S-145,Suwon World Cup Stadium,Suwon,South Korea,T-80,United States,USA,T-56,Portugal,PRT,32,3.0,2.0,1.0,-1.0,0.0,0.0,0-0,0.0,0.0,home team win,1.0,0.0,0.0,225663,https://sofifa.com/player/225663/alexandr-golovin/20/159586,A. Golovin,Alexandr Golovin,23,1996-05-30,180,69,Russia,AS Monaco,"CAM, CM",Right,RCM,17.0
597.0,WC-2002,2002 FIFA World Cup,M-2002-17,Germany v Republic of Ireland,group stage,Group E,1.0,0.0,0.0,0.0,6/5/2002,20:30,S-085,Kashima Stadium,Ibaraki,Japan,T-29,Germany,DEU,T-58,Republic of Ireland,IRL,11,1.0,1.0,0.0,0.0,0.0,0.0,0-0,0.0,0.0,draw,0.0,0.0,1.0,225711,https://sofifa.com/player/225711/abdou-diallo/20/159586,A. Diallo,Abdou Diallo,23,1996-05-04,186,79,France,Paris Saint-Germain,"CB, LB",Left,SUB,22.0
598.0,WC-2002,2002 FIFA World Cup,M-2002-18,Denmark v Senegal,group stage,Group A,1.0,0.0,0.0,0.0,6/6/2002,15:30,S-138,Daegu World Cup Stadium,Daegu,South Korea,T-21,Denmark,DNK,T-63,Senegal,SEN,11,1.0,1.0,0.0,0.0,0.0,0.0,0-0,0.0,0.0,draw,0.0,0.0,1.0,226851,https://sofifa.com/player/226851/benjamin-pavard/20/159586,B. Pavard,Benjamin Pavard,23,1996-03-28,186,76,France,FC Bayern München,"CB, RB",Right,SUB,5.0
599.0,WC-2002,2002 FIFA World Cup,M-2002-19,Cameroon v Saudi Arabia,group stage,Group E,1.0,0.0,0.0,0.0,6/6/2002,18:00,S-091,Saitama Stadium,Saitama,Japan,T-11,Cameroon,CMR,T-61,Saudi Arabia,SAU,10,1.0,0.0,1.0,-1.0,0.0,0.0,0-0,0.0,0.0,home team win,1.0,0.0,0.0,229167,https://sofifa.com/player/229167/milot-rashica/20/159586,M. Rashica,Milot Rashica,23,1996-06-28,177,73,Kosovo,SV Werder Bremen,"LW, CF, RW",Right,LW,7.0
600.0,WC-2002,2002 FIFA World Cup,M-2002-20,France v Uruguay,group stage,Group A,1.0,0.0,0.0,0.0,6/6/2002,20:30,S-137,Busan Asiad Stadium,Busan,South Korea,T-28,France,FRA,T-81,Uruguay,URY,00,0.0,0.0,0.0,0.0,0.0,0.0,0-0,0.0,0.0,draw,0.0,0.0,1.0,229984,https://sofifa.com/player/229984/ben-chilwell/20/159586,B. Chilwell,Ben Chilwell,22,1996-12-21,178,77,England,Leicester City,LB,Left,LB,3.0
601.0,WC-2002,2002 FIFA World Cup,M-2002-21,Sweden v Nigeria,group stage,Group F,1.0,0.0,0.0,0.0,6/7/2002,15:30,S-086,Kobe Wing Stadium,Kobe,Japan,T-72,Sweden,SWE,T-48,Nigeria,NGA,21,2.0,1.0,1.0,-1.0,0.0,0.0,0-0,0.0,0.0,home team win,1.0,0.0,0.0,232381,https://sofifa.com/player/232381/wesley-moraes-ferreira-da-silva/20/159586,Wesley,Wesley Moraes Ferreira da Silva,22,1996-11-26,191,94,Brazil,Aston Villa,ST,Right,ST,9.0
602.0,WC-2002,2002 FIFA World Cup,M-2002-22,Spain v Paraguay,group stage,Group B,1.0,0.0,0.0,0.0,6/7/2002,18:00,S-142,Jeonju World Cup Stadium,Jeonju,South Korea,T-71,Spain,ESP,T-53,Paraguay,PRY,31,3.0,1.0,2.0,-2.0,0.0,0.0,0-0,0.0,0.0,home team win,1.0,0.0,0.0,236792,https://sofifa.com/player/236792/tomas-soucek/20/159586,T. Souček,Tomáš Souček,24,1995-02-27,192,86,Czech Republic,SK Slavia Praha,CDM,Right,LDM,22.0
603.0,WC-2002,2002 FIFA World Cup,M-2002-23,Argentina v England,group stage,Group F,1.0,0.0,0.0,0.0,6/7/2002,20:30,S-092,Sapporo Dome,Sapporo,Japan,T-03,Argentina,ARG,T-27,England,ENG,01,0.0,1.0,-1.0,1.0,0.0,0.0,0-0,0.0,0.0,away team win,0.0,1.0,0.0,241184,https://sofifa.com/player/241184/hector-junior-firpo-adames/20/159586,Junior Firpo,Héctor Junior Firpo Adamés,22,1996-08-22,184,78,Spain,FC Barcelona,"LB, LM, LWB",Left,SUB,24.0
604.0,WC-2002,2002 FIFA World Cup,M-2002-24,South Africa v Slovenia,group stage,Group B,1.0,0.0,0.0,0.0,6/8/2002,15:30,S-138,Daegu World Cup Stadium,Daegu,South Korea,T-68,South Africa,ZAF,T-67,Slovenia,SVN,10,1.0,0.0,1.0,-1.0,0.0,0.0,0-0,0.0,0.0,home team win,1.0,0.0,0.0,205569,https://sofifa.com/player/205569/james-ward-prowse/20/159586,J. Ward-Prowse,James  Ward-Prowse,24,1994-11-01,173,66,England,Southampton,"CM, RM",Right,RCM,16.0
605.0,WC-2002,2002 FIFA World Cup,M-2002-25,Italy v Croatia,group stage,Group G,1.0,0.0,0.0,0.0,6/8/2002,18:00,S-085,Kashima Stadium,Ibaraki,Japan,T-39,Italy,ITA,T-17,Croatia,HRV,12,1.0,2.0,-1.0,1.0,0.0,0.0,0-0,0.0,0.0,away team win,0.0,1.0,0.0,208330,https://sofifa.com/player/208330/adnan-januzaj/20/159586,A. Januzaj,Adnan Januzaj,24,1995-02-05,186,76,Belgium,Real Sociedad,"RW, RM",Left,RW,11.0
606.0,WC-2002,2002 FIFA World Cup,M-2002-26,Brazil v China,group stage,Group C,1.0,0.0,0.0,0.0,6/8/2002,20:30,S-143,Jeju World Cup Stadium,Seogwipo,South Korea,T-09,Brazil,BRA,T-14,China,CHN,40,4.0,0.0,4.0,-4.0,0.0,0.0,0-0,0.0,0.0,home team win,1.0,0.0,0.0,210411,https://sofifa.com/player/210411/otavio-edmilson-da-silva-monteiro/20/159586,Otávio,Otávio Edmilson da Silva Monteiro,24,1995-02-09,172,71,Brazil,FC Porto,"RM, CAM, CM",Right,SUB,25.0
607.0,WC-2002,2002 FIFA World Cup,M-2002-27,Mexico v Ecuador,group stage,Group G,1.0,0.0,0.0,0.0,6/9/2002,15:30,S-087,Miyagi Stadium,Miyagi,Japan,T-44,Mexico,MEX,T-24,Ecuador,ECU,21,2.0,1.0,1.0,-1.0,0.0,0.0,0-0,0.0,0.0,home team win,1.0,0.0,0.0,212977,https://sofifa.com/player/212977/niklas-stark/20/159586,N. Stark,Niklas Stark,24,1995-04-14,190,88,Germany,Hertha BSC,"CB, CDM",Right,RCB,5.0
608.0,WC-2002,2002 FIFA World Cup,M-2002-28,Costa Rica v Turkey,group stage,Group C,1.0,0.0,0.0,0.0,6/9/2002,18:00,S-141,Incheon Munhak Stadium,Incheon,South Korea,T-16,Costa Rica,CRI,T-77,Turkey,TUR,11,1.0,1.0,0.0,0.0,0.0,0.0,0-0,0.0,0.0,draw,0.0,0.0,1.0,213655,https://sofifa.com/player/213655/alex-iwobi/20/159586,A. Iwobi,Alex Iwobi,23,1996-05-03,185,75,Nigeria,Everton,"LM, LW, RM",Right,SUB,17.0
609.0,WC-2002,2002 FIFA World Cup,M-2002-29,Japan v Russia,group stage,Group H,1.0,0.0,0.0,0.0,6/9/2002,20:30,S-094,International Stadium Yokohama,Yokohama,Japan,T-42,Japan,JPN,T-60,Russia,RUS,10,1.0,0.0,1.0,-1.0,0.0,0.0,0-0,0.0,0.0,home team win,1.0,0.0,0.0,214947,https://sofifa.com/player/214947/jean-philippe-gbamin/20/159586,J. Gbamin,Jean-Philippe Gbamin,23,1995-09-25,186,83,Ivory Coast,Everton,"CDM, CM, CB",Right,RDM,25.0
610.0,WC-2002,2002 FIFA World Cup,M-2002-30,South Korea v United States,group stage,Group D,1.0,0.0,0.0,0.0,6/10/2002,15:30,S-138,Daegu World Cup Stadium,Daegu,South Korea,T-69,South Korea,KOR,T-80,United States,USA,11,1.0,1.0,0.0,0.0,0.0,0.0,0-0,0.0,0.0,draw,0.0,0.0,1.0,220253,https://sofifa.com/player/220253/munir-el-haddadi/20/159586,Munir,Munir El Haddadi,23,1995-09-01,175,69,Spain,Sevilla FC,"ST, RW, LM",Left,RW,11.0
611.0,WC-2002,2002 FIFA World Cup,M-2002-31,Tunisia v Belgium,group stage,Group H,1.0,0.0,0.0,0.0,6/10/2002,18:00,S-089,?ita Stadium,?ita,Japan,T-76,Tunisia,TUN,T-06,Belgium,BEL,11,1.0,1.0,0.0,0.0,0.0,0.0,0-0,0.0,0.0,draw,0.0,0.0,1.0,220651,https://sofifa.com/player/220651/jose-angel-esmoris-tasende/20/159586,Angeliño,José Ángel Esmoris Tasende,22,1997-01-04,175,69,Spain,Manchester City,LB,Left,SUB,12.0
612.0,WC-2002,2002 FIFA World Cup,M-2002-32,Portugal v Poland,group stage,Group D,1.0,0.0,0.0,0.0,6/10/2002,20:30,S-142,Jeonju World Cup Stadium,Jeonju,South Korea,T-56,Portugal,PRT,T-55,Poland,POL,40,4.0,0.0,4.0,-4.0,0.0,0.0,0-0,0.0,0.0,home team win,1.0,0.0,0.0,220697,https://sofifa.com/player/220697/james-maddison/20/159586,J. Maddison,James Maddison,22,1996-11-23,175,73,England,Leicester City,"CAM, CM, LW",Right,LW,10.0
613.0,WC-2002,2002 FIFA World Cup,M-2002-33,Denmark v France,group stage,Group A,1.0,0.0,0.0,0.0,6/11/2002,15:30,S-141,Incheon Munhak Stadium,Incheon,South Korea,T-21,Denmark,DNK,T-28,France,FRA,20,2.0,0.0,2.0,-2.0,0.0,0.0,0-0,0.0,0.0,home team win,1.0,0.0,0.0,228941,https://sofifa.com/player/228941/andre-miguel-valente-da-silva/20/159586,André Silva,André Miguel Valente da Silva,23,1995-11-06,185,79,Portugal,Milan,ST,Right,RES,27.0
614.0,WC-2002,2002 FIFA World Cup,M-2002-34,Senegal v Uruguay,group stage,Group A,1.0,0.0,0.0,0.0,6/11/2002,15:30,S-145,Suwon World Cup Stadium,Suwon,South Korea,T-63,Senegal,SEN,T-81,Uruguay,URY,33,3.0,3.0,0.0,0.0,0.0,0.0,0-0,0.0,0.0,draw,0.0,0.0,1.0,231943,https://sofifa.com/player/231943/richarlison-de-andrade/20/159586,Richarlison,Richarlison de Andrade,22,1997-05-10,181,71,Brazil,Everton,"RM, LM, ST",Right,RM,7.0
615.0,WC-2002,2002 FIFA World Cup,M-2002-35,Cameroon v Germany,group stage,Group E,1.0,0.0,0.0,0.0,6/11/2002,20:30,S-093,Shizuoka Stadium ECOPA,Shizuoka,Japan,T-11,Cameroon,CMR,T-29,Germany,DEU,02,0.0,2.0,-2.0,2.0,0.0,0.0,0-0,0.0,0.0,away team win,0.0,1.0,0.0,232862,https://sofifa.com/player/232862/shoya-nakajima/20/159586,S. Nakajima,中島 翔哉,24,1994-08-23,164,64,Japan,FC Porto,"LM, CF",Right,SUB,10.0
616.0,WC-2002,2002 FIFA World Cup,M-2002-36,Saudi Arabia v Republic of Ireland,group stage,Group E,1.0,0.0,0.0,0.0,6/11/2002,20:30,S-094,International Stadium Yokohama,Yokohama,Japan,T-61,Saudi Arabia,SAU,T-58,Republic of Ireland,IRL,03,0.0,3.0,-3.0,3.0,0.0,0.0,0-0,0.0,0.0,away team win,0.0,1.0,0.0,233419,https://sofifa.com/player/233419/raphael-dias-belloli/20/159586,Raphinha,Raphael Dias Belloli,22,1996-12-14,176,68,Brazil,Sporting CP,"RW, LW",Left,RW,11.0
617.0,WC-2002,2002 FIFA World Cup,M-2002-37,Nigeria v England,group stage,Group F,1.0,0.0,0.0,0.0,6/12/2002,15:30,S-090,Nagai Stadium,Osaka,Japan,T-48,Nigeria,NGA,T-27,England,ENG,00,0.0,0.0,0.0,0.0,0.0,0.0,0-0,0.0,0.0,draw,0.0,0.0,1.0,202335,https://sofifa.com/player/202335/eric-dier/20/159586,E. Dier,Eric Dier,25,1994-01-15,190,90,England,Tottenham Hotspur,"CDM, CB, CM",Right,SUB,15.0
618.0,WC-2002,2002 FIFA World Cup,M-2002-38,Sweden v Argentina,group stage,Group F,1.0,0.0,0.0,0.0,6/12/2002,15:30,S-087,Miyagi Stadium,Miyagi,Japan,T-72,Sweden,SWE,T-03,Argentina,ARG,11,1.0,1.0,0.0,0.0,0.0,0.0,0-0,0.0,0.0,draw,0.0,0.0,1.0,207421,https://sofifa.com/player/207421/leandro-trossard/20/159586,L. Trossard,Leandro Trossard,24,1994-12-04,172,67,Belgium,Brighton & Hove Albion,LW,Right,LW,11.0
619.0,WC-2002,2002 FIFA World Cup,M-2002-39,Slovenia v Paraguay,group stage,Group B,1.0,0.0,0.0,0.0,6/12/2002,20:30,S-143,Jeju World Cup Stadium,Seogwipo,South Korea,T-67,Slovenia,SVN,T-53,Paraguay,PRY,13,1.0,3.0,-2.0,2.0,0.0,0.0,0-0,0.0,0.0,away team win,0.0,1.0,0.0,210455,https://sofifa.com/player/210455/jonathan-castro-otto/20/159586,Jonny,Jonathan Castro Otto,25,1994-03-03,170,70,Spain,Wolverhampton Wanderers,"LWB, LB",Right,LWB,19.0
620.0,WC-2002,2002 FIFA World Cup,M-2002-40,South Africa v Spain,group stage,Group B,1.0,0.0,0.0,0.0,6/12/2002,20:30,S-139,Daejeon World Cup Stadium,Daejeon,South Korea,T-68,South Africa,ZAF,T-71,Spain,ESP,23,2.0,3.0,-1.0,1.0,0.0,0.0,0-0,0.0,0.0,away team win,0.0,1.0,0.0,210896,https://sofifa.com/player/210896/morgan-sanson/20/159586,M. Sanson,Morgan Sanson,24,1994-08-18,180,73,France,Olympique de Marseille,"CM, CAM",Right,LCM,8.0
621.0,WC-2002,2002 FIFA World Cup,M-2002-41,Costa Rica v Brazil,group stage,Group C,1.0,0.0,0.0,0.0,6/13/2002,15:30,S-145,Suwon World Cup Stadium,Suwon,South Korea,T-16,Costa Rica,CRI,T-09,Brazil,BRA,25,2.0,5.0,-3.0,3.0,0.0,0.0,0-0,0.0,0.0,away team win,0.0,1.0,0.0,213991,https://sofifa.com/player/213991/jefferson-lerma/20/159586,J. Lerma,Jefferson Andrés Lerma Solís,24,1994-10-25,179,70,Colombia,Bournemouth,"CDM, CM",Right,LCM,8.0
622.0,WC-2002,2002 FIFA World Cup,M-2002-42,Turkey v China,group stage,Group C,1.0,0.0,0.0,0.0,6/13/2002,15:30,S-144,Seoul World Cup Stadium,Seoul,South Korea,T-77,Turkey,TUR,T-14,China,CHN,30,3.0,0.0,3.0,-3.0,0.0,0.0,0-0,0.0,0.0,home team win,1.0,0.0,0.0,216643,https://sofifa.com/player/216643/leo-dubois/20/159586,L. Dubois,Léo Dubois,24,1994-09-14,178,73,France,Olympique Lyonnais,RB,Right,RB,14.0
623.0,WC-2002,2002 FIFA World Cup,M-2002-43,Ecuador v Croatia,group stage,Group G,1.0,0.0,0.0,0.0,6/13/2002,20:30,S-094,International Stadium Yokohama,Yokohama,Japan,T-24,Ecuador,ECU,T-17,Croatia,HRV,10,1.0,0.0,1.0,-1.0,0.0,0.0,0-0,0.0,0.0,home team win,1.0,0.0,0.0,228336,https://sofifa.com/player/228336/florian-grillitsch/20/159586,F. Grillitsch,Florian Grillitsch,23,1995-08-07,187,77,Austria,TSG 1899 Hoffenheim,"CM, CDM",Right,LCM,11.0
624.0,WC-2002,2002 FIFA World Cup,M-2002-44,Mexico v Italy,group stage,Group G,1.0,0.0,0.0,0.0,6/13/2002,20:30,S-089,?ita Stadium,?ita,Japan,T-44,Mexico,MEX,T-39,Italy,ITA,11,1.0,1.0,0.0,0.0,0.0,0.0,0-0,0.0,0.0,draw,0.0,0.0,1.0,192816,https://sofifa.com/player/192816/leandro-cabrera/20/159586,L. Cabrera,Leandro Cabrera,27,1991-09-06,187,80,Uruguay,Getafe CF,"CB, LB",Left,LCB,6.0
625.0,WC-2002,2002 FIFA World Cup,M-2002-45,Belgium v Russia,group stage,Group H,1.0,0.0,0.0,0.0,6/14/2002,15:30,S-093,Shizuoka Stadium ECOPA,Shizuoka,Japan,T-06,Belgium,BEL,T-60,Russia,RUS,32,3.0,2.0,1.0,-1.0,0.0,0.0,0-0,0.0,0.0,home team win,1.0,0.0,0.0,199189,https://sofifa.com/player/199189/ross-barkley/20/159586,R. Barkley,Ross Barkley,25,1993-12-05,185,87,England,Chelsea,"CAM, CM",Right,SUB,8.0
626.0,WC-2002,2002 FIFA World Cup,M-2002-46,Tunisia v Japan,group stage,Group H,1.0,0.0,0.0,0.0,6/14/2002,15:30,S-090,Nagai Stadium,Osaka,Japan,T-76,Tunisia,TUN,T-42,Japan,JPN,02,0.0,2.0,-2.0,2.0,0.0,0.0,0-0,0.0,0.0,away team win,0.0,1.0,0.0,201377,https://sofifa.com/player/201377/jeison-murillo/20/159586,J. Murillo,Jeison Fabián Murillo Cerón,27,1992-05-27,182,78,Colombia,Sampdoria,CB,Right,RCB,21.0
627.0,WC-2002,2002 FIFA World Cup,M-2002-47,Poland v United States,group stage,Group D,1.0,0.0,0.0,0.0,6/14/2002,20:30,S-139,Daejeon World Cup Stadium,Daejeon,South Korea,T-55,Poland,POL,T-80,United States,USA,31,3.0,1.0,2.0,-2.0,0.0,0.0,0-0,0.0,0.0,home team win,1.0,0.0,0.0,202695,https://sofifa.com/player/202695/james-tarkowski/20/159586,J. Tarkowski,James Tarkowski,26,1992-11-19,192,81,England,Burnley,CB,Right,RCB,5.0
628.0,WC-2002,2002 FIFA World Cup,M-2002-48,Portugal v South Korea,group stage,Group D,1.0,0.0,0.0,0.0,6/14/2002,20:30,S-141,Incheon Munhak Stadium,Incheon,South Korea,T-56,Portugal,PRT,T-69,South Korea,KOR,01,0.0,1.0,-1.0,1.0,0.0,0.0,0-0,0.0,0.0,away team win,0.0,1.0,0.0,203775,https://sofifa.com/player/203775/loris-karius/20/159586,L. Karius,Loris Karius,26,1993-06-22,189,87,Germany,Beşiktaş JK,GK,Right,GK,1.0
629.0,WC-2002,2002 FIFA World Cup,M-2002-49,Germany v Paraguay,round of 16,not applicable,0.0,1.0,0.0,0.0,6/15/2002,15:30,S-143,Jeju World Cup Stadium,Seogwipo,South Korea,T-29,Germany,DEU,T-53,Paraguay,PRY,10,1.0,0.0,1.0,-1.0,0.0,0.0,0-0,0.0,0.0,home team win,1.0,0.0,0.0,203841,https://sofifa.com/player/203841/nick-pope/20/159586,N. Pope,Nick Pope,27,1992-04-19,200,76,England,Burnley,GK,Right,GK,1.0
630.0,WC-2002,2002 FIFA World Cup,M-2002-50,Denmark v England,round of 16,not applicable,0.0,1.0,0.0,0.0,6/15/2002,20:30,S-088,Niigata Stadium,Niigata,Japan,T-21,Denmark,DNK,T-27,England,ENG,03,0.0,3.0,-3.0,3.0,0.0,0.0,0-0,0.0,0.0,away team win,0.0,1.0,0.0,204082,https://sofifa.com/player/204082/john-brooks/20/159586,J. Brooks,John Anthony Brooks,26,1993-01-28,193,78,United States,VfL Wolfsburg,CB,Left,LCB,25.0
631.0,WC-2002,2002 FIFA World Cup,M-2002-51,Sweden v Senegal,round of 16,not applicable,0.0,1.0,0.0,0.0,6/16/2002,15:30,S-089,?ita Stadium,?ita,Japan,T-72,Sweden,SWE,T-63,Senegal,SEN,12,1.0,2.0,-1.0,1.0,1.0,0.0,0-0,0.0,0.0,away team win,0.0,1.0,0.0,204529,https://sofifa.com/player/204529/michy-batshuayi/20/159586,M. Batshuayi,Michy Batshuayi Tunga,25,1993-10-02,185,88,Belgium,Chelsea,ST,Right,SUB,23.0
632.0,WC-2002,2002 FIFA World Cup,M-2002-52,Spain v Republic of Ireland,round of 16,not applicable,0.0,1.0,0.0,0.0,6/16/2002,20:30,S-145,Suwon World Cup Stadium,Suwon,South Korea,T-71,Spain,ESP,T-58,Republic of Ireland,IRL,11,1.0,1.0,0.0,0.0,1.0,1.0,32,3.0,2.0,home team win,1.0,0.0,0.0,206511,https://sofifa.com/player/206511/maximilian-arnold/20/159586,M. Arnold,Maximilian Arnold,25,1994-05-27,184,74,Germany,VfL Wolfsburg,"CM, CDM, CAM",Left,LCM,27.0
633.0,WC-2002,2002 FIFA World Cup,M-2002-53,Mexico v United States,round of 16,not applicable,0.0,1.0,0.0,0.0,6/17/2002,15:30,S-142,Jeonju World Cup Stadium,Jeonju,South Korea,T-44,Mexico,MEX,T-80,United States,USA,02,0.0,2.0,-2.0,2.0,0.0,0.0,0-0,0.0,0.0,away team win,0.0,1.0,0.0,207993,https://sofifa.com/player/207993/sead-kolasinac/20/159586,S. Kolašinac,Sead Kolašinac,26,1993-06-20,183,85,Bosnia Herzegovina,Arsenal,"LB, LWB",Left,SUB,31.0
634.0,WC-2002,2002 FIFA World Cup,M-2002-54,Brazil v Belgium,round of 16,not applicable,0.0,1.0,0.0,0.0,6/17/2002,20:30,S-086,Kobe Wing Stadium,Kobe,Japan,T-09,Brazil,BRA,T-06,Belgium,BEL,20,2.0,0.0,2.0,-2.0,0.0,0.0,0-0,0.0,0.0,home team win,1.0,0.0,0.0,210047,https://sofifa.com/player/210047/fabian-schar/20/159586,F. Schär,Fabian Schär,27,1991-12-20,188,84,Switzerland,Newcastle United,CB,Right,RCB,5.0
635.0,WC-2002,2002 FIFA World Cup,M-2002-55,Japan v Turkey,round of 16,not applicable,0.0,1.0,0.0,0.0,6/18/2002,15:30,S-087,Miyagi Stadium,Miyagi,Japan,T-42,Japan,JPN,T-77,Turkey,TUR,01,0.0,1.0,-1.0,1.0,0.0,0.0,0-0,0.0,0.0,away team win,0.0,1.0,0.0,213516,https://sofifa.com/player/213516/ricardo-jorge-da-luz-horta/20/159586,Ricardo Horta,Ricardo Jorge da Luz Horta,24,1994-09-15,173,63,Portugal,SC Braga,LW,Right,LW,21.0
636.0,WC-2002,2002 FIFA World Cup,M-2002-56,South Korea v Italy,round of 16,not applicable,0.0,1.0,0.0,0.0,6/18/2002,20:30,S-139,Daejeon World Cup Stadium,Daejeon,South Korea,T-69,South Korea,KOR,T-39,Italy,ITA,21,2.0,1.0,1.0,-1.0,1.0,0.0,0-0,0.0,0.0,home team win,1.0,0.0,0.0,215353,https://sofifa.com/player/215353/lucas-alario/20/159586,L. Alario,Lucas Alario,26,1992-10-08,184,78,Argentina,Bayer 04 Leverkusen,ST,Right,SUB,13.0
637.0,WC-2002,2002 FIFA World Cup,M-2002-57,England v Brazil,quarter-finals,not applicable,0.0,1.0,0.0,0.0,6/21/2002,15:30,S-093,Shizuoka Stadium ECOPA,Shizuoka,Japan,T-27,England,ENG,T-09,Brazil,BRA,12,1.0,2.0,-1.0,1.0,0.0,0.0,0-0,0.0,0.0,away team win,0.0,1.0,0.0,221639,https://sofifa.com/player/221639/mariano-diaz-mejia/20/159586,Mariano,Mariano Díaz Mejía,25,1993-08-01,180,76,Dominican Republic,Real Madrid,ST,Right,SUB,24.0
638.0,WC-2002,2002 FIFA World Cup,M-2002-58,Germany v United States,quarter-finals,not applicable,0.0,1.0,0.0,0.0,6/21/2002,20:30,S-146,Ulsan Munsu Football Stadium,Ulsan,South Korea,T-29,Germany,DEU,T-80,United States,USA,10,1.0,0.0,1.0,-1.0,0.0,0.0,0-0,0.0,0.0,home team win,1.0,0.0,0.0,223597,https://sofifa.com/player/223597/ruben-aguilar/20/159586,R. Aguilar,Ruben Aguilar,26,1993-04-26,172,71,France,AS Monaco,"RB, RWB",Right,RB,12.0
639.0,WC-2002,2002 FIFA World Cup,M-2002-59,Spain v South Korea,quarter-finals,not applicable,0.0,1.0,0.0,0.0,6/22/2002,15:30,S-140,Gwangju World Cup Stadium,Gwangju,South Korea,T-71,Spain,ESP,T-69,South Korea,KOR,00,0.0,0.0,0.0,0.0,1.0,1.0,35,3.0,5.0,away team win,0.0,1.0,0.0,228229,https://sofifa.com/player/228229/fabian-balbuena/20/159586,F. Balbuena,Fabián Balbuena,27,1991-08-23,188,85,Paraguay,West Ham United,CB,Right,RCB,4.0
640.0,WC-2002,2002 FIFA World Cup,M-2002-60,Senegal v Turkey,quarter-finals,not applicable,0.0,1.0,0.0,0.0,6/22/2002,20:30,S-090,Nagai Stadium,Osaka,Japan,T-63,Senegal,SEN,T-77,Turkey,TUR,01,0.0,1.0,-1.0,1.0,1.0,0.0,0-0,0.0,0.0,away team win,0.0,1.0,0.0,192227,https://sofifa.com/player/192227/shkodran-mustafi/20/159586,S. Mustafi,Shkodran Mustafi,27,1992-04-17,184,82,Germany,Arsenal,CB,Right,SUB,20.0
641.0,WC-2002,2002 FIFA World Cup,M-2002-61,Germany v South Korea,semi-finals,not applicable,0.0,1.0,0.0,0.0,6/25/2002,20:30,S-144,Seoul World Cup Stadium,Seoul,South Korea,T-29,Germany,DEU,T-69,South Korea,KOR,10,1.0,0.0,1.0,-1.0,0.0,0.0,0-0,0.0,0.0,home team win,1.0,0.0,0.0,193601,https://sofifa.com/player/193601/german-pezzella/20/159586,G. Pezzella,Germán Alejandro Pezzella,28,1991-06-27,186,81,Argentina,Fiorentina,CB,Right,LCB,20.0
642.0,WC-2002,2002 FIFA World Cup,M-2002-62,Brazil v Turkey,semi-finals,not applicable,0.0,1.0,0.0,0.0,6/26/2002,20:30,S-091,Saitama Stadium,Saitama,Japan,T-09,Brazil,BRA,T-77,Turkey,TUR,10,1.0,0.0,1.0,-1.0,0.0,0.0,0-0,0.0,0.0,home team win,1.0,0.0,0.0,202429,https://sofifa.com/player/202429/danny-da-costa/20/159586,D. da Costa,Danny  Vieira da Costa,25,1993-07-13,187,85,Germany,Eintracht Frankfurt,"RWB, RM, RB",Right,RM,24.0
643.0,WC-2002,2002 FIFA World Cup,M-2002-63,South Korea v Turkey,third-place match,not applicable,0.0,1.0,0.0,0.0,6/29/2002,20:00,S-138,Daegu World Cup Stadium,Daegu,South Korea,T-69,South Korea,KOR,T-77,Turkey,TUR,23,2.0,3.0,-1.0,1.0,0.0,0.0,0-0,0.0,0.0,away team win,0.0,1.0,0.0,202750,https://sofifa.com/player/202750/willy-boly/20/159586,W. Boly,Willy Boly,28,1991-02-03,195,97,France,Wolverhampton Wanderers,CB,Right,LCB,15.0
644.0,WC-2002,2002 FIFA World Cup,M-2002-64,Germany v Brazil,final,not applicable,0.0,1.0,0.0,0.0,6/30/2002,20:00,S-094,International Stadium Yokohama,Yokohama,Japan,T-29,Germany,DEU,T-09,Brazil,BRA,02,0.0,2.0,-2.0,2.0,0.0,0.0,0-0,0.0,0.0,away team win,0.0,1.0,0.0,205923,https://sofifa.com/player/205923/ben-davies/20/159586,B. Davies,Ben Davies,26,1993-04-24,182,76,Wales,Tottenham Hotspur,"LB, LWB",Left,SUB,33.0
645.0,WC-2006,2006 FIFA World Cup,M-2006-01,Germany v Costa Rica,group stage,Group A,1.0,0.0,0.0,0.0,6/9/2006,18:00,S-064,Allianz Arena,Munich,Germany,T-29,Germany,DEU,T-16,Costa Rica,CRI,42,4.0,2.0,2.0,-2.0,0.0,0.0,0-0,0.0,0.0,home team win,1.0,0.0,0.0,209297,https://sofifa.com/player/209297/frederico-r-de-paula-santos/20/159586,Fred,Frederico R. de Paula Santos,26,1993-03-05,169,64,Brazil,Manchester United,CM,Left,SUB,17.0
646.0,WC-2006,2006 FIFA World Cup,M-2006-02,Poland v Ecuador,group stage,Group A,1.0,0.0,0.0,0.0,6/9/2006,21:00,S-058,Arena AufShalke,Gelsenkirchen,Germany,T-55,Poland,POL,T-24,Ecuador,ECU,02,0.0,2.0,-2.0,2.0,0.0,0.0,0-0,0.0,0.0,away team win,0.0,1.0,0.0,218066,https://sofifa.com/player/218066/mbwana-ally-samatta/20/159586,M. Samatta,Mbwana Ally Samatta,26,1992-12-13,183,80,Tanzania,KRC Genk,ST,Right,ST,10.0
647.0,WC-2006,2006 FIFA World Cup,M-2006-03,England v Paraguay,group stage,Group B,1.0,0.0,0.0,0.0,6/10/2006,15:00,S-057,Waldstadion,Frankfurt,Germany,T-27,England,ENG,T-53,Paraguay,PRY,10,1.0,0.0,1.0,-1.0,0.0,0.0,0-0,0.0,0.0,home team win,1.0,0.0,0.0,219693,https://sofifa.com/player/219693/diego-carlos-santos-silva/20/159586,Diego Carlos,Diego Carlos Santos Silva,26,1993-03-15,186,86,Brazil,Sevilla FC,CB,Right,SUB,20.0
648.0,WC-2006,2006 FIFA World Cup,M-2006-04,Trinidad and Tobago v Sweden,group stage,Group B,1.0,0.0,0.0,0.0,6/10/2006,18:00,S-055,Westfalenstadion,Dortmund,Germany,T-75,Trinidad and Tobago,TTO,T-72,Sweden,SWE,00,0.0,0.0,0.0,0.0,0.0,0.0,0-0,0.0,0.0,draw,0.0,0.0,1.0,224069,https://sofifa.com/player/224069/karl-toko-ekambi/20/159586,K. Toko-Ekambi,Karl Brillant Toko Ekambi,26,1992-09-14,185,74,Cameroon,Villarreal CF,"ST, LM, LW",Right,LM,17.0
649.0,WC-2006,2006 FIFA World Cup,M-2006-05,Argentina v Ivory Coast,group stage,Group C,1.0,0.0,0.0,0.0,6/10/2006,21:00,S-060,Volksparkstadion,Hamburg,Germany,T-03,Argentina,ARG,T-40,Ivory Coast,CIV,21,2.0,1.0,1.0,-1.0,0.0,0.0,0-0,0.0,0.0,home team win,1.0,0.0,0.0,229909,https://sofifa.com/player/229909/andrey-lunev/20/159586,A. Lunev,Andrey Lunev,27,1991-11-13,189,80,Russia,Russia,GK,Right,Unknown,11.0
650.0,WC-2006,2006 FIFA World Cup,M-2006-06,Serbia and Montenegro v Netherlands,group stage,Group C,1.0,0.0,0.0,0.0,6/11/2006,15:00,S-063,Zentralstadion,Leipzig,Germany,T-65,Serbia and Montenegro,SCG,T-46,Netherlands,NLD,01,0.0,1.0,-1.0,1.0,0.0,0.0,0-0,0.0,0.0,away team win,0.0,1.0,0.0,231969,https://sofifa.com/player/231969/ruslan-malinovskyi/20/159586,R. Malinovskyi,Ruslan Malinovskyi,26,1993-05-04,181,85,Ukraine,Atalanta,"CM, CAM, CDM",Left,SUB,18.0
651.0,WC-2006,2006 FIFA World Cup,M-2006-07,Mexico v Iran,group stage,Group D,1.0,0.0,0.0,0.0,6/11/2006,18:00,S-066,Frankenstadion,Nuremberg,Germany,T-44,Mexico,MEX,T-36,Iran,IRN,31,3.0,1.0,2.0,-2.0,0.0,0.0,0-0,0.0,0.0,home team win,1.0,0.0,0.0,183285,https://sofifa.com/player/183285/mamadou-sakho/20/159586,M. Sakho,Mamadou Sakho,29,1990-02-13,187,83,France,Crystal Palace,CB,Left,SUB,12.0
652.0,WC-2006,2006 FIFA World Cup,M-2006-08,Angola v Portugal,group stage,Group D,1.0,0.0,0.0,0.0,6/11/2006,21:00,S-054,RheinEnergieStadion,Cologne,Germany,T-02,Angola,AGO,T-56,Portugal,PRT,01,0.0,1.0,-1.0,1.0,0.0,0.0,0-0,0.0,0.0,away team win,0.0,1.0,0.0,185422,https://sofifa.com/player/185422/joshua-king/20/159586,J. King,Joshua King,27,1992-01-15,184,82,Norway,Bournemouth,"CF, ST",Right,CF,7.0
653.0,WC-2006,2006 FIFA World Cup,M-2006-09,Australia v Japan,group stage,Group F,1.0,0.0,0.0,0.0,6/12/2006,15:00,S-062,Fritz-Walter-Stadion,Kaiserslautern,Germany,T-04,Australia,AUS,T-42,Japan,JPN,31,3.0,1.0,2.0,-2.0,0.0,0.0,0-0,0.0,0.0,home team win,1.0,0.0,0.0,193408,https://sofifa.com/player/193408/haris-seferovic/20/159586,H. Seferović,Haris Seferović,27,1992-02-22,189,85,Switzerland,SL Benfica,ST,Left,RS,14.0
654.0,WC-2006,2006 FIFA World Cup,M-2006-10,United States v Czech Republic,group stage,Group E,1.0,0.0,0.0,0.0,6/12/2006,18:00,S-058,Arena AufShalke,Gelsenkirchen,Germany,T-80,United States,USA,T-19,Czech Republic,CZE,03,0.0,3.0,-3.0,3.0,0.0,0.0,0-0,0.0,0.0,away team win,0.0,1.0,0.0,194222,https://sofifa.com/player/194222/victor-laguardia-cisneros/20/159586,Laguardia,Víctor Laguardia Cisneros,29,1989-11-05,185,80,Spain,Deportivo Alavés,CB,Right,RCB,5.0
655.0,WC-2006,2006 FIFA World Cup,M-2006-11,Italy v Ghana,group stage,Group E,1.0,0.0,0.0,0.0,6/12/2006,21:00,S-061,Niedersachsenstadion,Hanover,Germany,T-39,Italy,ITA,T-30,Ghana,GHA,20,2.0,0.0,2.0,-2.0,0.0,0.0,0-0,0.0,0.0,home team win,1.0,0.0,0.0,194957,https://sofifa.com/player/194957/phil-jones/20/159586,P. Jones,Phil Jones,27,1992-02-21,185,71,England,Manchester United,CB,Right,SUB,4.0
656.0,WC-2006,2006 FIFA World Cup,M-2006-12,South Korea v Togo,group stage,Group G,1.0,0.0,0.0,0.0,6/13/2006,15:00,S-057,Waldstadion,Frankfurt,Germany,T-69,South Korea,KOR,T-74,Togo,TGO,21,2.0,1.0,1.0,-1.0,0.0,0.0,0-0,0.0,0.0,home team win,1.0,0.0,0.0,197853,https://sofifa.com/player/197853/serge-aurier/20/159586,S. Aurier,Serge Aurier,26,1992-12-24,176,76,Ivory Coast,Tottenham Hotspur,"RB, RWB",Right,RES,24.0
657.0,WC-2006,2006 FIFA World Cup,M-2006-13,France v Switzerland,group stage,Group G,1.0,0.0,0.0,0.0,6/13/2006,18:00,S-067,Neckarstadion,Stuttgart,Germany,T-28,France,FRA,T-73,Switzerland,CHE,00,0.0,0.0,0.0,0.0,0.0,0.0,0-0,0.0,0.0,draw,0.0,0.0,1.0,202884,https://sofifa.com/player/202884/leonardo-spinazzola/20/159586,L. Spinazzola,Leonardo Spinazzola,26,1993-03-25,186,75,Italy,Roma,"LM, LB",Right,SUB,37.0
658.0,WC-2006,2006 FIFA World Cup,M-2006-14,Brazil v Croatia,group stage,Group F,1.0,0.0,0.0,0.0,6/13/2006,21:00,S-053,Olympiastadion,Berlin,Germany,T-09,Brazil,BRA,T-17,Croatia,HRV,10,1.0,0.0,1.0,-1.0,0.0,0.0,0-0,0.0,0.0,home team win,1.0,0.0,0.0,204105,https://sofifa.com/player/204105/kenny-lala/20/159586,K. Lala,Kenny Lala,27,1991-10-03,178,78,France,RC Strasbourg Alsace,RWB,Right,RWB,27.0
659.0,WC-2006,2006 FIFA World Cup,M-2006-15,Spain v Ukraine,group stage,Group H,1.0,0.0,0.0,0.0,6/14/2006,15:00,S-063,Zentralstadion,Leipzig,Germany,T-71,Spain,ESP,T-78,Ukraine,UKR,40,4.0,0.0,4.0,-4.0,0.0,0.0,0-0,0.0,0.0,home team win,1.0,0.0,0.0,204259,https://sofifa.com/player/204259/santiago-arias/20/159586,S. Arias,Santiago Arias Naranjo,27,1992-01-13,178,72,Colombia,Atlético Madrid,RB,Right,SUB,4.0
660.0,WC-2006,2006 FIFA World Cup,M-2006-16,Tunisia v Saudi Arabia,group stage,Group H,1.0,0.0,0.0,0.0,6/14/2006,18:00,S-064,Allianz Arena,Munich,Germany,T-76,Tunisia,TUN,T-61,Saudi Arabia,SAU,22,2.0,2.0,0.0,0.0,0.0,0.0,0-0,0.0,0.0,draw,0.0,0.0,1.0,205407,https://sofifa.com/player/205407/daniele-baselli/20/159586,D. Baselli,Daniele Baselli,27,1992-03-12,182,70,Italy,Torino,CM,Right,RCM,8.0
661.0,WC-2006,2006 FIFA World Cup,M-2006-17,Germany v Poland,group stage,Group A,1.0,0.0,0.0,0.0,6/14/2006,21:00,S-055,Westfalenstadion,Dortmund,Germany,T-29,Germany,DEU,T-55,Poland,POL,10,1.0,0.0,1.0,-1.0,0.0,0.0,0-0,0.0,0.0,home team win,1.0,0.0,0.0,205686,https://sofifa.com/player/205686/teji-savanier/20/159586,T. Savanier,Téji Savanier,27,1991-12-22,171,62,France,Montpellier HSC,"CM, CDM",Right,RES,11.0
662.0,WC-2006,2006 FIFA World Cup,M-2006-18,Ecuador v Costa Rica,group stage,Group A,1.0,0.0,0.0,0.0,6/15/2006,15:00,S-060,Volksparkstadion,Hamburg,Germany,T-24,Ecuador,ECU,T-16,Costa Rica,CRI,30,3.0,0.0,3.0,-3.0,0.0,0.0,0-0,0.0,0.0,home team win,1.0,0.0,0.0,205976,https://sofifa.com/player/205976/leonardo-carrilho-baptistao/20/159586,Leo Baptistao,Leonardo Carrilho Baptistão,26,1992-08-26,181,71,Brazil,Wuhan Zall,"ST, RW, RM",Right,ST,10.0
663.0,WC-2006,2006 FIFA World Cup,M-2006-19,England v Trinidad and Tobago,group stage,Group B,1.0,0.0,0.0,0.0,6/15/2006,18:00,S-066,Frankenstadion,Nuremberg,Germany,T-27,England,ENG,T-75,Trinidad and Tobago,TTO,20,2.0,0.0,2.0,-2.0,0.0,0.0,0-0,0.0,0.0,home team win,1.0,0.0,0.0,208004,https://sofifa.com/player/208004/joel-veltman/20/159586,J. Veltman,Joël Veltman,27,1992-01-15,184,75,Netherlands,Ajax,"CB, RB",Right,RCB,3.0
664.0,WC-2006,2006 FIFA World Cup,M-2006-20,Sweden v Paraguay,group stage,Group B,1.0,0.0,0.0,0.0,6/15/2006,21:00,S-053,Olympiastadion,Berlin,Germany,T-72,Sweden,SWE,T-53,Paraguay,PRY,10,1.0,0.0,1.0,-1.0,0.0,0.0,0-0,0.0,0.0,home team win,1.0,0.0,0.0,216150,https://sofifa.com/player/216150/davide-zappacosta/20/159586,D. Zappacosta,Davide Zappacosta,27,1992-06-11,182,72,Italy,Chelsea,"RB, RWB",Right,SUB,21.0
665.0,WC-2006,2006 FIFA World Cup,M-2006-21,Argentina v Serbia and Montenegro,group stage,Group C,1.0,0.0,0.0,0.0,6/16/2006,15:00,S-058,Arena AufShalke,Gelsenkirchen,Germany,T-03,Argentina,ARG,T-65,Serbia and Montenegro,SCG,60,6.0,0.0,6.0,-6.0,0.0,0.0,0-0,0.0,0.0,home team win,1.0,0.0,0.0,221445,https://sofifa.com/player/221445/lei-wu/20/159586,Wu Lei,武磊,27,1991-11-19,174,66,China PR,RCD Espanyol,"ST, LM, LW",Right,LS,7.0
666.0,WC-2006,2006 FIFA World Cup,M-2006-22,Netherlands v Ivory Coast,group stage,Group C,1.0,0.0,0.0,0.0,6/16/2006,18:00,S-067,Neckarstadion,Stuttgart,Germany,T-46,Netherlands,NLD,T-40,Ivory Coast,CIV,21,2.0,1.0,1.0,-1.0,0.0,0.0,0-0,0.0,0.0,home team win,1.0,0.0,0.0,113422,https://sofifa.com/player/113422/david-villa-sanchez/20/159586,David Villa,David Villa Sánchez,37,1981-12-03,175,69,Spain,Vissel Kobe,"ST, LW",Right,LS,7.0
667.0,WC-2006,2006 FIFA World Cup,M-2006-23,Mexico v Angola,group stage,Group D,1.0,0.0,0.0,0.0,6/16/2006,21:00,S-061,Niedersachsenstadion,Hanover,Germany,T-44,Mexico,MEX,T-02,Angola,AGO,00,0.0,0.0,0.0,0.0,0.0,0.0,0-0,0.0,0.0,draw,0.0,0.0,1.0,124375,https://sofifa.com/player/124375/burak-yilmaz/20/159586,B. Yılmaz,Burak Yılmaz,33,1985-07-15,188,77,Turkey,Beşiktaş JK,ST,Right,ST,71.0
668.0,WC-2006,2006 FIFA World Cup,M-2006-24,Portugal v Iran,group stage,Group D,1.0,0.0,0.0,0.0,6/17/2006,15:00,S-057,Waldstadion,Frankfurt,Germany,T-56,Portugal,PRT,T-36,Iran,IRN,20,2.0,0.0,2.0,-2.0,0.0,0.0,0-0,0.0,0.0,home team win,1.0,0.0,0.0,140293,https://sofifa.com/player/140293/antonio-mirante/20/159586,A. Mirante,Antonio Mirante,35,1983-07-08,193,79,Italy,Roma,GK,Right,SUB,83.0
669.0,WC-2006,2006 FIFA World Cup,M-2006-25,Czech Republic v Ghana,group stage,Group E,1.0,0.0,0.0,0.0,6/17/2006,18:00,S-054,RheinEnergieStadion,Cologne,Germany,T-19,Czech Republic,CZE,T-30,Ghana,GHA,02,0.0,2.0,-2.0,2.0,0.0,0.0,0-0,0.0,0.0,away team win,0.0,1.0,0.0,158232,https://sofifa.com/player/158232/salomon-kalou/20/159586,S. Kalou,Salomon Armand Magloire Kalou,33,1985-08-05,185,79,Ivory Coast,Hertha BSC,"LM, ST, RM",Right,LM,8.0
670.0,WC-2006,2006 FIFA World Cup,M-2006-26,Italy v United States,group stage,Group E,1.0,0.0,0.0,0.0,6/17/2006,21:00,S-062,Fritz-Walter-Stadion,Kaiserslautern,Germany,T-39,Italy,ITA,T-80,United States,USA,11,1.0,1.0,0.0,0.0,0.0,0.0,0-0,0.0,0.0,draw,0.0,0.0,1.0,158625,https://sofifa.com/player/158625/dante-bonfim-costa-santos/20/159586,Dante,Dante Bonfim da Costa Santos,35,1983-10-18,188,85,Brazil,OGC Nice,CB,Left,LCB,4.0
671.0,WC-2006,2006 FIFA World Cup,M-2006-27,Japan v Croatia,group stage,Group F,1.0,0.0,0.0,0.0,6/18/2006,15:00,S-066,Frankenstadion,Nuremberg,Germany,T-42,Japan,JPN,T-17,Croatia,HRV,00,0.0,0.0,0.0,0.0,0.0,0.0,0-0,0.0,0.0,draw,0.0,0.0,1.0,158626,https://sofifa.com/player/158626/mathieu-debuchy/20/159586,M. Debuchy,Mathieu Debuchy,33,1985-07-28,176,76,France,AS Saint-Étienne,RB,Right,RB,26.0
672.0,WC-2006,2006 FIFA World Cup,M-2006-28,Brazil v Australia,group stage,Group F,1.0,0.0,0.0,0.0,6/18/2006,18:00,S-064,Allianz Arena,Munich,Germany,T-09,Brazil,BRA,T-04,Australia,AUS,20,2.0,0.0,2.0,-2.0,0.0,0.0,0-0,0.0,0.0,home team win,1.0,0.0,0.0,159065,https://sofifa.com/player/159065/ezequiel-lavezzi/20/159586,E. Lavezzi,Ezequiel Iván Lavezzi,34,1985-05-03,173,75,Argentina,Hebei China Fortune FC,"ST, CAM",Right,SUB,22.0
673.0,WC-2006,2006 FIFA World Cup,M-2006-29,France v South Korea,group stage,Group G,1.0,0.0,0.0,0.0,6/18/2006,21:00,S-063,Zentralstadion,Leipzig,Germany,T-28,France,FRA,T-69,South Korea,KOR,11,1.0,1.0,0.0,0.0,0.0,0.0,0-0,0.0,0.0,draw,0.0,0.0,1.0,161956,https://sofifa.com/player/161956/borja-valero-iglesias/20/159586,Borja Valero,Borja Valero Iglesias,34,1985-01-12,175,73,Spain,Inter,"CAM, CDM",Right,RES,20.0
674.0,WC-2006,2006 FIFA World Cup,M-2006-30,Togo v Switzerland,group stage,Group G,1.0,0.0,0.0,0.0,6/19/2006,15:00,S-055,Westfalenstadion,Dortmund,Germany,T-74,Togo,TGO,T-73,Switzerland,CHE,02,0.0,2.0,-2.0,2.0,0.0,0.0,0-0,0.0,0.0,away team win,0.0,1.0,0.0,166706,https://sofifa.com/player/166706/martin-skrtel/20/159586,M. Škrtel,Martin Škrtel,34,1984-12-15,191,81,Slovakia,Atalanta,CB,Right,SUB,37.0
675.0,WC-2006,2006 FIFA World Cup,M-2006-31,Saudi Arabia v Ukraine,group stage,Group H,1.0,0.0,0.0,0.0,6/19/2006,18:00,S-060,Volksparkstadion,Hamburg,Germany,T-61,Saudi Arabia,SAU,T-78,Ukraine,UKR,04,0.0,4.0,-4.0,4.0,0.0,0.0,0-0,0.0,0.0,away team win,0.0,1.0,0.0,169588,https://sofifa.com/player/169588/jonny-evans/20/159586,J. Evans,Jonny Evans,31,1988-01-03,188,77,Northern Ireland,Leicester City,CB,Right,RCB,6.0
676.0,WC-2006,2006 FIFA World Cup,M-2006-32,Spain v Tunisia,group stage,Group H,1.0,0.0,0.0,0.0,6/19/2006,21:00,S-067,Neckarstadion,Stuttgart,Germany,T-71,Spain,ESP,T-76,Tunisia,TUN,31,3.0,1.0,2.0,-2.0,0.0,0.0,0-0,0.0,0.0,home team win,1.0,0.0,0.0,172114,https://sofifa.com/player/172114/diego-valeri/20/159586,D. Valeri,Diego Hernán Váleri,33,1986-05-01,178,75,Argentina,Portland Timbers,"CAM, ST",Right,CAM,8.0
677.0,WC-2006,2006 FIFA World Cup,M-2006-33,Costa Rica v Poland,group stage,Group A,1.0,0.0,0.0,0.0,6/20/2006,16:00,S-061,Niedersachsenstadion,Hanover,Germany,T-16,Costa Rica,CRI,T-55,Poland,POL,12,1.0,2.0,-1.0,1.0,0.0,0.0,0-0,0.0,0.0,away team win,0.0,1.0,0.0,172862,https://sofifa.com/player/172862/niklas-moisander/20/159586,N. Moisander,Niklas Moisander,33,1985-09-29,183,76,Finland,SV Werder Bremen,CB,Left,LCB,18.0
678.0,WC-2006,2006 FIFA World Cup,M-2006-34,Ecuador v Germany,group stage,Group A,1.0,0.0,0.0,0.0,6/20/2006,16:00,S-053,Olympiastadion,Berlin,Germany,T-24,Ecuador,ECU,T-29,Germany,DEU,03,0.0,3.0,-3.0,3.0,0.0,0.0,0-0,0.0,0.0,away team win,0.0,1.0,0.0,173208,https://sofifa.com/player/173208/domenico-criscito/20/159586,D. Criscito,Domenico Criscito,32,1986-12-30,183,75,Italy,Genoa,"LB, CB",Left,LCB,4.0
679.0,WC-2006,2006 FIFA World Cup,M-2006-35,Paraguay v Trinidad and Tobago,group stage,Group B,1.0,0.0,0.0,0.0,6/20/2006,21:00,S-062,Fritz-Walter-Stadion,Kaiserslautern,Germany,T-53,Paraguay,PRY,T-75,Trinidad and Tobago,TTO,20,2.0,0.0,2.0,-2.0,0.0,0.0,0-0,0.0,0.0,home team win,1.0,0.0,0.0,173221,https://sofifa.com/player/173221/antonio-candreva/20/159586,A. Candreva,Antonio Candreva,32,1987-02-28,180,70,Italy,Inter,RM,Right,SUB,87.0
680.0,WC-2006,2006 FIFA World Cup,M-2006-36,Sweden v England,group stage,Group B,1.0,0.0,0.0,0.0,6/20/2006,21:00,S-054,RheinEnergieStadion,Cologne,Germany,T-72,Sweden,SWE,T-27,England,ENG,22,2.0,2.0,0.0,0.0,0.0,0.0,0-0,0.0,0.0,draw,0.0,0.0,1.0,173521,https://sofifa.com/player/173521/ivan-marcano-sierra/20/159586,Marcano,Iván Marcano Sierra,32,1987-06-23,189,77,Spain,FC Porto,CB,Left,LCB,5.0
681.0,WC-2006,2006 FIFA World Cup,M-2006-37,Iran v Angola,group stage,Group D,1.0,0.0,0.0,0.0,6/21/2006,16:00,S-063,Zentralstadion,Leipzig,Germany,T-36,Iran,IRN,T-02,Angola,AGO,11,1.0,1.0,0.0,0.0,0.0,0.0,0-0,0.0,0.0,draw,0.0,0.0,1.0,173909,https://sofifa.com/player/173909/kevin-prince-boateng/20/159586,K. Boateng,Kevin-Prince Boateng,32,1987-03-06,185,86,Ghana,Fiorentina,"CF, CM",Right,SUB,10.0
682.0,WC-2006,2006 FIFA World Cup,M-2006-38,Portugal v Mexico,group stage,Group D,1.0,0.0,0.0,0.0,6/21/2006,16:00,S-058,Arena AufShalke,Gelsenkirchen,Germany,T-56,Portugal,PRT,T-44,Mexico,MEX,21,2.0,1.0,1.0,-1.0,0.0,0.0,0-0,0.0,0.0,home team win,1.0,0.0,0.0,176915,https://sofifa.com/player/176915/augusto-fernandez/20/159586,A. Fernández,Augusto Matías Fernández,33,1986-04-10,177,71,Argentina,Beijing Renhe FC,"CM, CDM",Right,LDM,8.0
683.0,WC-2006,2006 FIFA World Cup,M-2006-39,Ivory Coast v Serbia and Montenegro,group stage,Group C,1.0,0.0,0.0,0.0,6/21/2006,21:00,S-064,Allianz Arena,Munich,Germany,T-40,Ivory Coast,CIV,T-65,Serbia and Montenegro,SCG,32,3.0,2.0,1.0,-1.0,0.0,0.0,0-0,0.0,0.0,home team win,1.0,0.0,0.0,176919,https://sofifa.com/player/176919/nahuel-guzman/20/159586,N. Guzmán,Nahuel Ignacio Guzmán,33,1986-02-10,193,94,Argentina,Tigres U.A.N.L.,GK,Right,GK,1.0
684.0,WC-2006,2006 FIFA World Cup,M-2006-40,Netherlands v Argentina,group stage,Group C,1.0,0.0,0.0,0.0,6/21/2006,21:00,S-057,Waldstadion,Frankfurt,Germany,T-46,Netherlands,NLD,T-03,Argentina,ARG,00,0.0,0.0,0.0,0.0,0.0,0.0,0-0,0.0,0.0,draw,0.0,0.0,1.0,177604,https://sofifa.com/player/177604/ignacio-monreal-eraso/20/159586,Nacho Monreal,Ignacio Monreal Eraso,33,1986-02-26,180,77,Spain,Arsenal,"LB, CB",Left,LB,18.0
685.0,WC-2006,2006 FIFA World Cup,M-2006-41,Czech Republic v Italy,group stage,Group E,1.0,0.0,0.0,0.0,6/22/2006,16:00,S-060,Volksparkstadion,Hamburg,Germany,T-19,Czech Republic,CZE,T-39,Italy,ITA,02,0.0,2.0,-2.0,2.0,0.0,0.0,0-0,0.0,0.0,away team win,0.0,1.0,0.0,177633,https://sofifa.com/player/177633/angel-luis-rodriguez-diaz/20/159586,Ángel,Ángel Luís Rodríguez Díaz,32,1987-04-26,172,68,Spain,Getafe CF,ST,Right,SUB,9.0
686.0,WC-2006,2006 FIFA World Cup,M-2006-42,Ghana v United States,group stage,Group E,1.0,0.0,0.0,0.0,6/22/2006,16:00,S-066,Frankenstadion,Nuremberg,Germany,T-30,Ghana,GHA,T-80,United States,USA,21,2.0,1.0,1.0,-1.0,0.0,0.0,0-0,0.0,0.0,home team win,1.0,0.0,0.0,178085,https://sofifa.com/player/178085/esteban-granero-molina/20/159586,Granero,Esteban Félix Granero Molina,31,1987-07-02,180,78,Spain,RCD Espanyol,"CM, LM, RM",Right,SUB,23.0
687.0,WC-2006,2006 FIFA World Cup,M-2006-43,Croatia v Australia,group stage,Group F,1.0,0.0,0.0,0.0,6/22/2006,21:00,S-067,Neckarstadion,Stuttgart,Germany,T-17,Croatia,HRV,T-04,Australia,AUS,22,2.0,2.0,0.0,0.0,0.0,0.0,0-0,0.0,0.0,draw,0.0,0.0,1.0,178311,https://sofifa.com/player/178311/eder-citadin-martins/20/159586,Éder,Éder Citadin Martins,32,1986-11-15,179,72,Italy,Jiangsu Suning FC,ST,Right,LS,9.0
688.0,WC-2006,2006 FIFA World Cup,M-2006-44,Japan v Brazil,group stage,Group F,1.0,0.0,0.0,0.0,6/22/2006,21:00,S-055,Westfalenstadion,Dortmund,Germany,T-42,Japan,JPN,T-09,Brazil,BRA,14,1.0,4.0,-3.0,3.0,0.0,0.0,0-0,0.0,0.0,away team win,0.0,1.0,0.0,178415,https://sofifa.com/player/178415/ruud-vormer/20/159586,R. Vormer,Ruud Vormer,31,1988-05-11,178,79,Netherlands,Club Brugge KV,CM,Right,RCM,25.0
689.0,WC-2006,2006 FIFA World Cup,M-2006-45,Saudi Arabia v Spain,group stage,Group H,1.0,0.0,0.0,0.0,6/23/2006,16:00,S-062,Fritz-Walter-Stadion,Kaiserslautern,Germany,T-61,Saudi Arabia,SAU,T-71,Spain,ESP,01,0.0,1.0,-1.0,1.0,0.0,0.0,0-0,0.0,0.0,away team win,0.0,1.0,0.0,180216,https://sofifa.com/player/180216/seamus-coleman/20/159586,S. Coleman,Séamus Coleman,30,1988-10-11,177,77,Republic of Ireland,Everton,RB,Right,RB,23.0
690.0,WC-2006,2006 FIFA World Cup,M-2006-46,Ukraine v Tunisia,group stage,Group H,1.0,0.0,0.0,0.0,6/23/2006,16:00,S-053,Olympiastadion,Berlin,Germany,T-78,Ukraine,UKR,T-76,Tunisia,TUN,10,1.0,0.0,1.0,-1.0,0.0,0.0,0-0,0.0,0.0,home team win,1.0,0.0,0.0,180819,https://sofifa.com/player/180819/adam-lallana/20/159586,A. Lallana,Adam David Lallana,31,1988-05-10,178,73,England,Liverpool,CM,Right,SUB,20.0
691.0,WC-2006,2006 FIFA World Cup,M-2006-47,Switzerland v South Korea,group stage,Group G,1.0,0.0,0.0,0.0,6/23/2006,21:00,S-061,Niedersachsenstadion,Hanover,Germany,T-73,Switzerland,CHE,T-69,South Korea,KOR,20,2.0,0.0,2.0,-2.0,0.0,0.0,0-0,0.0,0.0,home team win,1.0,0.0,0.0,182212,https://sofifa.com/player/182212/anthony-modeste/20/159586,A. Modeste,Anthony Modeste,31,1988-04-14,187,84,France,1. FC Köln,ST,Right,LS,27.0
692.0,WC-2006,2006 FIFA World Cup,M-2006-48,Togo v France,group stage,Group G,1.0,0.0,0.0,0.0,6/23/2006,21:00,S-054,RheinEnergieStadion,Cologne,Germany,T-74,Togo,TGO,T-28,France,FRA,02,0.0,2.0,-2.0,2.0,0.0,0.0,0-0,0.0,0.0,away team win,0.0,1.0,0.0,182945,https://sofifa.com/player/182945/max-alain-gradel/20/159586,M. Gradel,Max-Alain Gradel,31,1987-11-30,177,70,Ivory Coast,Toulouse Football Club,"LW, LM",Right,LW,7.0
693.0,WC-2006,2006 FIFA World Cup,M-2006-49,Germany v Sweden,round of 16,not applicable,0.0,1.0,0.0,0.0,6/24/2006,17:00,S-064,Allianz Arena,Munich,Germany,T-29,Germany,DEU,T-72,Sweden,SWE,20,2.0,0.0,2.0,-2.0,0.0,0.0,0-0,0.0,0.0,home team win,1.0,0.0,0.0,183512,https://sofifa.com/player/183512/yuri-berchiche-izeta/20/159586,Yuri Berchiche,Yuri Berchiche Izeta,29,1990-02-10,180,80,Spain,Athletic Club de Bilbao,LB,Left,LB,17.0
694.0,WC-2006,2006 FIFA World Cup,M-2006-50,Argentina v Mexico,round of 16,not applicable,0.0,1.0,0.0,0.0,6/24/2006,21:00,S-063,Zentralstadion,Leipzig,Germany,T-03,Argentina,ARG,T-44,Mexico,MEX,21,2.0,1.0,1.0,-1.0,1.0,0.0,0-0,0.0,0.0,home team win,1.0,0.0,0.0,184949,https://sofifa.com/player/184949/mariano-ferreira-filho/20/159586,Mariano,Mariano Ferreira Filho,33,1986-06-23,177,69,Brazil,Galatasaray SK,RB,Right,RB,22.0
695.0,WC-2006,2006 FIFA World Cup,M-2006-51,England v Ecuador,round of 16,not applicable,0.0,1.0,0.0,0.0,6/25/2006,17:00,S-067,Neckarstadion,Stuttgart,Germany,T-27,England,ENG,T-24,Ecuador,ECU,10,1.0,0.0,1.0,-1.0,0.0,0.0,0-0,0.0,0.0,home team win,1.0,0.0,0.0,185239,https://sofifa.com/player/185239/omer-toprak/20/159586,O. Toprak,Ömer Toprak,29,1989-07-21,186,83,Turkey,SV Werder Bremen,CB,Right,RCB,21.0
696.0,WC-2006,2006 FIFA World Cup,M-2006-52,Portugal v Netherlands,round of 16,not applicable,0.0,1.0,0.0,0.0,6/25/2006,21:00,S-066,Frankenstadion,Nuremberg,Germany,T-56,Portugal,PRT,T-46,Netherlands,NLD,10,1.0,0.0,1.0,-1.0,0.0,0.0,0-0,0.0,0.0,home team win,1.0,0.0,0.0,185431,https://sofifa.com/player/185431/nikola-kalinic/20/159586,N. Kalinić,Nikola Kalinić,31,1988-01-05,187,80,Croatia,Atlético Madrid,ST,Right,SUB,21.0
697.0,WC-2006,2006 FIFA World Cup,M-2006-53,Italy v Australia,round of 16,not applicable,0.0,1.0,0.0,0.0,6/26/2006,17:00,S-062,Fritz-Walter-Stadion,Kaiserslautern,Germany,T-39,Italy,ITA,T-04,Australia,AUS,10,1.0,0.0,1.0,-1.0,0.0,0.0,0-0,0.0,0.0,home team win,1.0,0.0,0.0,186537,https://sofifa.com/player/186537/cristhian-stuani/20/159586,C. Stuani,Cristhian Ricardo Stuani Curbelo,32,1986-10-12,186,76,Uruguay,Girona FC,ST,Right,ST,7.0
698.0,WC-2006,2006 FIFA World Cup,M-2006-54,Switzerland v Ukraine,round of 16,not applicable,0.0,1.0,0.0,0.0,6/26/2006,21:00,S-054,RheinEnergieStadion,Cologne,Germany,T-73,Switzerland,CHE,T-78,Ukraine,UKR,00,0.0,0.0,0.0,0.0,1.0,1.0,03,0.0,3.0,away team win,0.0,1.0,0.0,186569,https://sofifa.com/player/186569/sven-ulreich/20/159586,S. Ulreich,Sven Ulreich,30,1988-08-03,192,87,Germany,FC Bayern München,GK,Right,SUB,26.0
699.0,WC-2006,2006 FIFA World Cup,M-2006-55,Brazil v Ghana,round of 16,not applicable,0.0,1.0,0.0,0.0,6/27/2006,17:00,S-055,Westfalenstadion,Dortmund,Germany,T-09,Brazil,BRA,T-30,Ghana,GHA,30,3.0,0.0,3.0,-3.0,0.0,0.0,0-0,0.0,0.0,home team win,1.0,0.0,0.0,186832,https://sofifa.com/player/186832/kwadwo-asamoah/20/159586,K. Asamoah,Kwadwo Asamoah,30,1988-12-09,173,75,Ghana,Inter,LB,Left,SUB,18.0
700.0,WC-2006,2006 FIFA World Cup,M-2006-56,Spain v France,round of 16,not applicable,0.0,1.0,0.0,0.0,6/27/2006,21:00,S-061,Niedersachsenstadion,Hanover,Germany,T-71,Spain,ESP,T-28,France,FRA,13,1.0,3.0,-2.0,2.0,0.0,0.0,0-0,0.0,0.0,away team win,0.0,1.0,0.0,188081,https://sofifa.com/player/188081/alex-teixeira-dos-santos/20/159586,Alex Teixeira,Alex Teixeira dos Santos,29,1990-01-06,174,72,Brazil,Jiangsu Suning FC,"ST, CAM",Right,RS,10.0
701.0,WC-2006,2006 FIFA World Cup,M-2006-57,Germany v Argentina,quarter-finals,not applicable,0.0,1.0,0.0,0.0,6/30/2006,17:00,S-053,Olympiastadion,Berlin,Germany,T-29,Germany,DEU,T-03,Argentina,ARG,11,1.0,1.0,0.0,0.0,1.0,1.0,42,4.0,2.0,home team win,1.0,0.0,0.0,188427,https://sofifa.com/player/188427/senad-lulic/20/159586,S. Lulić,Senad Lulić,33,1986-01-18,183,78,Bosnia Herzegovina,Lazio,LM,Right,SUB,19.0
702.0,WC-2006,2006 FIFA World Cup,M-2006-58,Italy v Ukraine,quarter-finals,not applicable,0.0,1.0,0.0,0.0,6/30/2006,21:00,S-060,Volksparkstadion,Hamburg,Germany,T-39,Italy,ITA,T-78,Ukraine,UKR,30,3.0,0.0,3.0,-3.0,0.0,0.0,0-0,0.0,0.0,home team win,1.0,0.0,0.0,189250,https://sofifa.com/player/189250/salomon-rondon/20/159586,S. Rondón,José Salomón Rondón Giménez,29,1989-09-16,186,85,Venezuela,Dalian YiFang FC,ST,Right,ST,9.0
703.0,WC-2006,2006 FIFA World Cup,M-2006-59,England v Portugal,quarter-finals,not applicable,0.0,1.0,0.0,0.0,7/1/2006,17:00,S-058,Arena AufShalke,Gelsenkirchen,Germany,T-27,England,ENG,T-56,Portugal,PRT,00,0.0,0.0,0.0,0.0,1.0,1.0,13,1.0,3.0,away team win,0.0,1.0,0.0,189358,https://sofifa.com/player/189358/shinji-kagawa/20/159586,S. Kagawa,香川 真司,30,1989-03-17,175,68,Japan,Real Zaragoza,"CAM, CM, CF",Right,CAM,23.0
704.0,WC-2006,2006 FIFA World Cup,M-2006-60,Brazil v France,quarter-finals,not applicable,0.0,1.0,0.0,0.0,7/1/2006,21:00,S-057,Waldstadion,Frankfurt,Germany,T-09,Brazil,BRA,T-28,France,FRA,01,0.0,1.0,-1.0,1.0,0.0,0.0,0-0,0.0,0.0,away team win,0.0,1.0,0.0,189461,https://sofifa.com/player/189461/jack-wilshere/20/159586,J. Wilshere,Jack Wilshere,27,1992-01-01,172,68,England,West Ham United,"CM, CAM, CDM",Left,LCM,19.0
705.0,WC-2006,2006 FIFA World Cup,M-2006-61,Germany v Italy,semi-finals,not applicable,0.0,1.0,0.0,0.0,7/4/2006,21:00,S-055,Westfalenstadion,Dortmund,Germany,T-29,Germany,DEU,T-39,Italy,ITA,02,0.0,2.0,-2.0,2.0,1.0,0.0,0-0,0.0,0.0,away team win,0.0,1.0,0.0,189690,https://sofifa.com/player/189690/vicente-guaita-panadero/20/159586,Guaita,Vicente Guaita Panadero,32,1987-01-10,190,80,Spain,Crystal Palace,GK,Right,GK,31.0
706.0,WC-2006,2006 FIFA World Cup,M-2006-62,Portugal v France,semi-finals,not applicable,0.0,1.0,0.0,0.0,7/5/2006,21:00,S-064,Allianz Arena,Munich,Germany,T-56,Portugal,PRT,T-28,France,FRA,01,0.0,1.0,-1.0,1.0,0.0,0.0,0-0,0.0,0.0,away team win,0.0,1.0,0.0,190143,https://sofifa.com/player/190143/jose-angel-valdes-diaz/20/159586,Cote,José Ángel Valdés Díaz,29,1989-09-05,182,77,Spain,SD Eibar,LB,Left,LB,15.0
707.0,WC-2006,2006 FIFA World Cup,M-2006-63,Germany v Portugal,third-place match,not applicable,0.0,1.0,0.0,0.0,7/8/2006,21:00,S-067,Neckarstadion,Stuttgart,Germany,T-29,Germany,DEU,T-56,Portugal,PRT,31,3.0,1.0,2.0,-2.0,0.0,0.0,0-0,0.0,0.0,home team win,1.0,0.0,0.0,190264,https://sofifa.com/player/190264/iago-falque-silva/20/159586,Iago Falqué,Iago Falqué Silva,29,1990-01-04,174,69,Spain,Torino,"CF, RW",Left,RF,10.0
708.0,WC-2006,2006 FIFA World Cup,M-2006-64,Italy v France,final,not applicable,0.0,1.0,0.0,0.0,7/9/2006,20:00,S-053,Olympiastadion,Berlin,Germany,T-39,Italy,ITA,T-28,France,FRA,11,1.0,1.0,0.0,0.0,1.0,1.0,53,5.0,3.0,home team win,1.0,0.0,0.0,191180,https://sofifa.com/player/191180/javier-pastore/20/159586,J. Pastore,Javier Matías Pastore,30,1989-06-20,187,78,Argentina,Roma,"CM, LW, RW",Right,SUB,27.0
709.0,WC-2010,2010 FIFA World Cup,M-2010-01,South Africa v Mexico,group stage,Group A,1.0,0.0,0.0,0.0,6/11/2010,16:00,S-131,Soccer City,Johannesburg,South Africa,T-68,South Africa,ZAF,T-44,Mexico,MEX,11,1.0,1.0,0.0,0.0,0.0,0.0,0-0,0.0,0.0,draw,0.0,0.0,1.0,191687,https://sofifa.com/player/191687/maicon-pereira-roque/20/159586,Maicon,Maicon Pereira Roque,30,1988-09-14,191,89,Brazil,Al Nassr,CB,Right,RCB,18.0
710.0,WC-2010,2010 FIFA World Cup,M-2010-02,Uruguay v France,group stage,Group A,1.0,0.0,0.0,0.0,6/11/2010,20:30,S-128,Cape Town Stadium,Cape Town,South Africa,T-81,Uruguay,URY,T-28,France,FRA,00,0.0,0.0,0.0,0.0,0.0,0.0,0-0,0.0,0.0,draw,0.0,0.0,1.0,192492,https://sofifa.com/player/192492/fabian-orellana/20/159586,F. Orellana,Fabián Orellana,33,1986-01-27,171,64,Chile,SD Eibar,"RM, CAM, LM",Right,LM,14.0
711.0,WC-2010,2010 FIFA World Cup,M-2010-03,South Korea v Greece,group stage,Group B,1.0,0.0,0.0,0.0,6/12/2010,13:30,S-134,Nelson Mandela Bay Stadium,Port Elizabeth,South Africa,T-69,South Korea,KOR,T-31,Greece,GRC,20,2.0,0.0,2.0,-2.0,0.0,0.0,0-0,0.0,0.0,home team win,1.0,0.0,0.0,192598,https://sofifa.com/player/192598/elkeson-de-oliveira-cardoso/20/159586,Elkeson,艾克森,29,1989-07-13,180,83,Brazil,Guangzhou Evergrande Taobao FC,"ST, LW",Right,ST,18.0
712.0,WC-2010,2010 FIFA World Cup,M-2010-04,Argentina v Nigeria,group stage,Group B,1.0,0.0,0.0,0.0,6/12/2010,16:00,S-130,Ellis Park Stadium,Johannesburg,South Africa,T-03,Argentina,ARG,T-48,Nigeria,NGA,10,1.0,0.0,1.0,-1.0,0.0,0.0,0-0,0.0,0.0,home team win,1.0,0.0,0.0,192678,https://sofifa.com/player/192678/enrique-garcia-martinez/20/159586,Kike García,Enrique García Martínez,29,1989-11-25,186,79,Spain,SD Eibar,"ST, LM",Right,LS,17.0
713.0,WC-2010,2010 FIFA World Cup,M-2010-05,England v United States,group stage,Group C,1.0,0.0,0.0,0.0,6/12/2010,20:30,S-136,Royal Bafokeng Stadium,Rustenburg,South Africa,T-27,England,ENG,T-80,United States,USA,11,1.0,1.0,0.0,0.0,0.0,0.0,0-0,0.0,0.0,draw,0.0,0.0,1.0,192679,https://sofifa.com/player/192679/sergio-escudero-palomo/20/159586,Escudero,Sergio Escudero Palomo,29,1989-09-02,176,72,Spain,Sevilla FC,"LB, LM",Left,SUB,18.0
714.0,WC-2010,2010 FIFA World Cup,M-2010-06,Algeria v Slovenia,group stage,Group C,1.0,0.0,0.0,0.0,6/13/2010,13:30,S-133,Peter Mokaba Stadium,Polokwane,South Africa,T-01,Algeria,DZA,T-67,Slovenia,SVN,01,0.0,1.0,-1.0,1.0,0.0,0.0,0-0,0.0,0.0,away team win,0.0,1.0,0.0,192789,https://sofifa.com/player/192789/mario-gaspar-perez-martinez/20/159586,Mario Gaspar,Mario Gaspar Pérez Martínez,28,1990-11-24,182,74,Spain,Villarreal CF,"RB, RM, CB",Right,SUB,2.0
715.0,WC-2010,2010 FIFA World Cup,M-2010-07,Serbia v Ghana,group stage,Group D,1.0,0.0,0.0,0.0,6/13/2010,16:00,S-135,Loftus Versfeld Stadium,Pretoria,South Africa,T-64,Serbia,SRB,T-30,Ghana,GHA,01,0.0,1.0,-1.0,1.0,0.0,0.0,0-0,0.0,0.0,away team win,0.0,1.0,0.0,193152,https://sofifa.com/player/193152/iago-herrerin-buisan/20/159586,Herrerín,Iago Herrerín Buisán,31,1988-01-25,187,89,Spain,Athletic Club de Bilbao,GK,Right,GK,13.0
716.0,WC-2010,2010 FIFA World Cup,M-2010-08,Germany v Australia,group stage,Group D,1.0,0.0,0.0,0.0,6/13/2010,20:30,S-129,Moses Mabhida Stadium,Durban,South Africa,T-29,Germany,DEU,T-04,Australia,AUS,40,4.0,0.0,4.0,-4.0,0.0,0.0,0-0,0.0,0.0,home team win,1.0,0.0,0.0,193469,https://sofifa.com/player/193469/victor-ruiz-torre/20/159586,Víctor Ruiz,Víctor Ruíz Torre,30,1989-01-25,185,78,Spain,Beşiktaş JK,CB,Left,LCB,4.0
717.0,WC-2010,2010 FIFA World Cup,M-2010-09,Netherlands v Denmark,group stage,Group E,1.0,0.0,0.0,0.0,6/14/2010,13:30,S-131,Soccer City,Johannesburg,South Africa,T-46,Netherlands,NLD,T-21,Denmark,DNK,20,2.0,0.0,2.0,-2.0,0.0,0.0,0-0,0.0,0.0,home team win,1.0,0.0,0.0,194728,https://sofifa.com/player/194728/ishak-belfodil/20/159586,I. Belfodil,Ishak Belfodil,27,1992-01-12,191,86,Algeria,TSG 1899 Hoffenheim,ST,Right,SUB,19.0
718.0,WC-2010,2010 FIFA World Cup,M-2010-10,Japan v Cameroon,group stage,Group E,1.0,0.0,0.0,0.0,6/14/2010,16:00,S-127,Free State Stadium,Bloemfontein,South Africa,T-42,Japan,JPN,T-11,Cameroon,CMR,10,1.0,0.0,1.0,-1.0,0.0,0.0,0-0,0.0,0.0,home team win,1.0,0.0,0.0,194794,https://sofifa.com/player/194794/andriy-yarmolenko/20/159586,A. Yarmolenko,Andriy Yarmolenko,29,1989-10-23,190,83,Ukraine,West Ham United,"RM, RW",Left,SUB,7.0
719.0,WC-2010,2010 FIFA World Cup,M-2010-11,Italy v Paraguay,group stage,Group F,1.0,0.0,0.0,0.0,6/14/2010,20:30,S-128,Cape Town Stadium,Cape Town,South Africa,T-39,Italy,ITA,T-53,Paraguay,PRY,11,1.0,1.0,0.0,0.0,0.0,0.0,0-0,0.0,0.0,draw,0.0,0.0,1.0,194845,https://sofifa.com/player/194845/wahbi-khazri/20/159586,W. Khazri,Wahbi Khazri,28,1991-02-08,176,82,Tunisia,AS Saint-Étienne,"ST, CAM",Right,ST,10.0
720.0,WC-2010,2010 FIFA World Cup,M-2010-12,New Zealand v Slovakia,group stage,Group F,1.0,0.0,0.0,0.0,6/15/2010,13:30,S-136,Royal Bafokeng Stadium,Rustenburg,South Africa,T-47,New Zealand,NZL,T-66,Slovakia,SVK,11,1.0,1.0,0.0,0.0,0.0,0.0,0-0,0.0,0.0,draw,0.0,0.0,1.0,196432,https://sofifa.com/player/196432/enzo-perez/20/159586,E. Pérez,Enzo Pérez,33,1986-02-22,178,77,Argentina,River Plate,"CDM, CM",Right,RDM,24.0
721.0,WC-2010,2010 FIFA World Cup,M-2010-13,Ivory Coast v Portugal,group stage,Group G,1.0,0.0,0.0,0.0,6/15/2010,16:00,S-134,Nelson Mandela Bay Stadium,Port Elizabeth,South Africa,T-40,Ivory Coast,CIV,T-56,Portugal,PRT,00,0.0,0.0,0.0,0.0,0.0,0.0,0-0,0.0,0.0,draw,0.0,0.0,1.0,197083,https://sofifa.com/player/197083/daniel-caligiuri/20/159586,D. Caligiuri,Daniel Caligiuri,31,1988-01-15,182,80,Italy,FC Schalke 04,"RWB, RB, RM",Right,RB,18.0
722.0,WC-2010,2010 FIFA World Cup,M-2010-14,Brazil v North Korea,group stage,Group G,1.0,0.0,0.0,0.0,6/15/2010,20:30,S-130,Ellis Park Stadium,Johannesburg,South Africa,T-09,Brazil,BRA,T-49,North Korea,PRK,21,2.0,1.0,1.0,-1.0,0.0,0.0,0-0,0.0,0.0,home team win,1.0,0.0,0.0,199304,https://sofifa.com/player/199304/danilo-luiz-da-silva/20/159586,Danilo,Danilo Luiz da Silva,27,1991-07-15,184,78,Brazil,Juventus,"RB, LB",Right,SUB,13.0
723.0,WC-2010,2010 FIFA World Cup,M-2010-15,Honduras v Chile,group stage,Group H,1.0,0.0,0.0,0.0,6/16/2010,13:30,S-132,Mbombela Stadium,Nelspruit,South Africa,T-33,Honduras,HND,T-13,Chile,CHL,01,0.0,1.0,-1.0,1.0,0.0,0.0,0-0,0.0,0.0,away team win,0.0,1.0,0.0,199393,https://sofifa.com/player/199393/nicolas-pallois/20/159586,N. Pallois,Nicolas Pallois,31,1987-09-19,189,89,France,FC Nantes,CB,Left,LCB,4.0
724.0,WC-2010,2010 FIFA World Cup,M-2010-16,Spain v Switzerland,group stage,Group H,1.0,0.0,0.0,0.0,6/16/2010,16:00,S-129,Moses Mabhida Stadium,Durban,South Africa,T-71,Spain,ESP,T-73,Switzerland,CHE,01,0.0,1.0,-1.0,1.0,0.0,0.0,0-0,0.0,0.0,away team win,0.0,1.0,0.0,199715,https://sofifa.com/player/199715/victor-machin-perez/20/159586,Vitolo,Víctor Machín Pérez,29,1989-11-02,185,79,Spain,Atlético Madrid,"LM, RM",Right,SUB,20.0
725.0,WC-2010,2010 FIFA World Cup,M-2010-17,South Africa v Uruguay,group stage,Group A,1.0,0.0,0.0,0.0,6/16/2010,20:30,S-135,Loftus Versfeld Stadium,Pretoria,South Africa,T-68,South Africa,ZAF,T-81,Uruguay,URY,03,0.0,3.0,-3.0,3.0,0.0,0.0,0-0,0.0,0.0,away team win,0.0,1.0,0.0,201144,https://sofifa.com/player/201144/milan-badelj/20/159586,M. Badelj,Milan Badelj,30,1989-02-25,186,80,Croatia,Fiorentina,"CDM, CM",Right,CDM,5.0
726.0,WC-2010,2010 FIFA World Cup,M-2010-18,Argentina v South Korea,group stage,Group B,1.0,0.0,0.0,0.0,6/17/2010,13:30,S-131,Soccer City,Johannesburg,South Africa,T-03,Argentina,ARG,T-69,South Korea,KOR,41,4.0,1.0,3.0,-3.0,0.0,0.0,0-0,0.0,0.0,home team win,1.0,0.0,0.0,201325,https://sofifa.com/player/201325/ciprian-tatarusanu/20/159586,C. Tătărușanu,Anton Ciprian Tătărușanu,33,1986-02-09,196,86,Romania,Olympique Lyonnais,GK,Right,SUB,30.0
727.0,WC-2010,2010 FIFA World Cup,M-2010-19,Greece v Nigeria,group stage,Group B,1.0,0.0,0.0,0.0,6/17/2010,16:00,S-127,Free State Stadium,Bloemfontein,South Africa,T-31,Greece,GRC,T-48,Nigeria,NGA,21,2.0,1.0,1.0,-1.0,0.0,0.0,0-0,0.0,0.0,home team win,1.0,0.0,0.0,203757,https://sofifa.com/player/203757/jose-luis-mendes-andrade/20/159586,Zé Luís,José Luís Mendes Andrade,28,1991-01-24,184,88,Cape Verde,FC Porto,ST,Left,LS,20.0
728.0,WC-2010,2010 FIFA World Cup,M-2010-20,France v Mexico,group stage,Group A,1.0,0.0,0.0,0.0,6/17/2010,20:30,S-133,Peter Mokaba Stadium,Polokwane,South Africa,T-28,France,FRA,T-44,Mexico,MEX,02,0.0,2.0,-2.0,2.0,0.0,0.0,0-0,0.0,0.0,away team win,0.0,1.0,0.0,203843,https://sofifa.com/player/203843/damian-suarez/20/159586,D. Suárez,Damián Nicolás Suárez Suárez,31,1988-04-27,173,68,Uruguay,Getafe CF,"RB, RM",Right,RB,22.0
729.0,WC-2010,2010 FIFA World Cup,M-2010-21,Germany v Serbia,group stage,Group D,1.0,0.0,0.0,0.0,6/18/2010,13:30,S-134,Nelson Mandela Bay Stadium,Port Elizabeth,South Africa,T-29,Germany,DEU,T-64,Serbia,SRB,01,0.0,1.0,-1.0,1.0,0.0,0.0,0-0,0.0,0.0,away team win,0.0,1.0,0.0,204277,https://sofifa.com/player/204277/roque-mesa-quevedo/20/159586,Roque Mesa,Roque Mesa Quevedo,30,1989-06-07,171,74,Spain,CD Leganés,"CDM, CM",Right,RCM,6.0
730.0,WC-2010,2010 FIFA World Cup,M-2010-22,Slovenia v United States,group stage,Group C,1.0,0.0,0.0,0.0,6/18/2010,16:00,S-130,Ellis Park Stadium,Johannesburg,South Africa,T-67,Slovenia,SVN,T-80,United States,USA,22,2.0,2.0,0.0,0.0,0.0,0.0,0-0,0.0,0.0,draw,0.0,0.0,1.0,204614,https://sofifa.com/player/204614/mario-rui-silva-duarte/20/159586,Mário Rui,Mário Rui Silva Duarte,28,1991-05-27,170,67,Portugal,Napoli,LB,Left,SUB,6.0
731.0,WC-2010,2010 FIFA World Cup,M-2010-23,England v Algeria,group stage,Group C,1.0,0.0,0.0,0.0,6/18/2010,20:30,S-128,Cape Town Stadium,Cape Town,South Africa,T-27,England,ENG,T-01,Algeria,DZA,00,0.0,0.0,0.0,0.0,0.0,0.0,0-0,0.0,0.0,draw,0.0,0.0,1.0,205114,https://sofifa.com/player/205114/takashi-inui/20/159586,T. Inui,乾 貴士,31,1988-06-02,169,69,Japan,SD Eibar,"LM, RM",Right,SUB,22.0
732.0,WC-2010,2010 FIFA World Cup,M-2010-24,Netherlands v Japan,group stage,Group E,1.0,0.0,0.0,0.0,6/19/2010,13:30,S-129,Moses Mabhida Stadium,Durban,South Africa,T-46,Netherlands,NLD,T-42,Japan,JPN,10,1.0,0.0,1.0,-1.0,0.0,0.0,0-0,0.0,0.0,home team win,1.0,0.0,0.0,206225,https://sofifa.com/player/206225/denis-cheryshev/20/159586,D. Cheryshev,Denis Cheryshev,28,1990-12-26,179,74,Russia,Valencia CF,"LM, LW",Left,SUB,11.0
733.0,WC-2010,2010 FIFA World Cup,M-2010-25,Ghana v Australia,group stage,Group D,1.0,0.0,0.0,0.0,6/19/2010,16:00,S-136,Royal Bafokeng Stadium,Rustenburg,South Africa,T-30,Ghana,GHA,T-04,Australia,AUS,11,1.0,1.0,0.0,0.0,0.0,0.0,0-0,0.0,0.0,draw,0.0,0.0,1.0,207664,https://sofifa.com/player/207664/carlos-bacca/20/159586,C. Bacca,Carlos Arturo Bacca Ahumada,32,1986-09-08,181,77,Colombia,Villarreal CF,ST,Right,SUB,9.0
734.0,WC-2010,2010 FIFA World Cup,M-2010-26,Cameroon v Denmark,group stage,Group E,1.0,0.0,0.0,0.0,6/19/2010,20:30,S-135,Loftus Versfeld Stadium,Pretoria,South Africa,T-11,Cameroon,CMR,T-21,Denmark,DNK,12,1.0,2.0,-1.0,1.0,0.0,0.0,0-0,0.0,0.0,away team win,0.0,1.0,0.0,208230,https://sofifa.com/player/208230/andreas-samaris/20/159586,A. Samaris,Andreas Samaris,30,1989-06-13,189,84,Greece,SL Benfica,"CDM, CM",Right,LCM,22.0
735.0,WC-2010,2010 FIFA World Cup,M-2010-27,Slovakia v Paraguay,group stage,Group F,1.0,0.0,0.0,0.0,6/20/2010,13:30,S-127,Free State Stadium,Bloemfontein,South Africa,T-66,Slovakia,SVK,T-53,Paraguay,PRY,02,0.0,2.0,-2.0,2.0,0.0,0.0,0-0,0.0,0.0,away team win,0.0,1.0,0.0,208334,https://sofifa.com/player/208334/jonas-hector/20/159586,J. Hector,Jonas Hector,29,1990-05-27,185,75,Germany,1. FC Köln,"LB, CDM",Left,LB,14.0
736.0,WC-2010,2010 FIFA World Cup,M-2010-28,Italy v New Zealand,group stage,Group F,1.0,0.0,0.0,0.0,6/20/2010,16:00,S-132,Mbombela Stadium,Nelspruit,South Africa,T-39,Italy,ITA,T-47,New Zealand,NZL,11,1.0,1.0,0.0,0.0,0.0,0.0,0-0,0.0,0.0,draw,0.0,0.0,1.0,211241,https://sofifa.com/player/211241/ruben-pena-jimenez/20/159586,Rubén Peña,Rubén Peña Jiménez,27,1991-07-18,170,65,Spain,Villarreal CF,"RB, RM",Right,RB,20.0
737.0,WC-2010,2010 FIFA World Cup,M-2010-29,Brazil v Ivory Coast,group stage,Group G,1.0,0.0,0.0,0.0,6/20/2010,20:30,S-131,Soccer City,Johannesburg,South Africa,T-09,Brazil,BRA,T-40,Ivory Coast,CIV,31,3.0,1.0,2.0,-2.0,0.0,0.0,0-0,0.0,0.0,home team win,1.0,0.0,0.0,213761,https://sofifa.com/player/213761/abderrazak-hamdallah/20/159586,A. Hamdallah,Abderrazak Hamdallah,28,1990-12-17,182,81,Morocco,Al Nassr,ST,Right,ST,9.0
738.0,WC-2010,2010 FIFA World Cup,M-2010-30,Portugal v North Korea,group stage,Group G,1.0,0.0,0.0,0.0,6/21/2010,13:30,S-128,Cape Town Stadium,Cape Town,South Africa,T-56,Portugal,PRT,T-49,North Korea,PRK,70,7.0,0.0,7.0,-7.0,0.0,0.0,0-0,0.0,0.0,home team win,1.0,0.0,0.0,215061,https://sofifa.com/player/215061/dario-benedetto/20/159586,D. Benedetto,Darío Benedetto,29,1990-05-17,177,80,Argentina,Olympique de Marseille,ST,Right,ST,9.0
739.0,WC-2010,2010 FIFA World Cup,M-2010-31,Chile v Switzerland,group stage,Group H,1.0,0.0,0.0,0.0,6/21/2010,16:00,S-134,Nelson Mandela Bay Stadium,Port Elizabeth,South Africa,T-13,Chile,CHL,T-73,Switzerland,CHE,10,1.0,0.0,1.0,-1.0,0.0,0.0,0-0,0.0,0.0,home team win,1.0,0.0,0.0,215135,https://sofifa.com/player/215135/leonardo-sigali/20/159586,L. Sigali,Leonardo Sigali,32,1987-05-29,181,72,Argentina,Racing Club,CB,Right,LCB,30.0
740.0,WC-2010,2010 FIFA World Cup,M-2010-32,Spain v Honduras,group stage,Group H,1.0,0.0,0.0,0.0,6/21/2010,20:30,S-130,Ellis Park Stadium,Johannesburg,South Africa,T-71,Spain,ESP,T-33,Honduras,HND,20,2.0,0.0,2.0,-2.0,0.0,0.0,0-0,0.0,0.0,home team win,1.0,0.0,0.0,221540,https://sofifa.com/player/221540/raul-michel-melo-da-silva/20/159586,Raúl,Raúl Michel Melo da Silva,29,1989-11-04,187,80,Brazil,SC Braga,CB,Left,SUB,34.0
741.0,WC-2010,2010 FIFA World Cup,M-2010-33,France v South Africa,group stage,Group A,1.0,0.0,0.0,0.0,6/22/2010,16:00,S-127,Free State Stadium,Bloemfontein,South Africa,T-28,France,FRA,T-68,South Africa,ZAF,12,1.0,2.0,-1.0,1.0,0.0,0.0,0-0,0.0,0.0,away team win,0.0,1.0,0.0,222709,https://sofifa.com/player/222709/petros-matheus-dos-santos-araujo/20/159586,Petros,Petros Matheus dos Santos Araujo,30,1989-05-29,181,77,Brazil,Al Nassr,"CDM, CM",Right,RDM,6.0
742.0,WC-2010,2010 FIFA World Cup,M-2010-34,Mexico v Uruguay,group stage,Group A,1.0,0.0,0.0,0.0,6/22/2010,16:00,S-136,Royal Bafokeng Stadium,Rustenburg,South Africa,T-44,Mexico,MEX,T-81,Uruguay,URY,01,0.0,1.0,-1.0,1.0,0.0,0.0,0-0,0.0,0.0,away team win,0.0,1.0,0.0,224116,https://sofifa.com/player/224116/dyego-wilverson-ferreira-sousa/20/159586,Dyego Sousa,Dyego Wilverson Ferreira Sousa,29,1989-09-14,190,83,Portugal,Shenzhen FC,ST,Right,CF,40.0
743.0,WC-2010,2010 FIFA World Cup,M-2010-35,Greece v Argentina,group stage,Group B,1.0,0.0,0.0,0.0,6/22/2010,20:30,S-133,Peter Mokaba Stadium,Polokwane,South Africa,T-31,Greece,GRC,T-03,Argentina,ARG,02,0.0,2.0,-2.0,2.0,0.0,0.0,0-0,0.0,0.0,away team win,0.0,1.0,0.0,227476,https://sofifa.com/player/227476/francisco-soares-dos-santos/20/159586,Soares,Francisco das Chagas Soares dos Santos,28,1991-01-17,187,82,Brazil,FC Porto,ST,Right,SUB,29.0
744.0,WC-2010,2010 FIFA World Cup,M-2010-36,Nigeria v South Korea,group stage,Group B,1.0,0.0,0.0,0.0,6/22/2010,20:30,S-129,Moses Mabhida Stadium,Durban,South Africa,T-48,Nigeria,NGA,T-69,South Korea,KOR,22,2.0,2.0,0.0,0.0,0.0,0.0,0-0,0.0,0.0,draw,0.0,0.0,1.0,229788,https://sofifa.com/player/229788/ruben-alcaraz-jimenez/20/159586,Rubén Alcaraz,Rubén Alcaraz Jiménez,28,1991-05-01,183,81,Spain,Real Valladolid CF,"CM, CDM",Right,LCM,14.0
745.0,WC-2010,2010 FIFA World Cup,M-2010-37,Slovenia v England,group stage,Group C,1.0,0.0,0.0,0.0,6/23/2010,16:00,S-134,Nelson Mandela Bay Stadium,Port Elizabeth,South Africa,T-67,Slovenia,SVN,T-27,England,ENG,01,0.0,1.0,-1.0,1.0,0.0,0.0,0-0,0.0,0.0,away team win,0.0,1.0,0.0,230201,https://sofifa.com/player/230201/maikel-renan-catarino-fagundes/20/159586,Maikel Catarino,Maikel Renan Catarino Fagundes,35,1984-02-29,177,75,Brazil,Atlético Mineiro,"RB, RM",Right,RB,2.0
746.0,WC-2010,2010 FIFA World Cup,M-2010-38,United States v Algeria,group stage,Group C,1.0,0.0,0.0,0.0,6/23/2010,16:00,S-135,Loftus Versfeld Stadium,Pretoria,South Africa,T-80,United States,USA,T-01,Algeria,DZA,10,1.0,0.0,1.0,-1.0,0.0,0.0,0-0,0.0,0.0,home team win,1.0,0.0,0.0,230212,https://sofifa.com/player/230212/a-benjamin-chiamuloira-paes/20/159586,Antônio Chiamuloira,A. Benjamin Chiamuloira Paes,31,1988-02-29,182,79,Brazil,Internacional,"CB, LB",Left,RCB,3.0
747.0,WC-2010,2010 FIFA World Cup,M-2010-39,Australia v Serbia,group stage,Group D,1.0,0.0,0.0,0.0,6/23/2010,20:30,S-132,Mbombela Stadium,Nelspruit,South Africa,T-04,Australia,AUS,T-64,Serbia,SRB,21,2.0,1.0,1.0,-1.0,0.0,0.0,0-0,0.0,0.0,home team win,1.0,0.0,0.0,230251,https://sofifa.com/player/230251/melvin-luan-parrela-porfirio/20/159586,Melvin Parrela,Melvin Luan Parrela Porfírio,31,1988-02-29,188,88,Brazil,CSA - AL,CDM,Right,RDM,6.0
748.0,WC-2010,2010 FIFA World Cup,M-2010-40,Ghana v Germany,group stage,Group D,1.0,0.0,0.0,0.0,6/23/2010,20:30,S-131,Soccer City,Johannesburg,South Africa,T-30,Ghana,GHA,T-29,Germany,DEU,01,0.0,1.0,-1.0,1.0,0.0,0.0,0-0,0.0,0.0,away team win,0.0,1.0,0.0,230312,https://sofifa.com/player/230312/bernard-gabriel-prestao-chaves/20/159586,Gabri Prestão,Bernard Gabriel Prestão Chaves,27,1992-02-29,186,80,Brazil,Internacional,GK,Right,GK,1.0
749.0,WC-2010,2010 FIFA World Cup,M-2010-41,Paraguay v New Zealand,group stage,Group F,1.0,0.0,0.0,0.0,6/24/2010,16:00,S-133,Peter Mokaba Stadium,Polokwane,South Africa,T-53,Paraguay,PRY,T-47,New Zealand,NZL,00,0.0,0.0,0.0,0.0,0.0,0.0,0-0,0.0,0.0,draw,0.0,0.0,1.0,230498,https://sofifa.com/player/230498/luan-vagner-boas-macedo/20/159586,Luimo Boas Santos,Luan Vágner Boas Macedo,31,1988-02-29,176,73,Brazil,Santos,ST,Right,ST,9.0
750.0,WC-2010,2010 FIFA World Cup,M-2010-42,Slovakia v Italy,group stage,Group F,1.0,0.0,0.0,0.0,6/24/2010,16:00,S-130,Ellis Park Stadium,Johannesburg,South Africa,T-66,Slovakia,SVK,T-39,Italy,ITA,32,3.0,2.0,1.0,-1.0,0.0,0.0,0-0,0.0,0.0,home team win,1.0,0.0,0.0,245298,https://sofifa.com/player/245298/daniel-martin-lenzado/20/159586,D. Lenzado,Daniel Martín Lenzado,31,1988-02-29,182,79,Uruguay,Uruguay,"CB, LB",Left,Unknown,11.0
751.0,WC-2010,2010 FIFA World Cup,M-2010-43,Cameroon v Netherlands,group stage,Group E,1.0,0.0,0.0,0.0,6/24/2010,20:30,S-128,Cape Town Stadium,Cape Town,South Africa,T-11,Cameroon,CMR,T-46,Netherlands,NLD,12,1.0,2.0,-1.0,1.0,0.0,0.0,0-0,0.0,0.0,away team win,0.0,1.0,0.0,245302,https://sofifa.com/player/245302/enzo-martin-riquero/20/159586,E. Riquero,Enzo Martín Riquero,31,1988-02-29,175,70,Uruguay,Uruguay,"CDM, CM, CAM",Right,Unknown,11.0
752.0,WC-2010,2010 FIFA World Cup,M-2010-44,Denmark v Japan,group stage,Group E,1.0,0.0,0.0,0.0,6/24/2010,20:30,S-136,Royal Bafokeng Stadium,Rustenburg,South Africa,T-21,Denmark,DNK,T-42,Japan,JPN,13,1.0,3.0,-2.0,2.0,0.0,0.0,0-0,0.0,0.0,away team win,0.0,1.0,0.0,245306,https://sofifa.com/player/245306/leandro-miguel-sareda/20/159586,L. Sáreda,Leandro Miguel Sáreda,27,1992-02-29,186,80,Uruguay,Uruguay,GK,Right,Unknown,11.0
753.0,WC-2010,2010 FIFA World Cup,M-2010-45,North Korea v Ivory Coast,group stage,Group G,1.0,0.0,0.0,0.0,6/25/2010,16:00,S-132,Mbombela Stadium,Nelspruit,South Africa,T-49,North Korea,PRK,T-40,Ivory Coast,CIV,03,0.0,3.0,-3.0,3.0,0.0,0.0,0-0,0.0,0.0,away team win,0.0,1.0,0.0,245315,https://sofifa.com/player/245315/enzo-manuel-aguerro/20/159586,E. Aguerro,Enzo Manuel Aguerro,31,1988-02-29,176,73,Uruguay,Uruguay,ST,Right,Unknown,11.0
754.0,WC-2010,2010 FIFA World Cup,M-2010-46,Portugal v Brazil,group stage,Group G,1.0,0.0,0.0,0.0,6/25/2010,16:00,S-129,Moses Mabhida Stadium,Durban,South Africa,T-56,Portugal,PRT,T-09,Brazil,BRA,00,0.0,0.0,0.0,0.0,0.0,0.0,0-0,0.0,0.0,draw,0.0,0.0,1.0,225116,https://sofifa.com/player/225116/alex-meret/20/159586,A. Meret,Alex Meret,22,1997-03-22,190,83,Italy,Napoli,GK,Left,GK,1.0
755.0,WC-2010,2010 FIFA World Cup,M-2010-47,Chile v Spain,group stage,Group H,1.0,0.0,0.0,0.0,6/25/2010,20:30,S-135,Loftus Versfeld Stadium,Pretoria,South Africa,T-13,Chile,CHL,T-71,Spain,ESP,12,1.0,2.0,-1.0,1.0,0.0,0.0,0-0,0.0,0.0,away team win,0.0,1.0,0.0,235353,https://sofifa.com/player/235353/ismaila-sarr/20/159586,I. Sarr,Ismaïla Sarr,21,1998-02-25,185,76,Senegal,Watford,"RM, LM",Right,SUB,23.0
756.0,WC-2010,2010 FIFA World Cup,M-2010-48,Switzerland v Honduras,group stage,Group H,1.0,0.0,0.0,0.0,6/25/2010,20:30,S-127,Free State Stadium,Bloemfontein,South Africa,T-73,Switzerland,CHE,T-33,Honduras,HND,00,0.0,0.0,0.0,0.0,0.0,0.0,0-0,0.0,0.0,draw,0.0,0.0,1.0,234378,https://sofifa.com/player/234378/declan-rice/20/159586,D. Rice,Declan Rice,20,1999-01-14,185,80,England,West Ham United,"CDM, CB, CM",Right,CDM,41.0
757.0,WC-2010,2010 FIFA World Cup,M-2010-49,Uruguay v South Korea,round of 16,not applicable,0.0,1.0,0.0,0.0,6/26/2010,16:00,S-134,Nelson Mandela Bay Stadium,Port Elizabeth,South Africa,T-81,Uruguay,URY,T-69,South Korea,KOR,21,2.0,1.0,1.0,-1.0,0.0,0.0,0-0,0.0,0.0,home team win,1.0,0.0,0.0,234943,https://sofifa.com/player/234943/florian-neuhaus/20/159586,F. Neuhaus,Florian Neuhaus,22,1997-03-16,183,74,Germany,Borussia Mönchengladbach,CM,Right,CAM,32.0
758.0,WC-2010,2010 FIFA World Cup,M-2010-50,United States v Ghana,round of 16,not applicable,0.0,1.0,0.0,0.0,6/26/2010,20:30,S-136,Royal Bafokeng Stadium,Rustenburg,South Africa,T-80,United States,USA,T-30,Ghana,GHA,12,1.0,2.0,-1.0,1.0,1.0,0.0,0-0,0.0,0.0,away team win,0.0,1.0,0.0,235926,https://sofifa.com/player/235926/matias-zaracho/20/159586,M. Zaracho,Matías Zaracho,21,1998-03-03,171,64,Argentina,Racing Club,"CAM, RM, CM",Right,CAM,28.0
759.0,WC-2010,2010 FIFA World Cup,M-2010-51,Germany v England,round of 16,not applicable,0.0,1.0,0.0,0.0,6/27/2010,16:00,S-127,Free State Stadium,Bloemfontein,South Africa,T-29,Germany,DEU,T-27,England,ENG,41,4.0,1.0,3.0,-3.0,0.0,0.0,0-0,0.0,0.0,home team win,1.0,0.0,0.0,242236,https://sofifa.com/player/242236/francisco-reis-ferreira/20/159586,Ferro,Francisco Reis Ferreira,22,1997-03-26,192,78,Portugal,SL Benfica,CB,Right,LCB,97.0
760.0,WC-2010,2010 FIFA World Cup,M-2010-52,Argentina v Mexico,round of 16,not applicable,0.0,1.0,0.0,0.0,6/27/2010,20:30,S-131,Soccer City,Johannesburg,South Africa,T-03,Argentina,ARG,T-44,Mexico,MEX,31,3.0,1.0,2.0,-2.0,0.0,0.0,0-0,0.0,0.0,home team win,1.0,0.0,0.0,224221,https://sofifa.com/player/224221/joachim-andersen/20/159586,J. Andersen,Joachim Andersen,23,1996-05-31,192,90,Denmark,Olympique Lyonnais,CB,Right,RCB,3.0
761.0,WC-2010,2010 FIFA World Cup,M-2010-53,Netherlands v Slovakia,round of 16,not applicable,0.0,1.0,0.0,0.0,6/28/2010,16:00,S-129,Moses Mabhida Stadium,Durban,South Africa,T-46,Netherlands,NLD,T-66,Slovakia,SVK,21,2.0,1.0,1.0,-1.0,0.0,0.0,0-0,0.0,0.0,home team win,1.0,0.0,0.0,229261,https://sofifa.com/player/229261/denis-zakaria/20/159586,D. Zakaria,Denis Lemi Zakaria Lako Lado,22,1996-11-20,191,80,Switzerland,Borussia Mönchengladbach,"CM, CDM",Right,RCM,8.0
762.0,WC-2010,2010 FIFA World Cup,M-2010-54,Brazil v Chile,round of 16,not applicable,0.0,1.0,0.0,0.0,6/28/2010,20:30,S-130,Ellis Park Stadium,Johannesburg,South Africa,T-09,Brazil,BRA,T-13,Chile,CHL,30,3.0,0.0,3.0,-3.0,0.0,0.0,0-0,0.0,0.0,home team win,1.0,0.0,0.0,231633,https://sofifa.com/player/231633/issa-diop/20/159586,I. Diop,Issa Diop,22,1997-01-09,194,92,France,West Ham United,CB,Right,LCB,23.0
763.0,WC-2010,2010 FIFA World Cup,M-2010-55,Paraguay v Japan,round of 16,not applicable,0.0,1.0,0.0,0.0,6/29/2010,16:00,S-135,Loftus Versfeld Stadium,Pretoria,South Africa,T-53,Paraguay,PRY,T-42,Japan,JPN,00,0.0,0.0,0.0,0.0,1.0,1.0,53,5.0,3.0,home team win,1.0,0.0,0.0,234045,https://sofifa.com/player/234045/henry-onyekuru/20/159586,H. Onyekuru,Henry Onyekuru,22,1997-06-05,175,59,Nigeria,AS Monaco,"LM, ST",Right,LM,7.0
764.0,WC-2010,2010 FIFA World Cup,M-2010-56,Spain v Portugal,round of 16,not applicable,0.0,1.0,0.0,0.0,6/29/2010,20:30,S-128,Cape Town Stadium,Cape Town,South Africa,T-71,Spain,ESP,T-56,Portugal,PRT,10,1.0,0.0,1.0,-1.0,0.0,0.0,0-0,0.0,0.0,home team win,1.0,0.0,0.0,234612,https://sofifa.com/player/234612/jonathan-ikone/20/159586,J. Ikoné,Nanitamo Jonathan Ikoné,21,1998-05-02,175,73,France,LOSC Lille,CAM,Left,RM,10.0
765.0,WC-2010,2010 FIFA World Cup,M-2010-57,Netherlands v Brazil,quarter-finals,not applicable,0.0,1.0,0.0,0.0,7/2/2010,16:00,S-134,Nelson Mandela Bay Stadium,Port Elizabeth,South Africa,T-46,Netherlands,NLD,T-09,Brazil,BRA,21,2.0,1.0,1.0,-1.0,0.0,0.0,0-0,0.0,0.0,home team win,1.0,0.0,0.0,235889,https://sofifa.com/player/235889/cengiz-under/20/159586,C. Ünder,Cengiz Ünder,21,1997-07-14,173,66,Turkey,Roma,"RW, RM",Left,RM,17.0
766.0,WC-2010,2010 FIFA World Cup,M-2010-58,Uruguay v Ghana,quarter-finals,not applicable,0.0,1.0,0.0,0.0,7/2/2010,20:30,S-131,Soccer City,Johannesburg,South Africa,T-81,Uruguay,URY,T-30,Ghana,GHA,11,1.0,1.0,0.0,0.0,1.0,1.0,42,4.0,2.0,home team win,1.0,0.0,0.0,222665,https://sofifa.com/player/222665/martin-odegaard/20/159586,M. Ødegaard,Martin Ødegaard,20,1998-12-17,178,68,Norway,Real Sociedad,"RW, CAM, CM",Left,CAM,21.0
767.0,WC-2010,2010 FIFA World Cup,M-2010-59,Argentina v Germany,quarter-finals,not applicable,0.0,1.0,0.0,0.0,7/3/2010,16:00,S-128,Cape Town Stadium,Cape Town,South Africa,T-03,Argentina,ARG,T-29,Germany,DEU,04,0.0,4.0,-4.0,4.0,0.0,0.0,0-0,0.0,0.0,away team win,0.0,1.0,0.0,225085,https://sofifa.com/player/225085/jonathan-bamba/20/159586,J. Bamba,Jonathan Bamba,23,1996-03-26,175,72,France,LOSC Lille,LM,Right,LM,14.0
768.0,WC-2010,2010 FIFA World Cup,M-2010-60,Paraguay v Spain,quarter-finals,not applicable,0.0,1.0,0.0,0.0,7/3/2010,20:30,S-130,Ellis Park Stadium,Johannesburg,South Africa,T-53,Paraguay,PRY,T-71,Spain,ESP,01,0.0,1.0,-1.0,1.0,0.0,0.0,0-0,0.0,0.0,away team win,0.0,1.0,0.0,225309,https://sofifa.com/player/225309/nadiem-amiri/20/159586,N. Amiri,Nadiem Amiri,22,1996-10-27,180,73,Germany,Bayer 04 Leverkusen,"CAM, CM",Right,SUB,11.0
769.0,WC-2010,2010 FIFA World Cup,M-2010-61,Uruguay v Netherlands,semi-finals,not applicable,0.0,1.0,0.0,0.0,7/6/2010,20:30,S-128,Cape Town Stadium,Cape Town,South Africa,T-81,Uruguay,URY,T-46,Netherlands,NLD,23,2.0,3.0,-1.0,1.0,0.0,0.0,0-0,0.0,0.0,away team win,0.0,1.0,0.0,227813,https://sofifa.com/player/227813/oleksandr-zinchenko/20/159586,O. Zinchenko,Oleksandr Zinchenko,22,1996-12-15,175,64,Ukraine,Manchester City,LB,Left,LB,11.0
770.0,WC-2010,2010 FIFA World Cup,M-2010-62,Germany v Spain,semi-finals,not applicable,0.0,1.0,0.0,0.0,7/7/2010,20:30,S-129,Moses Mabhida Stadium,Durban,South Africa,T-29,Germany,DEU,T-71,Spain,ESP,01,0.0,1.0,-1.0,1.0,0.0,0.0,0-0,0.0,0.0,away team win,0.0,1.0,0.0,236461,https://sofifa.com/player/236461/jean-philippe-mateta/20/159586,J. Mateta,Jean-Philippe Mateta,22,1997-06-28,192,88,France,1. FSV Mainz 05,ST,Right,RES,9.0
771.0,WC-2010,2010 FIFA World Cup,M-2010-63,Uruguay v Germany,third-place match,not applicable,0.0,1.0,0.0,0.0,7/10/2010,20:30,S-134,Nelson Mandela Bay Stadium,Port Elizabeth,South Africa,T-81,Uruguay,URY,T-29,Germany,DEU,23,2.0,3.0,-1.0,1.0,0.0,0.0,0-0,0.0,0.0,away team win,0.0,1.0,0.0,205201,https://sofifa.com/player/205201/okay-yokuslu/20/159586,O. Yokuşlu,Okay Yokuşlu,25,1994-03-09,190,79,Turkey,RC Celta,"CDM, CM, CB",Right,SUB,5.0
772.0,WC-2010,2010 FIFA World Cup,M-2010-64,Netherlands v Spain,final,not applicable,0.0,1.0,0.0,0.0,7/11/2010,20:30,S-131,Soccer City,Johannesburg,South Africa,T-46,Netherlands,NLD,T-71,Spain,ESP,01,0.0,1.0,-1.0,1.0,1.0,0.0,0-0,0.0,0.0,away team win,0.0,1.0,0.0,208268,https://sofifa.com/player/208268/bryan-cristante/20/159586,B. Cristante,Bryan Cristante,24,1995-03-03,186,80,Italy,Roma,"CM, CDM, CAM",Right,SUB,4.0
773.0,WC-2014,2014 FIFA World Cup,M-2014-01,Brazil v Croatia,group stage,Group A,1.0,0.0,0.0,0.0,6/12/2014,17:00,S-022,Arena Corinthians,São Paulo,Brazil,T-09,Brazil,BRA,T-17,Croatia,HRV,31,3.0,1.0,2.0,-2.0,0.0,0.0,0-0,0.0,0.0,home team win,1.0,0.0,0.0,212501,https://sofifa.com/player/212501/leander-dendoncker/20/159586,L. Dendoncker,Leander Dendoncker,24,1995-04-15,189,88,Belgium,Wolverhampton Wanderers,"CM, CB",Right,RCM,32.0
774.0,WC-2014,2014 FIFA World Cup,M-2014-02,Mexico v Cameroon,group stage,Group A,1.0,0.0,0.0,0.0,6/13/2014,13:00,S-015,Arena das Dunas,Natal,Brazil,T-44,Mexico,MEX,T-11,Cameroon,CMR,10,1.0,0.0,1.0,-1.0,0.0,0.0,0-0,0.0,0.0,home team win,1.0,0.0,0.0,218339,https://sofifa.com/player/218339/mahmoud-dahoud/20/159586,M. Dahoud,Mahmoud Dahoud,23,1996-01-01,178,68,Germany,Borussia Dortmund,"CM, CDM",Right,SUB,8.0
775.0,WC-2014,2014 FIFA World Cup,M-2014-03,Spain v Netherlands,group stage,Group B,1.0,0.0,0.0,0.0,6/13/2014,16:00,S-021,Arena Fonte Nova,Salvador,Brazil,T-71,Spain,ESP,T-46,Netherlands,NLD,15,1.0,5.0,-4.0,4.0,0.0,0.0,0-0,0.0,0.0,away team win,0.0,1.0,0.0,221491,https://sofifa.com/player/221491/nico-elvedi/20/159586,N. Elvedi,Nico Elvedi,22,1996-09-30,189,78,Switzerland,Borussia Mönchengladbach,"CB, RB, LB",Right,LCB,30.0
776.0,WC-2014,2014 FIFA World Cup,M-2014-04,Chile v Australia,group stage,Group B,1.0,0.0,0.0,0.0,6/13/2014,18:00,S-010,Arena Pantanal,Cuiabá,Brazil,T-13,Chile,CHL,T-04,Australia,AUS,31,3.0,1.0,2.0,-2.0,0.0,0.0,0-0,0.0,0.0,home team win,1.0,0.0,0.0,223334,https://sofifa.com/player/223334/joelinton-apolinario-de-lira/20/159586,Joelinton,Joelinton Apolinário de Lira,22,1996-08-14,186,81,Brazil,Newcastle United,"ST, CAM",Right,RS,9.0
777.0,WC-2014,2014 FIFA World Cup,M-2014-05,Colombia v Greece,group stage,Group C,1.0,0.0,0.0,0.0,6/14/2014,13:00,S-008,Estádio Mineirão,Belo Horizonte,Brazil,T-15,Colombia,COL,T-31,Greece,GRC,30,3.0,0.0,3.0,-3.0,0.0,0.0,0-0,0.0,0.0,home team win,1.0,0.0,0.0,226766,https://sofifa.com/player/226766/daniel-castelo-podence/20/159586,Daniel Podence,Daniel Castelo Podence,23,1995-10-21,163,65,Portugal,Olympiacos CFP,"LM, RM, CAM",Right,LM,10.0
778.0,WC-2014,2014 FIFA World Cup,M-2014-06,Uruguay v Costa Rica,group stage,Group D,1.0,0.0,0.0,0.0,6/14/2014,16:00,S-013,Estádio Castelão,Fortaleza,Brazil,T-81,Uruguay,URY,T-16,Costa Rica,CRI,13,1.0,3.0,-2.0,2.0,0.0,0.0,0-0,0.0,0.0,away team win,0.0,1.0,0.0,229773,https://sofifa.com/player/229773/georgiy-dzhikiya/20/159586,G. Dzhikiya,Georgiy Dzhikiya,25,1993-11-21,188,86,Russia,Spartak Moscow,CB,Left,LCB,14.0
779.0,WC-2014,2014 FIFA World Cup,M-2014-07,England v Italy,group stage,Group D,1.0,0.0,0.0,0.0,6/14/2014,18:00,S-014,Arena da Amazônia,Manaus,Brazil,T-27,England,ENG,T-39,Italy,ITA,12,1.0,2.0,-1.0,1.0,0.0,0.0,0-0,0.0,0.0,away team win,0.0,1.0,0.0,236295,https://sofifa.com/player/236295/aaron-martin-caricol/20/159586,Aarón Martín,Aarón Martín Caricol,22,1997-04-22,178,68,Spain,1. FSV Mainz 05,LB,Left,LB,3.0
780.0,WC-2014,2014 FIFA World Cup,M-2014-08,Ivory Coast v Japan,group stage,Group C,1.0,0.0,0.0,0.0,6/14/2014,22:00,S-018,Arena Pernambuco,Recife,Brazil,T-40,Ivory Coast,CIV,T-42,Japan,JPN,21,2.0,1.0,1.0,-1.0,0.0,0.0,0-0,0.0,0.0,home team win,1.0,0.0,0.0,237239,https://sofifa.com/player/237239/enis-bardhi/20/159586,E. Bardhi,Enis Bardhi,23,1995-07-02,172,64,FYR Macedonia,Levante UD,"CM, LM, CAM",Right,LCM,10.0
781.0,WC-2014,2014 FIFA World Cup,M-2014-09,Switzerland v Ecuador,group stage,Group E,1.0,0.0,0.0,0.0,6/15/2014,13:00,S-009,Estádio Nacional,Brasília,Brazil,T-73,Switzerland,CHE,T-24,Ecuador,ECU,21,2.0,1.0,1.0,-1.0,0.0,0.0,0-0,0.0,0.0,home team win,1.0,0.0,0.0,239433,https://sofifa.com/player/239433/nemanja-maksimovic/20/159586,N. Maksimović,Nemanja Maksimović,24,1995-01-26,189,78,Serbia,Getafe CF,"CM, CDM",Right,RDM,20.0
782.0,WC-2014,2014 FIFA World Cup,M-2014-10,France v Honduras,group stage,Group E,1.0,0.0,0.0,0.0,6/15/2014,16:00,S-016,Estádio Beira-Rio,Porto Alegre,Brazil,T-28,France,FRA,T-33,Honduras,HND,30,3.0,0.0,3.0,-3.0,0.0,0.0,0-0,0.0,0.0,home team win,1.0,0.0,0.0,240289,https://sofifa.com/player/240289/fernando-calero-villa/20/159586,Calero,Fernando Calero Villa,23,1995-09-14,183,71,Spain,RCD Espanyol,CB,Right,LCB,24.0
783.0,WC-2014,2014 FIFA World Cup,M-2014-11,Argentina v Bosnia and Herzegovina,group stage,Group F,1.0,0.0,0.0,0.0,6/15/2014,19:00,S-020,Estádio do Maracanã,Rio de Janeiro,Brazil,T-03,Argentina,ARG,T-08,Bosnia and Herzegovina,BIH,21,2.0,1.0,1.0,-1.0,0.0,0.0,0-0,0.0,0.0,home team win,1.0,0.0,0.0,203042,https://sofifa.com/player/203042/jack-butland/20/159586,J. Butland,Jack Butland,26,1993-03-10,196,95,England,Stoke City,GK,Right,GK,1.0
784.0,WC-2014,2014 FIFA World Cup,M-2014-12,Germany v Portugal,group stage,Group G,1.0,0.0,0.0,0.0,6/16/2014,13:00,S-021,Arena Fonte Nova,Salvador,Brazil,T-29,Germany,DEU,T-56,Portugal,PRT,40,4.0,0.0,4.0,-4.0,0.0,0.0,0-0,0.0,0.0,home team win,1.0,0.0,0.0,208777,https://sofifa.com/player/208777/oliver-torres-munoz/20/159586,Óliver Torres,Óliver Torres Muñoz,24,1994-11-10,175,63,Spain,Sevilla FC,CM,Right,SUB,21.0
785.0,WC-2014,2014 FIFA World Cup,M-2014-13,Iran v Nigeria,group stage,Group F,1.0,0.0,0.0,0.0,6/16/2014,16:00,S-011,Arena da Baixada,Curitiba,Brazil,T-36,Iran,IRN,T-48,Nigeria,NGA,00,0.0,0.0,0.0,0.0,0.0,0.0,0-0,0.0,0.0,draw,0.0,0.0,1.0,209519,https://sofifa.com/player/209519/gaetan-laborde/20/159586,G. Laborde,Gaëtan  Laborde,25,1994-05-03,181,78,France,Montpellier HSC,ST,Left,RS,10.0
786.0,WC-2014,2014 FIFA World Cup,M-2014-14,Ghana v United States,group stage,Group G,1.0,0.0,0.0,0.0,6/16/2014,19:00,S-015,Arena das Dunas,Natal,Brazil,T-30,Ghana,GHA,T-80,United States,USA,12,1.0,2.0,-1.0,1.0,0.0,0.0,0-0,0.0,0.0,away team win,0.0,1.0,0.0,212616,https://sofifa.com/player/212616/rodrigo-javier-de-paul/20/159586,R. De Paul,Rodrigo Javier De Paul,25,1994-05-24,178,70,Argentina,Udinese,"CF, CM, LW",Right,LCM,10.0
787.0,WC-2014,2014 FIFA World Cup,M-2014-15,Belgium v Algeria,group stage,Group H,1.0,0.0,0.0,0.0,6/17/2014,13:00,S-008,Estádio Mineirão,Belo Horizonte,Brazil,T-06,Belgium,BEL,T-01,Algeria,DZA,21,2.0,1.0,1.0,-1.0,0.0,0.0,0-0,0.0,0.0,home team win,1.0,0.0,0.0,212626,https://sofifa.com/player/212626/davie-selke/20/159586,D. Selke,Davie Selke,24,1995-01-20,194,84,Germany,Hertha BSC,ST,Right,SUB,27.0
788.0,WC-2014,2014 FIFA World Cup,M-2014-16,Brazil v Mexico,group stage,Group A,1.0,0.0,0.0,0.0,6/17/2014,16:00,S-013,Estádio Castelão,Fortaleza,Brazil,T-09,Brazil,BRA,T-44,Mexico,MEX,00,0.0,0.0,0.0,0.0,0.0,0.0,0-0,0.0,0.0,draw,0.0,0.0,1.0,212811,https://sofifa.com/player/212811/mario-lemina/20/159586,M. Lemina,Mario Lemina,25,1993-09-01,184,85,Gabon,Southampton,"CM, CDM",Right,SUB,18.0
789.0,WC-2014,2014 FIFA World Cup,M-2014-17,Russia v South Korea,group stage,Group H,1.0,0.0,0.0,0.0,6/17/2014,18:00,S-010,Arena Pantanal,Cuiabá,Brazil,T-60,Russia,RUS,T-69,South Korea,KOR,11,1.0,1.0,0.0,0.0,0.0,0.0,0-0,0.0,0.0,draw,0.0,0.0,1.0,213135,https://sofifa.com/player/213135/divock-origi/20/159586,D. Origi,Divock Origi,24,1995-04-18,188,75,Belgium,Liverpool,ST,Right,SUB,27.0
790.0,WC-2014,2014 FIFA World Cup,M-2014-18,Australia v Netherlands,group stage,Group B,1.0,0.0,0.0,0.0,6/18/2014,13:00,S-016,Estádio Beira-Rio,Porto Alegre,Brazil,T-04,Australia,AUS,T-46,Netherlands,NLD,23,2.0,3.0,-1.0,1.0,0.0,0.0,0-0,0.0,0.0,away team win,0.0,1.0,0.0,213629,https://sofifa.com/player/213629/erick-pulgar/20/159586,E. Pulgar,Erick Pulgar,25,1994-01-15,187,74,Chile,Fiorentina,"CDM, CM",Right,LCM,7.0
791.0,WC-2014,2014 FIFA World Cup,M-2014-19,Spain v Chile,group stage,Group B,1.0,0.0,0.0,0.0,6/18/2014,16:00,S-020,Estádio do Maracanã,Rio de Janeiro,Brazil,T-71,Spain,ESP,T-13,Chile,CHL,02,0.0,2.0,-2.0,2.0,0.0,0.0,0-0,0.0,0.0,away team win,0.0,1.0,0.0,214092,https://sofifa.com/player/214092/alexey-miranchuk/20/159586,A. Miranchuk,Aleksey Miranchuk,23,1995-10-17,182,74,Russia,Lokomotiv Moscow,"CAM, ST",Left,CAM,59.0
792.0,WC-2014,2014 FIFA World Cup,M-2014-20,Cameroon v Croatia,group stage,Group A,1.0,0.0,0.0,0.0,6/18/2014,18:00,S-014,Arena da Amazônia,Manaus,Brazil,T-11,Cameroon,CMR,T-17,Croatia,HRV,04,0.0,4.0,-4.0,4.0,0.0,0.0,0-0,0.0,0.0,away team win,0.0,1.0,0.0,214394,https://sofifa.com/player/214394/wilmar-barrios/20/159586,W. Barrios,Wílmar Enrique Barrios Terán,25,1993-10-16,179,71,Colombia,Colombia,"CDM, CM",Right,Unknown,11.0
793.0,WC-2014,2014 FIFA World Cup,M-2014-21,Colombia v Ivory Coast,group stage,Group C,1.0,0.0,0.0,0.0,6/19/2014,13:00,S-009,Estádio Nacional,Brasília,Brazil,T-15,Colombia,COL,T-40,Ivory Coast,CIV,21,2.0,1.0,1.0,-1.0,0.0,0.0,0-0,0.0,0.0,home team win,1.0,0.0,0.0,214979,https://sofifa.com/player/214979/juan-musso/20/159586,J. Musso,Juan Musso,25,1994-05-06,191,93,Argentina,Udinese,GK,Right,GK,1.0
794.0,WC-2014,2014 FIFA World Cup,M-2014-22,Uruguay v England,group stage,Group D,1.0,0.0,0.0,0.0,6/19/2014,16:00,S-022,Arena Corinthians,São Paulo,Brazil,T-81,Uruguay,URY,T-27,England,ENG,21,2.0,1.0,1.0,-1.0,0.0,0.0,0-0,0.0,0.0,home team win,1.0,0.0,0.0,215399,https://sofifa.com/player/215399/ruben-miguel-nunes-vezo/20/159586,Rúben Vezo,Rúben Miguel Nunes Vezo,25,1994-04-25,183,80,Portugal,Levante UD,"CB, RB",Right,RCB,14.0
795.0,WC-2014,2014 FIFA World Cup,M-2014-23,Japan v Greece,group stage,Group C,1.0,0.0,0.0,0.0,6/19/2014,19:00,S-015,Arena das Dunas,Natal,Brazil,T-42,Japan,JPN,T-31,Greece,GRC,00,0.0,0.0,0.0,0.0,0.0,0.0,0-0,0.0,0.0,draw,0.0,0.0,1.0,219792,https://sofifa.com/player/219792/baptiste-santamaria/20/159586,B. Santamaria,Baptiste Santamaria,24,1995-03-09,183,73,France,Angers SCO,"CDM, CM",Right,CM,18.0
796.0,WC-2014,2014 FIFA World Cup,M-2014-24,Italy v Costa Rica,group stage,Group D,1.0,0.0,0.0,0.0,6/20/2014,13:00,S-018,Arena Pernambuco,Recife,Brazil,T-39,Italy,ITA,T-16,Costa Rica,CRI,01,0.0,1.0,-1.0,1.0,0.0,0.0,0-0,0.0,0.0,away team win,0.0,1.0,0.0,220523,https://sofifa.com/player/220523/yerry-mina/20/159586,Y. Mina,Yerry Mina,24,1994-09-23,195,94,Colombia,Everton,CB,Right,LCB,13.0
797.0,WC-2014,2014 FIFA World Cup,M-2014-25,Switzerland v France,group stage,Group E,1.0,0.0,0.0,0.0,6/20/2014,16:00,S-021,Arena Fonte Nova,Salvador,Brazil,T-73,Switzerland,CHE,T-28,France,FRA,25,2.0,5.0,-3.0,3.0,0.0,0.0,0-0,0.0,0.0,away team win,0.0,1.0,0.0,224309,https://sofifa.com/player/224309/joan-jordan-moreno/20/159586,Joan Jordán,Joan Jordán Moreno,24,1994-07-06,184,74,Spain,Sevilla FC,"CM, CDM, CAM",Right,SUB,24.0
798.0,WC-2014,2014 FIFA World Cup,M-2014-26,Honduras v Ecuador,group stage,Group E,1.0,0.0,0.0,0.0,6/20/2014,19:00,S-011,Arena da Baixada,Curitiba,Brazil,T-33,Honduras,HND,T-24,Ecuador,ECU,12,1.0,2.0,-1.0,1.0,0.0,0.0,0-0,0.0,0.0,away team win,0.0,1.0,0.0,227234,https://sofifa.com/player/227234/lucas-tousart/20/159586,L. Tousart,Lucas Tousart,22,1997-04-29,185,83,France,Olympique Lyonnais,CDM,Right,CDM,29.0
799.0,WC-2014,2014 FIFA World Cup,M-2014-27,Argentina v Iran,group stage,Group F,1.0,0.0,0.0,0.0,6/21/2014,13:00,S-008,Estádio Mineirão,Belo Horizonte,Brazil,T-03,Argentina,ARG,T-36,Iran,IRN,10,1.0,0.0,1.0,-1.0,0.0,0.0,0-0,0.0,0.0,home team win,1.0,0.0,0.0,231887,https://sofifa.com/player/231887/yusuf-yazici/20/159586,Y. Yazıcı,Yusuf Yazıcı,22,1997-01-29,183,74,Turkey,LOSC Lille,"CAM, CM, RM",Left,CAM,12.0
800.0,WC-2014,2014 FIFA World Cup,M-2014-28,Germany v Ghana,group stage,Group G,1.0,0.0,0.0,0.0,6/21/2014,16:00,S-013,Estádio Castelão,Fortaleza,Brazil,T-29,Germany,DEU,T-30,Ghana,GHA,22,2.0,2.0,0.0,0.0,0.0,0.0,0-0,0.0,0.0,draw,0.0,0.0,1.0,199439,https://sofifa.com/player/199439/michael-gregoritsch/20/159586,M. Gregoritsch,Michael Gregoritsch,25,1994-04-18,193,87,Austria,FC Augsburg,"CAM, ST",Left,CAM,11.0
801.0,WC-2014,2014 FIFA World Cup,M-2014-29,Nigeria v Bosnia and Herzegovina,group stage,Group F,1.0,0.0,0.0,0.0,6/21/2014,18:00,S-010,Arena Pantanal,Cuiabá,Brazil,T-48,Nigeria,NGA,T-08,Bosnia and Herzegovina,BIH,10,1.0,0.0,1.0,-1.0,0.0,0.0,0-0,0.0,0.0,home team win,1.0,0.0,0.0,203487,https://sofifa.com/player/203487/jamaal-lascelles/20/159586,J. Lascelles,Jamaal Lascelles,25,1993-11-11,188,89,England,Newcastle United,CB,Right,CB,6.0
802.0,WC-2014,2014 FIFA World Cup,M-2014-30,Belgium v Russia,group stage,Group H,1.0,0.0,0.0,0.0,6/22/2014,13:00,S-020,Estádio do Maracanã,Rio de Janeiro,Brazil,T-06,Belgium,BEL,T-60,Russia,RUS,10,1.0,0.0,1.0,-1.0,0.0,0.0,0-0,0.0,0.0,home team win,1.0,0.0,0.0,203535,https://sofifa.com/player/203535/tonny-vilhena/20/159586,T. Vilhena,Tonny Emilio Trindade de Vilhena,24,1995-01-03,175,70,Netherlands,Netherlands,CM,Left,Unknown,11.0
803.0,WC-2014,2014 FIFA World Cup,M-2014-31,South Korea v Algeria,group stage,Group H,1.0,0.0,0.0,0.0,6/22/2014,16:00,S-016,Estádio Beira-Rio,Porto Alegre,Brazil,T-69,South Korea,KOR,T-01,Algeria,DZA,24,2.0,4.0,-2.0,2.0,0.0,0.0,0-0,0.0,0.0,away team win,0.0,1.0,0.0,205192,https://sofifa.com/player/205192/denis-suarez-fernandez/20/159586,Denis Suárez,Denis Suárez Fernández,25,1994-01-06,176,69,Spain,RC Celta,"CM, LM, RM",Right,LM,6.0
804.0,WC-2014,2014 FIFA World Cup,M-2014-32,United States v Portugal,group stage,Group G,1.0,0.0,0.0,0.0,6/22/2014,18:00,S-014,Arena da Amazônia,Manaus,Brazil,T-80,United States,USA,T-56,Portugal,PRT,22,2.0,2.0,0.0,0.0,0.0,0.0,0-0,0.0,0.0,draw,0.0,0.0,1.0,205193,https://sofifa.com/player/205193/karim-rekik/20/159586,K. Rekik,Karim Rekik,24,1994-12-02,186,84,Netherlands,Hertha BSC,CB,Left,LCB,4.0
805.0,WC-2014,2014 FIFA World Cup,M-2014-33,Australia v Spain,group stage,Group B,1.0,0.0,0.0,0.0,6/23/2014,13:00,S-011,Arena da Baixada,Curitiba,Brazil,T-04,Australia,AUS,T-71,Spain,ESP,03,0.0,3.0,-3.0,3.0,0.0,0.0,0-0,0.0,0.0,away team win,0.0,1.0,0.0,207948,https://sofifa.com/player/207948/bertrand-traore/20/159586,B. Traoré,Bertrand Traoré,23,1995-09-06,181,73,Burkina Faso,Olympique Lyonnais,"RW, ST, RM",Left,RW,10.0
806.0,WC-2014,2014 FIFA World Cup,M-2014-34,Netherlands v Chile,group stage,Group B,1.0,0.0,0.0,0.0,6/23/2014,13:00,S-022,Arena Corinthians,São Paulo,Brazil,T-46,Netherlands,NLD,T-13,Chile,CHL,20,2.0,0.0,2.0,-2.0,0.0,0.0,0-0,0.0,0.0,home team win,1.0,0.0,0.0,211382,https://sofifa.com/player/211382/ibrahim-amadou/20/159586,I. Amadou,Ibrahim Amadou,26,1993-04-06,184,81,France,Norwich City,"CDM, CB",Right,SUB,24.0
807.0,WC-2014,2014 FIFA World Cup,M-2014-35,Cameroon v Brazil,group stage,Group A,1.0,0.0,0.0,0.0,6/23/2014,17:00,S-009,Estádio Nacional,Brasília,Brazil,T-11,Cameroon,CMR,T-09,Brazil,BRA,14,1.0,4.0,-3.0,3.0,0.0,0.0,0-0,0.0,0.0,away team win,0.0,1.0,0.0,212150,https://sofifa.com/player/212150/max-meyer/20/159586,M. Meyer,Max  Meyer,23,1995-09-18,173,68,Germany,Crystal Palace,"CM, LM",Right,LM,7.0
808.0,WC-2014,2014 FIFA World Cup,M-2014-36,Croatia v Mexico,group stage,Group A,1.0,0.0,0.0,0.0,6/23/2014,17:00,S-018,Arena Pernambuco,Recife,Brazil,T-17,Croatia,HRV,T-44,Mexico,MEX,13,1.0,3.0,-2.0,2.0,0.0,0.0,0-0,0.0,0.0,away team win,0.0,1.0,0.0,212442,https://sofifa.com/player/212442/jose-pedro-malheiro-de-sa/20/159586,José Sá,José Pedro Malheiro de Sá,26,1993-01-17,192,85,Portugal,Olympiacos CFP,GK,Right,GK,1.0
809.0,WC-2014,2014 FIFA World Cup,M-2014-37,Costa Rica v England,group stage,Group D,1.0,0.0,0.0,0.0,6/24/2014,13:00,S-008,Estádio Mineirão,Belo Horizonte,Brazil,T-16,Costa Rica,CRI,T-27,England,ENG,00,0.0,0.0,0.0,0.0,0.0,0.0,0-0,0.0,0.0,draw,0.0,0.0,1.0,213732,https://sofifa.com/player/213732/alexandr-selikhov/20/159586,A. Selikhov,Alexandr Selikhov,25,1994-04-07,188,85,Russia,Spartak Moscow,GK,Right,SUB,57.0
810.0,WC-2014,2014 FIFA World Cup,M-2014-38,Italy v Uruguay,group stage,Group D,1.0,0.0,0.0,0.0,6/24/2014,13:00,S-015,Arena das Dunas,Natal,Brazil,T-39,Italy,ITA,T-81,Uruguay,URY,01,0.0,1.0,-1.0,1.0,0.0,0.0,0-0,0.0,0.0,away team win,0.0,1.0,0.0,215716,https://sofifa.com/player/215716/aleksandar-mitrovic/20/159586,A. Mitrović,Aleksandar Mitrović,24,1994-09-16,187,82,Serbia,Fulham,ST,Right,ST,9.0
811.0,WC-2014,2014 FIFA World Cup,M-2014-39,Japan v Colombia,group stage,Group C,1.0,0.0,0.0,0.0,6/24/2014,16:00,S-010,Arena Pantanal,Cuiabá,Brazil,T-42,Japan,JPN,T-15,Colombia,COL,14,1.0,4.0,-3.0,3.0,0.0,0.0,0-0,0.0,0.0,away team win,0.0,1.0,0.0,219145,https://sofifa.com/player/219145/guillermo-maripan/20/159586,G. Maripán,Guillermo Alfonso Maripán Loaysa,25,1994-05-06,193,84,Chile,Deportivo Alavés,CB,Right,LCB,6.0
812.0,WC-2014,2014 FIFA World Cup,M-2014-40,Greece v Ivory Coast,group stage,Group C,1.0,0.0,0.0,0.0,6/24/2014,17:00,S-013,Estádio Castelão,Fortaleza,Brazil,T-31,Greece,GRC,T-40,Ivory Coast,CIV,21,2.0,1.0,1.0,-1.0,0.0,0.0,0-0,0.0,0.0,home team win,1.0,0.0,0.0,225126,https://sofifa.com/player/225126/ellyes-skhiri/20/159586,E. Skhiri,Ellyes Skhiri,24,1995-05-10,185,69,Tunisia,1. FC Köln,"CDM, CM",Right,RDM,28.0
813.0,WC-2014,2014 FIFA World Cup,M-2014-41,Bosnia and Herzegovina v Iran,group stage,Group F,1.0,0.0,0.0,0.0,6/25/2014,13:00,S-021,Arena Fonte Nova,Salvador,Brazil,T-08,Bosnia and Herzegovina,BIH,T-36,Iran,IRN,31,3.0,1.0,2.0,-2.0,0.0,0.0,0-0,0.0,0.0,home team win,1.0,0.0,0.0,233096,https://sofifa.com/player/233096/denzel-dumfries/20/159586,D. Dumfries,Denzel Dumfries,23,1996-04-18,188,80,Netherlands,PSV,RB,Right,RB,22.0
814.0,WC-2014,2014 FIFA World Cup,M-2014-42,Nigeria v Argentina,group stage,Group F,1.0,0.0,0.0,0.0,6/25/2014,13:00,S-016,Estádio Beira-Rio,Porto Alegre,Brazil,T-48,Nigeria,NGA,T-03,Argentina,ARG,23,2.0,3.0,-1.0,1.0,0.0,0.0,0-0,0.0,0.0,away team win,0.0,1.0,0.0,234226,https://sofifa.com/player/234226/bruno-viana-willemen-da-silva/20/159586,Bruno Viana,Bruno Viana Willemen Da Silva,24,1995-02-05,187,79,Brazil,SC Braga,CB,Right,RCB,36.0
815.0,WC-2014,2014 FIFA World Cup,M-2014-43,Honduras v Switzerland,group stage,Group E,1.0,0.0,0.0,0.0,6/25/2014,16:00,S-014,Arena da Amazônia,Manaus,Brazil,T-33,Honduras,HND,T-73,Switzerland,CHE,03,0.0,3.0,-3.0,3.0,0.0,0.0,0-0,0.0,0.0,away team win,0.0,1.0,0.0,199641,https://sofifa.com/player/199641/matz-sels/20/159586,M. Sels,Matz Sels,27,1992-02-26,190,88,Belgium,RC Strasbourg Alsace,GK,Right,GK,1.0
816.0,WC-2014,2014 FIFA World Cup,M-2014-44,Ecuador v France,group stage,Group E,1.0,0.0,0.0,0.0,6/25/2014,17:00,S-020,Estádio do Maracanã,Rio de Janeiro,Brazil,T-24,Ecuador,ECU,T-28,France,FRA,00,0.0,0.0,0.0,0.0,0.0,0.0,0-0,0.0,0.0,draw,0.0,0.0,1.0,200353,https://sofifa.com/player/200353/adama-soumaoro/20/159586,A. Soumaoro,Adama Soumaoro,27,1992-06-18,187,91,France,LOSC Lille,CB,Right,LCB,5.0
817.0,WC-2014,2014 FIFA World Cup,M-2014-45,Portugal v Ghana,group stage,Group G,1.0,0.0,0.0,0.0,6/26/2014,13:00,S-009,Estádio Nacional,Brasília,Brazil,T-56,Portugal,PRT,T-30,Ghana,GHA,21,2.0,1.0,1.0,-1.0,0.0,0.0,0-0,0.0,0.0,home team win,1.0,0.0,0.0,201519,https://sofifa.com/player/201519/jordan-veretout/20/159586,J. Veretout,Jordan Veretout,26,1993-03-01,176,67,France,Roma,"CM, CDM",Right,LDM,38.0
818.0,WC-2014,2014 FIFA World Cup,M-2014-46,United States v Germany,group stage,Group G,1.0,0.0,0.0,0.0,6/26/2014,13:00,S-018,Arena Pernambuco,Recife,Brazil,T-80,United States,USA,T-29,Germany,DEU,01,0.0,1.0,-1.0,1.0,0.0,0.0,0-0,0.0,0.0,away team win,0.0,1.0,0.0,203965,https://sofifa.com/player/203965/viktor-fischer/20/159586,V. Fischer,Viktor Fischer,25,1994-06-09,180,80,Denmark,FC København,"LM, ST",Right,LM,7.0
819.0,WC-2014,2014 FIFA World Cup,M-2014-47,Algeria v Russia,group stage,Group H,1.0,0.0,0.0,0.0,6/26/2014,17:00,S-011,Arena da Baixada,Curitiba,Brazil,T-01,Algeria,DZA,T-60,Russia,RUS,11,1.0,1.0,0.0,0.0,0.0,0.0,0-0,0.0,0.0,draw,0.0,0.0,1.0,205391,https://sofifa.com/player/205391/soualiho-meite/20/159586,S. Meïté,Soualiho Meïté,25,1994-03-17,187,80,France,Torino,"CM, CDM",Right,LCM,23.0
820.0,WC-2014,2014 FIFA World Cup,M-2014-48,South Korea v Belgium,group stage,Group H,1.0,0.0,0.0,0.0,6/26/2014,17:00,S-022,Arena Corinthians,São Paulo,Brazil,T-69,South Korea,KOR,T-06,Belgium,BEL,01,0.0,1.0,-1.0,1.0,0.0,0.0,0-0,0.0,0.0,away team win,0.0,1.0,0.0,205402,https://sofifa.com/player/205402/jean-paul-boetius/20/159586,J. Boëtius,Jean-Paul Boëtius,25,1994-03-22,178,76,Netherlands,1. FSV Mainz 05,"CAM, LW",Right,CAM,5.0
821.0,WC-2014,2014 FIFA World Cup,M-2014-49,Brazil v Chile,round of 16,not applicable,0.0,1.0,0.0,0.0,6/28/2014,13:00,S-008,Estádio Mineirão,Belo Horizonte,Brazil,T-09,Brazil,BRA,T-13,Chile,CHL,11,1.0,1.0,0.0,0.0,1.0,1.0,32,3.0,2.0,home team win,1.0,0.0,0.0,210935,https://sofifa.com/player/210935/domenico-berardi/20/159586,D. Berardi,Domenico Berardi,24,1994-08-01,183,72,Italy,Sassuolo,"RW, ST",Left,RW,25.0
822.0,WC-2014,2014 FIFA World Cup,M-2014-50,Colombia v Uruguay,round of 16,not applicable,0.0,1.0,0.0,0.0,6/28/2014,17:00,S-020,Estádio do Maracanã,Rio de Janeiro,Brazil,T-15,Colombia,COL,T-81,Uruguay,URY,20,2.0,0.0,2.0,-2.0,0.0,0.0,0-0,0.0,0.0,home team win,1.0,0.0,0.0,212153,https://sofifa.com/player/212153/roberto-gagliardini/20/159586,R. Gagliardini,Roberto Gagliardini,25,1994-04-07,190,77,Italy,Inter,"CDM, CM",Right,SUB,5.0
823.0,WC-2014,2014 FIFA World Cup,M-2014-51,Netherlands v Mexico,round of 16,not applicable,0.0,1.0,0.0,0.0,6/29/2014,13:00,S-013,Estádio Castelão,Fortaleza,Brazil,T-46,Netherlands,NLD,T-44,Mexico,MEX,21,2.0,1.0,1.0,-1.0,0.0,0.0,0-0,0.0,0.0,home team win,1.0,0.0,0.0,215256,https://sofifa.com/player/215256/renzo-saravia/20/159586,R. Saravia,Renzo Saravia,26,1993-06-16,176,75,Argentina,FC Porto,RB,Right,SUB,24.0
824.0,WC-2014,2014 FIFA World Cup,M-2014-52,Costa Rica v Greece,round of 16,not applicable,0.0,1.0,0.0,0.0,6/29/2014,17:00,S-018,Arena Pernambuco,Recife,Brazil,T-16,Costa Rica,CRI,T-31,Greece,GRC,11,1.0,1.0,0.0,0.0,1.0,1.0,53,5.0,3.0,home team win,1.0,0.0,0.0,215590,https://sofifa.com/player/215590/ayoze-perez-gutierrez/20/159586,Ayoze Pérez,Ayoze Pérez Gutiérrez,25,1993-07-29,178,72,Spain,Leicester City,"CF, RW, RM",Right,RW,17.0
825.0,WC-2014,2014 FIFA World Cup,M-2014-53,France v Nigeria,round of 16,not applicable,0.0,1.0,0.0,0.0,6/30/2014,13:00,S-009,Estádio Nacional,Brasília,Brazil,T-28,France,FRA,T-48,Nigeria,NGA,20,2.0,0.0,2.0,-2.0,0.0,0.0,0-0,0.0,0.0,home team win,1.0,0.0,0.0,220093,https://sofifa.com/player/220093/hans-hateboer/20/159586,H. Hateboer,Hans Hateboer,25,1994-01-09,187,74,Netherlands,Atalanta,"RM, RB",Right,RM,33.0
826.0,WC-2014,2014 FIFA World Cup,M-2014-54,Germany v Algeria,round of 16,not applicable,0.0,1.0,0.0,0.0,6/30/2014,17:00,S-016,Estádio Beira-Rio,Porto Alegre,Brazil,T-29,Germany,DEU,T-01,Algeria,DZA,21,2.0,1.0,1.0,-1.0,1.0,0.0,0-0,0.0,0.0,home team win,1.0,0.0,0.0,225997,https://sofifa.com/player/225997/benjamin-verbic/20/159586,B. Verbič,Benjamin Verbič,25,1993-11-27,179,70,Slovenia,Dynamo Kyiv,"LM, RM",Right,LM,7.0
827.0,WC-2014,2014 FIFA World Cup,M-2014-55,Argentina v Switzerland,round of 16,not applicable,0.0,1.0,0.0,0.0,7/1/2014,13:00,S-022,Arena Corinthians,São Paulo,Brazil,T-03,Argentina,ARG,T-73,Switzerland,CHE,10,1.0,0.0,1.0,-1.0,1.0,0.0,0-0,0.0,0.0,home team win,1.0,0.0,0.0,226377,https://sofifa.com/player/226377/gonzalo-martinez/20/159586,G. Martínez,Gonzalo Nicolás Martínez,26,1993-06-13,172,75,Argentina,Atlanta United,"CAM, LM, RM",Left,CAM,10.0
828.0,WC-2014,2014 FIFA World Cup,M-2014-56,Belgium v United States,round of 16,not applicable,0.0,1.0,0.0,0.0,7/1/2014,17:00,S-021,Arena Fonte Nova,Salvador,Brazil,T-06,Belgium,BEL,T-80,United States,USA,21,2.0,1.0,1.0,-1.0,1.0,0.0,0-0,0.0,0.0,home team win,1.0,0.0,0.0,187598,https://sofifa.com/player/187598/rafael-toloi/20/159586,Rafael Tolói,Rafael Tolói,28,1990-10-10,185,75,Brazil,Atalanta,CB,Right,CB,2.0
829.0,WC-2014,2014 FIFA World Cup,M-2014-57,France v Germany,quarter-finals,not applicable,0.0,1.0,0.0,0.0,7/4/2014,13:00,S-020,Estádio do Maracanã,Rio de Janeiro,Brazil,T-28,France,FRA,T-29,Germany,DEU,01,0.0,1.0,-1.0,1.0,0.0,0.0,0-0,0.0,0.0,away team win,0.0,1.0,0.0,192622,https://sofifa.com/player/192622/shane-duffy/20/159586,S. Duffy,Shane Duffy,27,1992-01-01,193,76,Republic of Ireland,Brighton & Hove Albion,CB,Right,RCB,4.0
830.0,WC-2014,2014 FIFA World Cup,M-2014-58,Brazil v Colombia,quarter-finals,not applicable,0.0,1.0,0.0,0.0,7/4/2014,17:00,S-013,Estádio Castelão,Fortaleza,Brazil,T-09,Brazil,BRA,T-15,Colombia,COL,21,2.0,1.0,1.0,-1.0,0.0,0.0,0-0,0.0,0.0,home team win,1.0,0.0,0.0,197948,https://sofifa.com/player/197948/florian-lejeune/20/159586,F. Lejeune,Florian Lejeune,28,1991-05-20,189,89,France,Newcastle United,CB,Right,SUB,20.0
831.0,WC-2014,2014 FIFA World Cup,M-2014-59,Argentina v Belgium,quarter-finals,not applicable,0.0,1.0,0.0,0.0,7/5/2014,13:00,S-009,Estádio Nacional,Brasília,Brazil,T-03,Argentina,ARG,T-06,Belgium,BEL,10,1.0,0.0,1.0,-1.0,0.0,0.0,0-0,0.0,0.0,home team win,1.0,0.0,0.0,199915,https://sofifa.com/player/199915/lewis-dunk/20/159586,L. Dunk,Lewis Dunk,27,1991-11-21,192,88,England,Brighton & Hove Albion,CB,Right,CB,5.0
832.0,WC-2014,2014 FIFA World Cup,M-2014-60,Netherlands v Costa Rica,quarter-finals,not applicable,0.0,1.0,0.0,0.0,7/5/2014,17:00,S-021,Arena Fonte Nova,Salvador,Brazil,T-46,Netherlands,NLD,T-16,Costa Rica,CRI,00,0.0,0.0,0.0,0.0,1.0,1.0,43,4.0,3.0,home team win,1.0,0.0,0.0,200677,https://sofifa.com/player/200677/pedro-filipe-teodosio-mendes/20/159586,Pedro Mendes,Pedro Filipe Teodósio Mendes,28,1990-10-01,186,78,Portugal,Montpellier HSC,CB,Right,LCB,5.0
833.0,WC-2014,2014 FIFA World Cup,M-2014-61,Brazil v Germany,semi-finals,not applicable,0.0,1.0,0.0,0.0,7/8/2014,17:00,S-008,Estádio Mineirão,Belo Horizonte,Brazil,T-09,Brazil,BRA,T-29,Germany,DEU,17,1.0,7.0,-6.0,6.0,0.0,0.0,0-0,0.0,0.0,away team win,0.0,1.0,0.0,202642,https://sofifa.com/player/202642/fernando-lucas-martins/20/159586,Fernando,Fernando Lucas Martins,27,1992-03-03,175,80,Brazil,Beijing Sinobo Guoan FC,"CDM, CM",Right,RAM,11.0
834.0,WC-2014,2014 FIFA World Cup,M-2014-62,Netherlands v Argentina,semi-finals,not applicable,0.0,1.0,0.0,0.0,7/9/2014,17:00,S-022,Arena Corinthians,São Paulo,Brazil,T-46,Netherlands,NLD,T-03,Argentina,ARG,00,0.0,0.0,0.0,0.0,1.0,1.0,24,2.0,4.0,away team win,0.0,1.0,0.0,203980,https://sofifa.com/player/203980/konstantinos-fortounis/20/159586,K. Fortounis,Konstantinos Fortounis,26,1992-10-16,180,76,Greece,Olympiacos CFP,"CAM, LM",Right,RES,7.0
835.0,WC-2014,2014 FIFA World Cup,M-2014-63,Brazil v Netherlands,third-place match,not applicable,0.0,1.0,0.0,0.0,7/12/2014,17:00,S-009,Estádio Nacional,Brasília,Brazil,T-09,Brazil,BRA,T-46,Netherlands,NLD,03,0.0,3.0,-3.0,3.0,0.0,0.0,0-0,0.0,0.0,away team win,0.0,1.0,0.0,208449,https://sofifa.com/player/208449/christophe-herelle/20/159586,C. Hérelle,Christophe Hérelle,26,1992-08-22,188,75,France,OGC Nice,CB,Right,RCB,29.0
836.0,WC-2014,2014 FIFA World Cup,M-2014-64,Germany v Argentina,final,not applicable,0.0,1.0,0.0,0.0,7/13/2014,16:00,S-020,Estádio do Maracanã,Rio de Janeiro,Brazil,T-29,Germany,DEU,T-03,Argentina,ARG,10,1.0,0.0,1.0,-1.0,1.0,0.0,0-0,0.0,0.0,home team win,1.0,0.0,0.0,208620,https://sofifa.com/player/208620/omar-mascarell-gonzalez/20/159586,Omar Mascarell,Omar Mascarell González,26,1993-02-02,181,76,Spain,FC Schalke 04,"CDM, CM",Right,LDM,6.0
837.0,WC-2018,2018 FIFA World Cup,M-2018-01,Russia v Saudi Arabia,group stage,Group A,1.0,0.0,0.0,0.0,6/14/2018,18:00,S-117,Luzhniki Stadium,Moscow,Russia,T-60,Russia,RUS,T-61,Saudi Arabia,SAU,50,5.0,0.0,5.0,-5.0,0.0,0.0,0-0,0.0,0.0,home team win,1.0,0.0,0.0,211368,https://sofifa.com/player/211368/armindo-tue-na-bangna/20/159586,Bruma,Armindo Tué Na Bangna,24,1994-10-24,173,70,Portugal,PSV,LW,Right,LW,7.0
838.0,WC-2018,2018 FIFA World Cup,M-2018-02,Egypt v Uruguay,group stage,Group A,1.0,0.0,0.0,0.0,6/15/2018,17:00,S-126,Central Stadium,Yekaterinburg,Russia,T-25,Egypt,EGY,T-81,Uruguay,URY,01,0.0,1.0,-1.0,1.0,0.0,0.0,0-0,0.0,0.0,away team win,0.0,1.0,0.0,228236,https://sofifa.com/player/228236/simon-deli/20/159586,S. Deli,Simon Deli,27,1991-10-27,192,86,Ivory Coast,Club Brugge KV,CB,Left,LCB,17.0
839.0,WC-2018,2018 FIFA World Cup,M-2018-03,Morocco v Iran,group stage,Group B,1.0,0.0,0.0,0.0,6/15/2018,18:00,S-121,Krestovsky Stadium,Saint Petersburg,Russia,T-45,Morocco,MAR,T-36,Iran,IRN,01,0.0,1.0,-1.0,1.0,0.0,0.0,0-0,0.0,0.0,away team win,0.0,1.0,0.0,236690,https://sofifa.com/player/236690/michael-ngadeu/20/159586,M. Ngadeu,Michael Ngadeu,28,1990-11-23,190,93,Cameroon,KAA Gent,"CB, CDM",Right,LCB,5.0
840.0,WC-2018,2018 FIFA World Cup,M-2018-04,Portugal v Spain,group stage,Group B,1.0,0.0,0.0,0.0,6/15/2018,21:00,S-124,Fisht Olympic Stadium,Sochi,Russia,T-56,Portugal,PRT,T-71,Spain,ESP,33,3.0,3.0,0.0,0.0,0.0,0.0,0-0,0.0,0.0,draw,0.0,0.0,1.0,188942,https://sofifa.com/player/188942/victor-wanyama/20/159586,V. Wanyama,Victor Wanyama,28,1991-06-25,184,87,Kenya,Tottenham Hotspur,"CDM, CM",Right,SUB,12.0
841.0,WC-2018,2018 FIFA World Cup,M-2018-05,France v Australia,group stage,Group C,1.0,0.0,0.0,0.0,6/16/2018,13:00,S-116,Kazan Arena,Kazan,Russia,T-28,France,FRA,T-04,Australia,AUS,21,2.0,1.0,1.0,-1.0,0.0,0.0,0-0,0.0,0.0,home team win,1.0,0.0,0.0,190324,https://sofifa.com/player/190324/christian-kabasele/20/159586,C. Kabasele,Christian Kabasele,28,1991-02-24,188,84,Belgium,Watford,CB,Right,SUB,27.0
842.0,WC-2018,2018 FIFA World Cup,M-2018-06,Argentina v Iceland,group stage,Group D,1.0,0.0,0.0,0.0,6/16/2018,16:00,S-118,Otkritie Arena,Moscow,Russia,T-03,Argentina,ARG,T-35,Iceland,ISL,11,1.0,1.0,0.0,0.0,0.0,0.0,0-0,0.0,0.0,draw,0.0,0.0,1.0,193983,https://sofifa.com/player/193983/andy-delort/20/159586,A. Delort,Andy Delort,27,1991-10-09,181,83,Algeria,Montpellier HSC,ST,Right,LS,9.0
843.0,WC-2018,2018 FIFA World Cup,M-2018-07,Peru v Denmark,group stage,Group C,1.0,0.0,0.0,0.0,6/16/2018,19:00,S-123,Mordovia Arena,Saransk,Russia,T-54,Peru,PER,T-21,Denmark,DNK,01,0.0,1.0,-1.0,1.0,0.0,0.0,0-0,0.0,0.0,away team win,0.0,1.0,0.0,195668,https://sofifa.com/player/195668/joel-robles-blazquez/20/159586,Joel Robles,Joel Robles Blázquez,29,1990-06-17,195,90,Spain,Real Betis,GK,Right,GK,1.0
844.0,WC-2018,2018 FIFA World Cup,M-2018-08,Croatia v Nigeria,group stage,Group D,1.0,0.0,0.0,0.0,6/16/2018,21:00,S-115,Kaliningrad Stadium,Kaliningrad,Russia,T-17,Croatia,HRV,T-48,Nigeria,NGA,20,2.0,0.0,2.0,-2.0,0.0,0.0,0-0,0.0,0.0,home team win,1.0,0.0,0.0,198031,https://sofifa.com/player/198031/sergio-miguel-relvas-de-oliveira/20/159586,Sérgio Oliveira,Sérgio Miguel Relvas de Oliveira,27,1992-06-02,181,78,Portugal,FC Porto,"CM, CDM",Right,RCM,27.0
845.0,WC-2018,2018 FIFA World Cup,M-2018-09,Costa Rica v Serbia,group stage,Group E,1.0,0.0,0.0,0.0,6/17/2018,16:00,S-122,Samara Arena,Samara,Russia,T-16,Costa Rica,CRI,T-64,Serbia,SRB,01,0.0,1.0,-1.0,1.0,0.0,0.0,0-0,0.0,0.0,away team win,0.0,1.0,0.0,199069,https://sofifa.com/player/199069/vincent-aboubakar/20/159586,V. Aboubakar,Vincent Paté Aboubakar,27,1992-01-22,184,82,Cameroon,FC Porto,ST,Right,SUB,9.0
846.0,WC-2018,2018 FIFA World Cup,M-2018-10,Germany v Mexico,group stage,Group F,1.0,0.0,0.0,0.0,6/17/2018,18:00,S-117,Luzhniki Stadium,Moscow,Russia,T-29,Germany,DEU,T-44,Mexico,MEX,01,0.0,1.0,-1.0,1.0,0.0,0.0,0-0,0.0,0.0,away team win,0.0,1.0,0.0,200318,https://sofifa.com/player/200318/mark-uth/20/159586,M. Uth,Mark Uth,27,1991-08-24,185,72,Germany,FC Schalke 04,"ST, RW, RM",Left,SUB,7.0
847.0,WC-2018,2018 FIFA World Cup,M-2018-11,Brazil v Switzerland,group stage,Group E,1.0,0.0,0.0,0.0,6/17/2018,21:00,S-120,Rostov Arena,Rostov-on-Don,Russia,T-09,Brazil,BRA,T-73,Switzerland,CHE,11,1.0,1.0,0.0,0.0,0.0,0.0,0-0,0.0,0.0,draw,0.0,0.0,1.0,201417,https://sofifa.com/player/201417/matt-doherty/20/159586,M. Doherty,Matt Doherty,27,1992-01-16,182,87,Republic of Ireland,Wolverhampton Wanderers,RWB,Right,RWB,2.0
848.0,WC-2018,2018 FIFA World Cup,M-2018-12,Sweden v South Korea,group stage,Group F,1.0,0.0,0.0,0.0,6/18/2018,15:00,S-119,Nizhny Novgorod Stadium,Nizhny Novgorod,Russia,T-72,Sweden,SWE,T-69,South Korea,KOR,10,1.0,0.0,1.0,-1.0,0.0,0.0,0-0,0.0,0.0,home team win,1.0,0.0,0.0,201505,https://sofifa.com/player/201505/david-lopez-silva/20/159586,David López,David López Silva,29,1989-10-09,183,81,Spain,RCD Espanyol,"CB, CDM",Right,SUB,15.0
849.0,WC-2018,2018 FIFA World Cup,M-2018-13,Belgium v Panama,group stage,Group G,1.0,0.0,0.0,0.0,6/18/2018,18:00,S-124,Fisht Olympic Stadium,Sochi,Russia,T-06,Belgium,BEL,T-52,Panama,PAN,30,3.0,0.0,3.0,-3.0,0.0,0.0,0-0,0.0,0.0,home team win,1.0,0.0,0.0,202024,https://sofifa.com/player/202024/remo-freuler/20/159586,R. Freuler,Remo Freuler,27,1992-04-15,181,77,Switzerland,Atalanta,CM,Right,RCM,11.0
850.0,WC-2018,2018 FIFA World Cup,M-2018-14,Tunisia v England,group stage,Group G,1.0,0.0,0.0,0.0,6/18/2018,21:00,S-125,Volgograd Arena,Volgograd,Russia,T-76,Tunisia,TUN,T-27,England,ENG,12,1.0,2.0,-1.0,1.0,0.0,0.0,0-0,0.0,0.0,away team win,0.0,1.0,0.0,202325,https://sofifa.com/player/202325/diego-demme/20/159586,D. Demme,Diego Demme,27,1991-11-21,170,68,Germany,RB Leipzig,"CDM, CM",Right,SUB,31.0
851.0,WC-2018,2018 FIFA World Cup,M-2018-15,Colombia v Japan,group stage,Group H,1.0,0.0,0.0,0.0,6/19/2018,15:00,S-123,Mordovia Arena,Saransk,Russia,T-15,Colombia,COL,T-42,Japan,JPN,12,1.0,2.0,-1.0,1.0,0.0,0.0,0-0,0.0,0.0,away team win,0.0,1.0,0.0,202789,https://sofifa.com/player/202789/alexander-schwolow/20/159586,A. Schwolow,Alexander Schwolow,27,1992-06-02,190,84,Germany,SC Freiburg,GK,Right,GK,1.0
852.0,WC-2018,2018 FIFA World Cup,M-2018-16,Poland v Senegal,group stage,Group H,1.0,0.0,0.0,0.0,6/19/2018,18:00,S-118,Otkritie Arena,Moscow,Russia,T-55,Poland,POL,T-63,Senegal,SEN,12,1.0,2.0,-1.0,1.0,0.0,0.0,0-0,0.0,0.0,away team win,0.0,1.0,0.0,202849,https://sofifa.com/player/202849/jannik-vestergaard/20/159586,J. Vestergaard,Jannik Vestergaard,26,1992-08-03,199,98,Denmark,Southampton,CB,Right,LCB,4.0
853.0,WC-2018,2018 FIFA World Cup,M-2018-17,Russia v Egypt,group stage,Group A,1.0,0.0,0.0,0.0,6/19/2018,21:00,S-121,Krestovsky Stadium,Saint Petersburg,Russia,T-60,Russia,RUS,T-25,Egypt,EGY,31,3.0,1.0,2.0,-2.0,0.0,0.0,0-0,0.0,0.0,home team win,1.0,0.0,0.0,209288,https://sofifa.com/player/209288/florent-mollet/20/159586,F. Mollet,Florent Mollet,27,1991-11-19,170,67,France,Montpellier HSC,CAM,Right,CAM,25.0
854.0,WC-2018,2018 FIFA World Cup,M-2018-18,Portugal v Morocco,group stage,Group B,1.0,0.0,0.0,0.0,6/20/2018,15:00,S-117,Luzhniki Stadium,Moscow,Russia,T-56,Portugal,PRT,T-45,Morocco,MAR,10,1.0,0.0,1.0,-1.0,0.0,0.0,0-0,0.0,0.0,home team win,1.0,0.0,0.0,210324,https://sofifa.com/player/210324/jonas-hofmann/20/159586,J. Hofmann,Jonas Hofmann,26,1992-07-14,176,70,Germany,Borussia Mönchengladbach,"CAM, RM, LM",Right,SUB,23.0
855.0,WC-2018,2018 FIFA World Cup,M-2018-19,Uruguay v Saudi Arabia,group stage,Group A,1.0,0.0,0.0,0.0,6/20/2018,18:00,S-120,Rostov Arena,Rostov-on-Don,Russia,T-81,Uruguay,URY,T-61,Saudi Arabia,SAU,10,1.0,0.0,1.0,-1.0,0.0,0.0,0-0,0.0,0.0,home team win,1.0,0.0,0.0,212096,https://sofifa.com/player/212096/vincenzo-grifo/20/159586,V. Grifo,Vincenzo Grifo,26,1993-04-07,180,75,Italy,TSG 1899 Hoffenheim,"LM, CF",Right,CAM,32.0
856.0,WC-2018,2018 FIFA World Cup,M-2018-20,Iran v Spain,group stage,Group B,1.0,0.0,0.0,0.0,6/20/2018,21:00,S-116,Kazan Arena,Kazan,Russia,T-36,Iran,IRN,T-71,Spain,ESP,01,0.0,1.0,-1.0,1.0,0.0,0.0,0-0,0.0,0.0,away team win,0.0,1.0,0.0,213388,https://sofifa.com/player/213388/flavien-tait/20/159586,F. Tait,Flavien Tait,26,1993-02-02,175,70,France,Stade Rennais FC,"LM, LW, CM",Right,LS,20.0
857.0,WC-2018,2018 FIFA World Cup,M-2018-21,Denmark v Australia,group stage,Group C,1.0,0.0,0.0,0.0,6/21/2018,16:00,S-122,Samara Arena,Samara,Russia,T-21,Denmark,DNK,T-04,Australia,AUS,11,1.0,1.0,0.0,0.0,0.0,0.0,0-0,0.0,0.0,draw,0.0,0.0,1.0,213400,https://sofifa.com/player/213400/diego-laxalt/20/159586,D. Laxalt,Diego Laxalt,26,1993-02-07,178,68,Uruguay,Milan,LM,Left,SUB,93.0
858.0,WC-2018,2018 FIFA World Cup,M-2018-22,France v Peru,group stage,Group C,1.0,0.0,0.0,0.0,6/21/2018,20:00,S-126,Central Stadium,Yekaterinburg,Russia,T-28,France,FRA,T-54,Peru,PER,10,1.0,0.0,1.0,-1.0,0.0,0.0,0-0,0.0,0.0,home team win,1.0,0.0,0.0,215466,https://sofifa.com/player/215466/nikola-maksimovic/20/159586,N. Maksimović,Nikola Maksimović,27,1991-11-25,193,87,Serbia,Napoli,CB,Right,SUB,19.0
859.0,WC-2018,2018 FIFA World Cup,M-2018-23,Argentina v Croatia,group stage,Group D,1.0,0.0,0.0,0.0,6/21/2018,21:00,S-119,Nizhny Novgorod Stadium,Nizhny Novgorod,Russia,T-03,Argentina,ARG,T-17,Croatia,HRV,03,0.0,3.0,-3.0,3.0,0.0,0.0,0-0,0.0,0.0,away team win,0.0,1.0,0.0,216189,https://sofifa.com/player/216189/ander-capa-rodriguez/20/159586,Capa,Ander Capa Rodríguez,27,1992-02-08,175,75,Spain,Athletic Club de Bilbao,RB,Right,RB,21.0
860.0,WC-2018,2018 FIFA World Cup,M-2018-24,Brazil v Costa Rica,group stage,Group E,1.0,0.0,0.0,0.0,6/22/2018,15:00,S-121,Krestovsky Stadium,Saint Petersburg,Russia,T-09,Brazil,BRA,T-16,Costa Rica,CRI,20,2.0,0.0,2.0,-2.0,0.0,0.0,0-0,0.0,0.0,home team win,1.0,0.0,0.0,216655,https://sofifa.com/player/216655/bartolomeu-quissanga/20/159586,Bastos,Bartolomeu Jacinto Quissanga,27,1991-11-23,180,77,Angola,Lazio,CB,Right,LCB,15.0
861.0,WC-2018,2018 FIFA World Cup,M-2018-25,Nigeria v Iceland,group stage,Group D,1.0,0.0,0.0,0.0,6/22/2018,18:00,S-125,Volgograd Arena,Volgograd,Russia,T-48,Nigeria,NGA,T-35,Iceland,ISL,20,2.0,0.0,2.0,-2.0,0.0,0.0,0-0,0.0,0.0,home team win,1.0,0.0,0.0,220131,https://sofifa.com/player/220131/mbaye-diagne/20/159586,M. Diagne,Mbaye Diagne,27,1991-10-28,191,86,Senegal,Galatasaray SK,ST,Right,ST,91.0
862.0,WC-2018,2018 FIFA World Cup,M-2018-26,Serbia v Switzerland,group stage,Group E,1.0,0.0,0.0,0.0,6/22/2018,20:00,S-115,Kaliningrad Stadium,Kaliningrad,Russia,T-64,Serbia,SRB,T-73,Switzerland,CHE,12,1.0,2.0,-1.0,1.0,0.0,0.0,0-0,0.0,0.0,away team win,0.0,1.0,0.0,140233,https://sofifa.com/player/140233/guillermo-ochoa/20/159586,G. Ochoa,Francisco Guillermo Ochoa Magaña,33,1985-07-13,185,78,Mexico,Club América,GK,Right,SUB,1.0
863.0,WC-2018,2018 FIFA World Cup,M-2018-27,Belgium v Tunisia,group stage,Group G,1.0,0.0,0.0,0.0,6/23/2018,15:00,S-118,Otkritie Arena,Moscow,Russia,T-06,Belgium,BEL,T-76,Tunisia,TUN,52,5.0,2.0,3.0,-3.0,0.0,0.0,0-0,0.0,0.0,home team win,1.0,0.0,0.0,143001,https://sofifa.com/player/143001/carlos-tevez/20/159586,C. Tévez,Carlos Alberto Tevez,35,1984-02-05,171,77,Argentina,Boca Juniors,"CAM, ST",Right,CF,10.0
864.0,WC-2018,2018 FIFA World Cup,M-2018-28,South Korea v Mexico,group stage,Group F,1.0,0.0,0.0,0.0,6/23/2018,18:00,S-120,Rostov Arena,Rostov-on-Don,Russia,T-69,South Korea,KOR,T-44,Mexico,MEX,12,1.0,2.0,-1.0,1.0,0.0,0.0,0-0,0.0,0.0,away team win,0.0,1.0,0.0,143121,https://sofifa.com/player/143121/jose-sosa/20/159586,J. Sosa,José Ernesto Sosa,34,1985-06-19,179,71,Argentina,Trabzonspor,"CM, CDM",Right,RCM,8.0
865.0,WC-2018,2018 FIFA World Cup,M-2018-29,Germany v Sweden,group stage,Group F,1.0,0.0,0.0,0.0,6/23/2018,21:00,S-124,Fisht Olympic Stadium,Sochi,Russia,T-29,Germany,DEU,T-72,Sweden,SWE,21,2.0,1.0,1.0,-1.0,0.0,0.0,0-0,0.0,0.0,home team win,1.0,0.0,0.0,144622,https://sofifa.com/player/144622/raffael-caetano-de-araujo/20/159586,Raffael,Raffael Caetano de Araújo,34,1985-03-28,174,69,Brazil,Borussia Mönchengladbach,"CF, ST",Right,SUB,11.0
866.0,WC-2018,2018 FIFA World Cup,M-2018-30,England v Panama,group stage,Group G,1.0,0.0,0.0,0.0,6/24/2018,15:00,S-119,Nizhny Novgorod Stadium,Nizhny Novgorod,Russia,T-27,England,ENG,T-52,Panama,PAN,61,6.0,1.0,5.0,-5.0,0.0,0.0,0-0,0.0,0.0,home team win,1.0,0.0,0.0,146296,https://sofifa.com/player/146296/andres-eduardo-fernandez-moreno/20/159586,Andrés Fernández,Andrés Eduardo Fernández Moreno,32,1986-12-16,187,82,Spain,Villarreal CF,GK,Right,SUB,13.0
867.0,WC-2018,2018 FIFA World Cup,M-2018-31,Japan v Senegal,group stage,Group H,1.0,0.0,0.0,0.0,6/24/2018,20:00,S-126,Central Stadium,Yekaterinburg,Russia,T-42,Japan,JPN,T-63,Senegal,SEN,22,2.0,2.0,0.0,0.0,0.0,0.0,0-0,0.0,0.0,draw,0.0,0.0,1.0,146963,https://sofifa.com/player/146963/javier-pinola/20/159586,J. Pinola,Javier Horacio Pinola,36,1983-02-24,180,79,Argentina,River Plate,CB,Left,SUB,22.0
868.0,WC-2018,2018 FIFA World Cup,M-2018-32,Poland v Colombia,group stage,Group H,1.0,0.0,0.0,0.0,6/24/2018,21:00,S-116,Kazan Arena,Kazan,Russia,T-55,Poland,POL,T-15,Colombia,COL,03,0.0,3.0,-3.0,3.0,0.0,0.0,0-0,0.0,0.0,away team win,0.0,1.0,0.0,153177,https://sofifa.com/player/153177/mauro-zarate/20/159586,M. Zárate,Mauro Matías Zárate,32,1987-03-18,175,77,Argentina,Boca Juniors,"ST, CF, CAM",Right,SUB,19.0
869.0,WC-2018,2018 FIFA World Cup,M-2018-33,Saudi Arabia v Egypt,group stage,Group A,1.0,0.0,0.0,0.0,6/25/2018,17:00,S-125,Volgograd Arena,Volgograd,Russia,T-61,Saudi Arabia,SAU,T-25,Egypt,EGY,21,2.0,1.0,1.0,-1.0,0.0,0.0,0-0,0.0,0.0,home team win,1.0,0.0,0.0,153260,https://sofifa.com/player/153260/vitorino-hilton-da-silva/20/159586,Hilton,Vitorino Hilton da Silva,41,1977-09-13,180,78,Brazil,Montpellier HSC,CB,Right,CB,4.0
870.0,WC-2018,2018 FIFA World Cup,M-2018-34,Uruguay v Russia,group stage,Group A,1.0,0.0,0.0,0.0,6/25/2018,18:00,S-122,Samara Arena,Samara,Russia,T-81,Uruguay,URY,T-60,Russia,RUS,30,3.0,0.0,3.0,-3.0,0.0,0.0,0-0,0.0,0.0,home team win,1.0,0.0,0.0,156432,https://sofifa.com/player/156432/guillaume-hoarau/20/159586,G. Hoarau,Guillaume Hoarau,35,1984-03-05,192,85,France,BSC Young Boys,ST,Right,LS,99.0
871.0,WC-2018,2018 FIFA World Cup,M-2018-35,Spain v Morocco,group stage,Group B,1.0,0.0,0.0,0.0,6/25/2018,20:00,S-115,Kaliningrad Stadium,Kaliningrad,Russia,T-71,Spain,ESP,T-45,Morocco,MAR,22,2.0,2.0,0.0,0.0,0.0,0.0,0-0,0.0,0.0,draw,0.0,0.0,1.0,156713,https://sofifa.com/player/156713/andreas-granqvist/20/159586,A. Granqvist,Andreas Granqvist,34,1985-04-16,192,84,Sweden,Helsingborgs IF,CB,Right,LCB,4.0
872.0,WC-2018,2018 FIFA World Cup,M-2018-36,Iran v Portugal,group stage,Group B,1.0,0.0,0.0,0.0,6/25/2018,21:00,S-123,Mordovia Arena,Saransk,Russia,T-36,Iran,IRN,T-56,Portugal,PRT,11,1.0,1.0,0.0,0.0,0.0,0.0,0-0,0.0,0.0,draw,0.0,0.0,1.0,157301,https://sofifa.com/player/157301/ryan-babel/20/159586,R. Babel,Ryan Guno Babel,32,1986-12-19,185,85,Netherlands,Galatasaray SK,"LM, LW",Right,LM,11.0
873.0,WC-2018,2018 FIFA World Cup,M-2018-37,Australia v Peru,group stage,Group C,1.0,0.0,0.0,0.0,6/26/2018,17:00,S-124,Fisht Olympic Stadium,Sochi,Russia,T-04,Australia,AUS,T-54,Peru,PER,02,0.0,2.0,-2.0,2.0,0.0,0.0,0-0,0.0,0.0,away team win,0.0,1.0,0.0,157304,https://sofifa.com/player/157304/thomas-vermaelen/20/159586,T. Vermaelen,Thomas Vermaelen,33,1985-11-14,183,80,Belgium,Vissel Kobe,"CB, LB",Left,LCB,4.0
874.0,WC-2018,2018 FIFA World Cup,M-2018-38,Denmark v France,group stage,Group C,1.0,0.0,0.0,0.0,6/26/2018,17:00,S-117,Luzhniki Stadium,Moscow,Russia,T-21,Denmark,DNK,T-28,France,FRA,00,0.0,0.0,0.0,0.0,0.0,0.0,0-0,0.0,0.0,draw,0.0,0.0,1.0,160741,https://sofifa.com/player/160741/david-abraham/20/159586,D. Abraham,David Ángel Abraham,32,1986-07-15,188,83,Argentina,Eintracht Frankfurt,CB,Right,RCB,19.0
875.0,WC-2018,2018 FIFA World Cup,M-2018-39,Iceland v Croatia,group stage,Group D,1.0,0.0,0.0,0.0,6/26/2018,21:00,S-120,Rostov Arena,Rostov-on-Don,Russia,T-35,Iceland,ISL,T-17,Croatia,HRV,12,1.0,2.0,-1.0,1.0,0.0,0.0,0-0,0.0,0.0,away team win,0.0,1.0,0.0,165239,https://sofifa.com/player/165239/samir-nasri/20/159586,S. Nasri,Samir Nasri,32,1987-06-26,175,75,France,RSC Anderlecht,"CAM, LM, CM",Right,RCM,14.0
876.0,WC-2018,2018 FIFA World Cup,M-2018-40,Nigeria v Argentina,group stage,Group D,1.0,0.0,0.0,0.0,6/26/2018,21:00,S-121,Krestovsky Stadium,Saint Petersburg,Russia,T-48,Nigeria,NGA,T-03,Argentina,ARG,12,1.0,2.0,-1.0,1.0,0.0,0.0,0-0,0.0,0.0,away team win,0.0,1.0,0.0,165247,https://sofifa.com/player/165247/itumeleng-khune/20/159586,I. Khune,Itumeleng Khune,32,1987-06-20,181,81,South Africa,Kaizer Chiefs,GK,Right,SUB,32.0
877.0,WC-2018,2018 FIFA World Cup,M-2018-41,South Korea v Germany,group stage,Group F,1.0,0.0,0.0,0.0,6/27/2018,17:00,S-116,Kazan Arena,Kazan,Russia,T-69,South Korea,KOR,T-29,Germany,DEU,20,2.0,0.0,2.0,-2.0,0.0,0.0,0-0,0.0,0.0,home team win,1.0,0.0,0.0,169115,https://sofifa.com/player/169115/andrea-masiello/20/159586,A. Masiello,Andrea Masiello,33,1986-02-05,184,82,Italy,Atalanta,CB,Right,LCB,5.0
878.0,WC-2018,2018 FIFA World Cup,M-2018-42,Mexico v Sweden,group stage,Group F,1.0,0.0,0.0,0.0,6/27/2018,19:00,S-126,Central Stadium,Yekaterinburg,Russia,T-44,Mexico,MEX,T-72,Sweden,SWE,03,0.0,3.0,-3.0,3.0,0.0,0.0,0-0,0.0,0.0,away team win,0.0,1.0,0.0,169705,https://sofifa.com/player/169705/ryan-bertrand/20/159586,R. Bertrand,Ryan Bertrand,29,1989-08-05,179,80,England,Southampton,"LB, LWB",Left,LWB,21.0
879.0,WC-2018,2018 FIFA World Cup,M-2018-43,Serbia v Brazil,group stage,Group E,1.0,0.0,0.0,0.0,6/27/2018,21:00,S-118,Otkritie Arena,Moscow,Russia,T-64,Serbia,SRB,T-09,Brazil,BRA,02,0.0,2.0,-2.0,2.0,0.0,0.0,0-0,0.0,0.0,away team win,0.0,1.0,0.0,170370,https://sofifa.com/player/170370/jonathan-dos-santos/20/159586,J. dos Santos,Jonathan dos Santos Ramírez,29,1990-04-26,172,73,Mexico,LA Galaxy,CM,Right,LCM,8.0
880.0,WC-2018,2018 FIFA World Cup,M-2018-44,Switzerland v Costa Rica,group stage,Group E,1.0,0.0,0.0,0.0,6/27/2018,21:00,S-119,Nizhny Novgorod Stadium,Nizhny Novgorod,Russia,T-73,Switzerland,CHE,T-16,Costa Rica,CRI,22,2.0,2.0,0.0,0.0,0.0,0.0,0-0,0.0,0.0,draw,0.0,0.0,1.0,170733,https://sofifa.com/player/170733/gervais-yao-kouassi/20/159586,Gervinho,Gervais Lombe Yao Kouassi,32,1987-05-27,179,65,Ivory Coast,Parma,"LW, RW",Right,LW,27.0
881.0,WC-2018,2018 FIFA World Cup,M-2018-45,Japan v Poland,group stage,Group H,1.0,0.0,0.0,0.0,6/28/2018,17:00,S-125,Volgograd Arena,Volgograd,Russia,T-42,Japan,JPN,T-55,Poland,POL,01,0.0,1.0,-1.0,1.0,0.0,0.0,0-0,0.0,0.0,away team win,0.0,1.0,0.0,170797,https://sofifa.com/player/170797/nuri-sahin/20/159586,N. Şahin,Nuri Şahin,30,1988-09-05,180,73,Turkey,SV Werder Bremen,"CDM, CM",Left,CDM,17.0
882.0,WC-2018,2018 FIFA World Cup,M-2018-46,Senegal v Colombia,group stage,Group H,1.0,0.0,0.0,0.0,6/28/2018,18:00,S-122,Samara Arena,Samara,Russia,T-63,Senegal,SEN,T-15,Colombia,COL,01,0.0,1.0,-1.0,1.0,0.0,0.0,0-0,0.0,0.0,away team win,0.0,1.0,0.0,170815,https://sofifa.com/player/170815/steven-defour/20/159586,S. Defour,Steven Defour,31,1988-04-15,175,72,Belgium,Burnley,CM,Right,SUB,16.0
883.0,WC-2018,2018 FIFA World Cup,M-2018-47,England v Belgium,group stage,Group G,1.0,0.0,0.0,0.0,6/28/2018,20:00,S-115,Kaliningrad Stadium,Kaliningrad,Russia,T-27,England,ENG,T-06,Belgium,BEL,01,0.0,1.0,-1.0,1.0,0.0,0.0,0-0,0.0,0.0,away team win,0.0,1.0,0.0,172175,https://sofifa.com/player/172175/kevin-mirallas/20/159586,K. Mirallas,Kevin Mirallas,31,1987-10-05,182,72,Belgium,Everton,"LM, LW, ST",Right,RES,28.0
884.0,WC-2018,2018 FIFA World Cup,M-2018-48,Panama v Tunisia,group stage,Group G,1.0,0.0,0.0,0.0,6/28/2018,21:00,S-123,Mordovia Arena,Saransk,Russia,T-52,Panama,PAN,T-76,Tunisia,TUN,12,1.0,2.0,-1.0,1.0,0.0,0.0,0-0,0.0,0.0,away team win,0.0,1.0,0.0,172287,https://sofifa.com/player/172287/manuel-garcia-sanchez/20/159586,Manu García,Manuel Alejandro García Sánchez,33,1986-04-26,182,74,Spain,Deportivo Alavés,"CM, CDM",Left,LCM,19.0
885.0,WC-2018,2018 FIFA World Cup,M-2018-49,France v Argentina,round of 16,not applicable,0.0,1.0,0.0,0.0,6/30/2018,17:00,S-116,Kazan Arena,Kazan,Russia,T-28,France,FRA,T-03,Argentina,ARG,43,4.0,3.0,1.0,-1.0,0.0,0.0,0-0,0.0,0.0,home team win,1.0,0.0,0.0,172316,https://sofifa.com/player/172316/jorge-andujar-moreno/20/159586,Coke,Jorge Andújar Moreno,32,1987-04-26,177,74,Spain,Levante UD,"RB, RM",Right,RB,23.0
886.0,WC-2018,2018 FIFA World Cup,M-2018-50,Uruguay v Portugal,round of 16,not applicable,0.0,1.0,0.0,0.0,6/30/2018,21:00,S-124,Fisht Olympic Stadium,Sochi,Russia,T-81,Uruguay,URY,T-56,Portugal,PRT,21,2.0,1.0,1.0,-1.0,0.0,0.0,0-0,0.0,0.0,home team win,1.0,0.0,0.0,172962,https://sofifa.com/player/172962/victor-moses/20/159586,V. Moses,Victor Moses,28,1990-12-12,177,77,Nigeria,Fenerbahçe SK,"RM, RWB",Right,RM,11.0
887.0,WC-2018,2018 FIFA World Cup,M-2018-51,Spain v Russia,round of 16,not applicable,0.0,1.0,0.0,0.0,7/1/2018,17:00,S-117,Luzhniki Stadium,Moscow,Russia,T-71,Spain,ESP,T-60,Russia,RUS,11,1.0,1.0,0.0,0.0,1.0,1.0,34,3.0,4.0,away team win,0.0,1.0,0.0,173306,https://sofifa.com/player/173306/cristian-ansaldi/20/159586,C. Ansaldi,Cristian Daniel Ansaldi,32,1986-09-20,181,76,Argentina,Torino,"LM, LB",Left,LM,15.0
888.0,WC-2018,2018 FIFA World Cup,M-2018-52,Croatia v Denmark,round of 16,not applicable,0.0,1.0,0.0,0.0,7/1/2018,21:00,S-119,Nizhny Novgorod Stadium,Nizhny Novgorod,Russia,T-17,Croatia,HRV,T-21,Denmark,DNK,11,1.0,1.0,0.0,0.0,1.0,1.0,32,3.0,2.0,home team win,1.0,0.0,0.0,173426,https://sofifa.com/player/173426/simon-mignolet/20/159586,S. Mignolet,Simon Mignolet,31,1988-03-06,193,87,Belgium,Club Brugge KV,GK,Right,GK,88.0
889.0,WC-2018,2018 FIFA World Cup,M-2018-53,Brazil v Mexico,round of 16,not applicable,0.0,1.0,0.0,0.0,7/2/2018,18:00,S-122,Samara Arena,Samara,Russia,T-09,Brazil,BRA,T-44,Mexico,MEX,20,2.0,0.0,2.0,-2.0,0.0,0.0,0-0,0.0,0.0,home team win,1.0,0.0,0.0,173432,https://sofifa.com/player/173432/hector-moreno/20/159586,H. Moreno,Héctor Alfredo Moreno Herrera,31,1988-01-17,183,80,Mexico,Mexico,CB,Left,Unknown,11.0
890.0,WC-2018,2018 FIFA World Cup,M-2018-54,Belgium v Japan,round of 16,not applicable,0.0,1.0,0.0,0.0,7/2/2018,21:00,S-120,Rostov Arena,Rostov-on-Don,Russia,T-06,Belgium,BEL,T-42,Japan,JPN,32,3.0,2.0,1.0,-1.0,0.0,0.0,0-0,0.0,0.0,home team win,1.0,0.0,0.0,173546,https://sofifa.com/player/173546/james-tomkins/20/159586,J. Tomkins,James Tomkins,30,1989-03-29,192,74,England,Crystal Palace,CB,Right,SUB,5.0
891.0,WC-2018,2018 FIFA World Cup,M-2018-55,Sweden v Switzerland,round of 16,not applicable,0.0,1.0,0.0,0.0,7/3/2018,17:00,S-121,Krestovsky Stadium,Saint Petersburg,Russia,T-72,Sweden,SWE,T-73,Switzerland,CHE,10,1.0,0.0,1.0,-1.0,0.0,0.0,0-0,0.0,0.0,home team win,1.0,0.0,0.0,175254,https://sofifa.com/player/175254/felipe-caicedo/20/159586,F. Caicedo,Felipe Salvador Caicedo Corozo,30,1988-09-05,183,82,Ecuador,Lazio,"CF, ST",Left,SUB,20.0
892.0,WC-2018,2018 FIFA World Cup,M-2018-56,Colombia v England,round of 16,not applicable,0.0,1.0,0.0,0.0,7/3/2018,21:00,S-118,Otkritie Arena,Moscow,Russia,T-15,Colombia,COL,T-27,England,ENG,11,1.0,1.0,0.0,0.0,1.0,1.0,34,3.0,4.0,away team win,0.0,1.0,0.0,176104,https://sofifa.com/player/176104/valter-birsa/20/159586,V. Birsa,Valter Birsa,32,1986-08-07,184,81,Slovenia,Cagliari,"CAM, RW",Left,SUB,14.0
893.0,WC-2018,2018 FIFA World Cup,M-2018-57,Uruguay v France,quarter-finals,not applicable,0.0,1.0,0.0,0.0,7/6/2018,17:00,S-119,Nizhny Novgorod Stadium,Nizhny Novgorod,Russia,T-81,Uruguay,URY,T-28,France,FRA,02,0.0,2.0,-2.0,2.0,0.0,0.0,0-0,0.0,0.0,away team win,0.0,1.0,0.0,177392,https://sofifa.com/player/177392/dieumerci-mbokani/20/159586,D. Mbokani,Dieumerci Mbokani Bezua,33,1985-11-22,185,73,DR Congo,Royal Antwerp FC,ST,Right,ST,70.0
894.0,WC-2018,2018 FIFA World Cup,M-2018-58,Brazil v Belgium,quarter-finals,not applicable,0.0,1.0,0.0,0.0,7/6/2018,21:00,S-116,Kazan Arena,Kazan,Russia,T-09,Brazil,BRA,T-06,Belgium,BEL,12,1.0,2.0,-1.0,1.0,0.0,0.0,0-0,0.0,0.0,away team win,0.0,1.0,0.0,177983,https://sofifa.com/player/177983/cristian-zapata/20/159586,C. Zapata,Cristian Eduardo Zapata Valencia,32,1986-09-30,186,78,Colombia,Genoa,CB,Right,CB,2.0
895.0,WC-2018,2018 FIFA World Cup,M-2018-59,Sweden v England,quarter-finals,not applicable,0.0,1.0,0.0,0.0,7/7/2018,18:00,S-122,Samara Arena,Samara,Russia,T-72,Sweden,SWE,T-27,England,ENG,02,0.0,2.0,-2.0,2.0,0.0,0.0,0-0,0.0,0.0,away team win,0.0,1.0,0.0,178224,https://sofifa.com/player/178224/javier-hernandez/20/159586,J. Hernández,Javier Hernández Balcázar,31,1988-06-01,175,73,Mexico,West Ham United,ST,Right,SUB,9.0
896.0,WC-2018,2018 FIFA World Cup,M-2018-60,Russia v Croatia,quarter-finals,not applicable,0.0,1.0,0.0,0.0,7/7/2018,21:00,S-124,Fisht Olympic Stadium,Sochi,Russia,T-60,Russia,RUS,T-17,Croatia,HRV,22,2.0,2.0,0.0,0.0,1.0,1.0,34,3.0,4.0,away team win,0.0,1.0,0.0,178250,https://sofifa.com/player/178250/papakouli-diop/20/159586,P. Diop,Papa Kouly Diop,33,1986-03-19,179,77,Senegal,SD Eibar,"CDM, CM",Right,SUB,8.0
897.0,WC-2018,2018 FIFA World Cup,M-2018-61,France v Belgium,semi-finals,not applicable,0.0,1.0,0.0,0.0,7/10/2018,21:00,S-121,Krestovsky Stadium,Saint Petersburg,Russia,T-28,France,FRA,T-06,Belgium,BEL,10,1.0,0.0,1.0,-1.0,0.0,0.0,0-0,0.0,0.0,home team win,1.0,0.0,0.0,179560,https://sofifa.com/player/179560/miralem-sulejmani/20/159586,M. Sulejmani,Miralem Sulejmani,30,1988-12-05,179,73,Serbia,BSC Young Boys,LM,Left,LM,10.0
898.0,WC-2018,2018 FIFA World Cup,M-2018-62,Croatia v England,semi-finals,not applicable,0.0,1.0,0.0,0.0,7/11/2018,21:00,S-117,Luzhniki Stadium,Moscow,Russia,T-17,Croatia,HRV,T-27,England,ENG,21,2.0,1.0,1.0,-1.0,1.0,0.0,0-0,0.0,0.0,home team win,1.0,0.0,0.0,179789,https://sofifa.com/player/179789/damien-da-silva/20/159586,D. Da Silva,Damien Da Silva,31,1988-05-17,184,82,France,Stade Rennais FC,CB,Right,RCB,3.0
899.0,WC-2018,2018 FIFA World Cup,M-2018-63,Belgium v England,third-place match,not applicable,0.0,1.0,0.0,0.0,7/14/2018,17:00,S-121,Krestovsky Stadium,Saint Petersburg,Russia,T-06,Belgium,BEL,T-27,England,ENG,20,2.0,0.0,2.0,-2.0,0.0,0.0,0-0,0.0,0.0,home team win,1.0,0.0,0.0,180334,https://sofifa.com/player/180334/marcelo-antonio-guedes-filho/20/159586,Marcelo,Marcelo Antônio Guedes Filho,32,1987-05-20,191,85,Brazil,Olympique Lyonnais,CB,Right,SUB,6.0
900.0,WC-2018,2018 FIFA World Cup,M-2018-64,France v Croatia,final,not applicable,0.0,1.0,0.0,0.0,7/15/2018,18:00,S-117,Luzhniki Stadium,Moscow,Russia,T-28,France,FRA,T-17,Croatia,HRV,42,4.0,2.0,2.0,-2.0,0.0,0.0,0-0,0.0,0.0,home team win,1.0,0.0,0.0,180714,https://sofifa.com/player/180714/guilherme-alvim-marinato/20/159586,Guilherme,Guilherme Alvim Marinato,33,1985-12-12,195,95,Russia,Lokomotiv Moscow,GK,Right,GK,1.0
901.0,WC-2022,2022 FIFA World Cup,M-2022-01,Qatar v Ecuador,group stage,Group A,1.0,0.0,0.0,0.0,11/20/2022,19:00,S-107,Al Bayt Stadium,Al Khor,Qatar,T-57,Qatar,QAT,T-24,Ecuador,ECU,02,0.0,2.0,-2.0,2.0,0.0,0.0,0-0,0.0,0.0,away team win,0.0,1.0,0.0,181820,https://sofifa.com/player/181820/stevan-jovetic/20/159586,S. Jovetić,Stevan Jovetić,29,1989-11-02,183,79,Montenegro,AS Monaco,ST,Right,RES,10.0
902.0,WC-2022,2022 FIFA World Cup,M-2022-02,England v Iran,group stage,Group B,1.0,0.0,0.0,0.0,11/21/2022,16:00,S-110,Khalifa International Stadium,Al Rayyan,Qatar,T-27,England,ENG,T-36,Iran,IRN,62,6.0,2.0,4.0,-4.0,0.0,0.0,0-0,0.0,0.0,home team win,1.0,0.0,0.0,182495,https://sofifa.com/player/182495/martin-caceres/20/159586,M. Cáceres,Martín Cáceres,32,1987-04-07,180,78,Uruguay,Lazio,"CB, RB",Right,RES,2.0
903.0,WC-2022,2022 FIFA World Cup,M-2022-03,Senegal v Netherlands,group stage,Group A,1.0,0.0,0.0,0.0,11/21/2022,19:00,S-112,Al Thumama Stadium,Doha,Qatar,T-63,Senegal,SEN,T-46,Netherlands,NLD,02,0.0,2.0,-2.0,2.0,0.0,0.0,0-0,0.0,0.0,away team win,0.0,1.0,0.0,182744,https://sofifa.com/player/182744/jose-holebas/20/159586,J. Holebas,Jose Holebas,35,1984-06-27,185,81,Greece,Watford,LB,Left,LB,25.0
904.0,WC-2022,2022 FIFA World Cup,M-2022-04,United States v Wales,group stage,Group B,1.0,0.0,0.0,0.0,11/21/2022,22:00,S-108,Ahmad bin Ali Stadium,Al Rayyan,Qatar,T-80,United States,USA,T-82,Wales,WAL,11,1.0,1.0,0.0,0.0,0.0,0.0,0-0,0.0,0.0,draw,0.0,0.0,1.0,183108,https://sofifa.com/player/183108/nordin-amrabat/20/159586,N. Amrabat,Nordin Amrabat,32,1987-03-31,180,85,Morocco,Al Nassr,"RM, LM, ST",Right,RM,11.0
905.0,WC-2022,2022 FIFA World Cup,M-2022-05,Argentina v Saudi Arabia,group stage,Group C,1.0,0.0,0.0,0.0,11/22/2022,13:00,S-114,Lusail Stadium,Lusail,Qatar,T-03,Argentina,ARG,T-61,Saudi Arabia,SAU,12,1.0,2.0,-1.0,1.0,0.0,0.0,0-0,0.0,0.0,away team win,0.0,1.0,0.0,183125,https://sofifa.com/player/183125/troy-deeney/20/159586,T. Deeney,Troy Deeney,31,1988-06-29,183,90,England,Watford,ST,Right,LS,9.0
906.0,WC-2022,2022 FIFA World Cup,M-2022-06,Denmark v Tunisia,group stage,Group D,1.0,0.0,0.0,0.0,11/22/2022,16:00,S-109,Education City Stadium,Al Rayyan,Qatar,T-21,Denmark,DNK,T-76,Tunisia,TUN,00,0.0,0.0,0.0,0.0,0.0,0.0,0-0,0.0,0.0,draw,0.0,0.0,1.0,183376,https://sofifa.com/player/183376/ljubomir-fejsa/20/159586,L. Fejsa,Ljubomir Fejsa,30,1988-08-14,184,80,Serbia,SL Benfica,CDM,Right,SUB,5.0
907.0,WC-2022,2022 FIFA World Cup,M-2022-07,Mexico v Poland,group stage,Group C,1.0,0.0,0.0,0.0,11/22/2022,19:00,S-113,Stadium 974,Doha,Qatar,T-44,Mexico,MEX,T-55,Poland,POL,00,0.0,0.0,0.0,0.0,0.0,0.0,0-0,0.0,0.0,draw,0.0,0.0,1.0,183426,https://sofifa.com/player/183426/daniel-schwaab/20/159586,D. Schwaab,Daniel Schwaab,30,1988-08-23,186,76,Germany,PSV,CB,Right,SUB,6.0
908.0,WC-2022,2022 FIFA World Cup,M-2022-08,France v Australia,group stage,Group D,1.0,0.0,0.0,0.0,11/22/2022,22:00,S-111,Al Janoub Stadium,Al Wakrah,Qatar,T-28,France,FRA,T-04,Australia,AUS,41,4.0,1.0,3.0,-3.0,0.0,0.0,0-0,0.0,0.0,home team win,1.0,0.0,0.0,183497,https://sofifa.com/player/183497/orestis-karnezis/20/159586,O. Karnezis,Orestis Karnezis,33,1985-07-11,190,81,Greece,Napoli,GK,Right,SUB,27.0
909.0,WC-2022,2022 FIFA World Cup,M-2022-09,Morocco v Croatia,group stage,Group F,1.0,0.0,0.0,0.0,11/23/2022,13:00,S-107,Al Bayt Stadium,Al Khor,Qatar,T-45,Morocco,MAR,T-17,Croatia,HRV,00,0.0,0.0,0.0,0.0,0.0,0.0,0-0,0.0,0.0,draw,0.0,0.0,1.0,183580,https://sofifa.com/player/183580/nils-petersen/20/159586,N. Petersen,Nils Petersen,30,1988-12-06,188,82,Germany,SC Freiburg,ST,Right,LS,18.0
910.0,WC-2022,2022 FIFA World Cup,M-2022-10,Germany v Japan,group stage,Group E,1.0,0.0,0.0,0.0,11/23/2022,16:00,S-110,Khalifa International Stadium,Al Rayyan,Qatar,T-29,Germany,DEU,T-42,Japan,JPN,12,1.0,2.0,-1.0,1.0,0.0,0.0,0-0,0.0,0.0,away team win,0.0,1.0,0.0,183899,https://sofifa.com/player/183899/pablo-piatti/20/159586,P. Piatti,Pablo Daniel Piatti,30,1989-03-31,163,63,Argentina,RCD Espanyol,"LM, RM, LW",Left,SUB,19.0
911.0,WC-2022,2022 FIFA World Cup,M-2022-11,Spain v Costa Rica,group stage,Group E,1.0,0.0,0.0,0.0,11/23/2022,19:00,S-112,Al Thumama Stadium,Doha,Qatar,T-71,Spain,ESP,T-16,Costa Rica,CRI,70,7.0,0.0,7.0,-7.0,0.0,0.0,0-0,0.0,0.0,home team win,1.0,0.0,0.0,184069,https://sofifa.com/player/184069/sandro-wagner/20/159586,S. Wagner,Sandro Wagner,31,1987-11-29,194,92,Germany,Tianjin TEDA FC,ST,Right,RS,9.0
912.0,WC-2022,2022 FIFA World Cup,M-2022-12,Belgium v Canada,group stage,Group F,1.0,0.0,0.0,0.0,11/23/2022,22:00,S-108,Ahmad bin Ali Stadium,Al Rayyan,Qatar,T-06,Belgium,BEL,T-12,Canada,CAN,10,1.0,0.0,1.0,-1.0,0.0,0.0,0-0,0.0,0.0,home team win,1.0,0.0,0.0,184120,https://sofifa.com/player/184120/bruno-soriano-llido/20/159586,Bruno,Bruno  Soriano Llido,35,1984-06-12,184,73,Spain,Villarreal CF,"CM, CDM",Left,RDM,21.0
913.0,WC-2022,2022 FIFA World Cup,M-2022-13,Switzerland v Cameroon,group stage,Group G,1.0,0.0,0.0,0.0,11/24/2022,13:00,S-111,Al Janoub Stadium,Al Wakrah,Qatar,T-73,Switzerland,CHE,T-11,Cameroon,CMR,10,1.0,0.0,1.0,-1.0,0.0,0.0,0-0,0.0,0.0,home team win,1.0,0.0,0.0,184826,https://sofifa.com/player/184826/adrien-s-perruchet-silva/20/159586,Adrien Silva,Adrien Sebastian Perruchet Silva,30,1989-03-15,175,69,Portugal,Leicester City,"CM, CDM",Right,RES,23.0
914.0,WC-2022,2022 FIFA World Cup,M-2022-14,Uruguay v South Korea,group stage,Group H,1.0,0.0,0.0,0.0,11/24/2022,16:00,S-109,Education City Stadium,Al Rayyan,Qatar,T-81,Uruguay,URY,T-69,South Korea,KOR,00,0.0,0.0,0.0,0.0,0.0,0.0,0-0,0.0,0.0,draw,0.0,0.0,1.0,185132,https://sofifa.com/player/185132/mikel-san-jose-dominguez/20/159586,Mikel San José,Mikel San José Domínguez,30,1989-05-30,187,79,Spain,Athletic Club de Bilbao,"CM, CDM",Right,SUB,6.0
915.0,WC-2022,2022 FIFA World Cup,M-2022-15,Portugal v Ghana,group stage,Group H,1.0,0.0,0.0,0.0,11/24/2022,19:00,S-113,Stadium 974,Doha,Qatar,T-56,Portugal,PRT,T-30,Ghana,GHA,32,3.0,2.0,1.0,-1.0,0.0,0.0,0-0,0.0,0.0,home team win,1.0,0.0,0.0,186146,https://sofifa.com/player/186146/danny-welbeck/20/159586,D. Welbeck,Daniel Nii Tackie Mensah Welbeck,28,1990-11-26,185,73,England,Watford,"ST, LW",Right,SUB,10.0
916.0,WC-2022,2022 FIFA World Cup,M-2022-16,Brazil v Serbia,group stage,Group G,1.0,0.0,0.0,0.0,11/24/2022,22:00,S-114,Lusail Stadium,Lusail,Qatar,T-09,Brazil,BRA,T-64,Serbia,SRB,20,2.0,0.0,2.0,-2.0,0.0,0.0,0-0,0.0,0.0,home team win,1.0,0.0,0.0,186148,https://sofifa.com/player/186148/ron-robert-zieler/20/159586,R. Zieler,Ron-Robert Zieler,30,1989-02-12,188,81,Germany,Hannover 96,GK,Right,GK,1.0
917.0,WC-2022,2022 FIFA World Cup,M-2022-17,Wales v Iran,group stage,Group B,1.0,0.0,0.0,0.0,11/25/2022,13:00,S-108,Ahmad bin Ali Stadium,Al Rayyan,Qatar,T-82,Wales,WAL,T-36,Iran,IRN,02,0.0,2.0,-2.0,2.0,0.0,0.0,0-0,0.0,0.0,away team win,0.0,1.0,0.0,186905,https://sofifa.com/player/186905/ashley-barnes/20/159586,A. Barnes,Ashley Barnes,29,1989-10-30,186,84,England,Burnley,ST,Right,LS,10.0
918.0,WC-2022,2022 FIFA World Cup,M-2022-18,Qatar v Senegal,group stage,Group A,1.0,0.0,0.0,0.0,11/25/2022,16:00,S-112,Al Thumama Stadium,Doha,Qatar,T-57,Qatar,QAT,T-63,Senegal,SEN,13,1.0,3.0,-2.0,2.0,0.0,0.0,0-0,0.0,0.0,away team win,0.0,1.0,0.0,187607,https://sofifa.com/player/187607/artem-dzyuba/20/159586,A. Dzyuba,Artem Dzyuba,30,1988-08-22,196,91,Russia,Russia,ST,Right,Unknown,11.0
919.0,WC-2022,2022 FIFA World Cup,M-2022-19,Netherlands v Ecuador,group stage,Group A,1.0,0.0,0.0,0.0,11/25/2022,19:00,S-110,Khalifa International Stadium,Al Rayyan,Qatar,T-46,Netherlands,NLD,T-24,Ecuador,ECU,11,1.0,1.0,0.0,0.0,0.0,0.0,0-0,0.0,0.0,draw,0.0,0.0,1.0,187924,https://sofifa.com/player/187924/clement-grenier/20/159586,C. Grenier,Clément Grenier,28,1991-01-07,186,72,France,Stade Rennais FC,"CM, CDM",Right,LCM,8.0
920.0,WC-2022,2022 FIFA World Cup,M-2022-20,England v United States,group stage,Group B,1.0,0.0,0.0,0.0,11/25/2022,22:00,S-107,Al Bayt Stadium,Al Khor,Qatar,T-27,England,ENG,T-80,United States,USA,00,0.0,0.0,0.0,0.0,0.0,0.0,0-0,0.0,0.0,draw,0.0,0.0,1.0,188005,https://sofifa.com/player/188005/ignacio-camacho-barnola/20/159586,Camacho,Ignacio Camacho Barnola,29,1990-05-04,183,75,Spain,VfL Wolfsburg,"CDM, CB",Right,SUB,4.0
921.0,WC-2022,2022 FIFA World Cup,M-2022-21,Tunisia v Australia,group stage,Group D,1.0,0.0,0.0,0.0,11/26/2022,13:00,S-111,Al Janoub Stadium,Al Wakrah,Qatar,T-76,Tunisia,TUN,T-04,Australia,AUS,01,0.0,1.0,-1.0,1.0,0.0,0.0,0-0,0.0,0.0,away team win,0.0,1.0,0.0,188041,https://sofifa.com/player/188041/rafael-de-souza-pereira/20/159586,Rafael Carioca,Rafael de Souza Pereira,30,1989-06-18,179,72,Brazil,Tigres U.A.N.L.,"CDM, CM",Right,LDM,5.0
922.0,WC-2022,2022 FIFA World Cup,M-2022-22,Poland v Saudi Arabia,group stage,Group C,1.0,0.0,0.0,0.0,11/26/2022,16:00,S-109,Education City Stadium,Al Rayyan,Qatar,T-55,Poland,POL,T-61,Saudi Arabia,SAU,20,2.0,0.0,2.0,-2.0,0.0,0.0,0-0,0.0,0.0,home team win,1.0,0.0,0.0,188044,https://sofifa.com/player/188044/alan-douglas-borges-de-carvalho/20/159586,Alan Carvalho,Alan Douglas Borges de Carvalho,29,1989-07-10,184,72,Brazil,Tianjin Quanjian FC,"ST, CAM",Right,CAM,7.0
923.0,WC-2022,2022 FIFA World Cup,M-2022-23,France v Denmark,group stage,Group D,1.0,0.0,0.0,0.0,11/26/2022,19:00,S-113,Stadium 974,Doha,Qatar,T-28,France,FRA,T-21,Denmark,DNK,21,2.0,1.0,1.0,-1.0,0.0,0.0,0-0,0.0,0.0,home team win,1.0,0.0,0.0,188388,https://sofifa.com/player/188388/ryad-boudebouz/20/159586,R. Boudebouz,Ryad Boudebouz,29,1990-02-19,177,74,Algeria,AS Saint-Étienne,"CAM, RM",Left,CAM,7.0
924.0,WC-2022,2022 FIFA World Cup,M-2022-24,Argentina v Mexico,group stage,Group C,1.0,0.0,0.0,0.0,11/26/2022,22:00,S-114,Lusail Stadium,Lusail,Qatar,T-03,Argentina,ARG,T-44,Mexico,MEX,20,2.0,0.0,2.0,-2.0,0.0,0.0,0-0,0.0,0.0,home team win,1.0,0.0,0.0,188770,https://sofifa.com/player/188770/admir-mehmedi/20/159586,A. Mehmedi,Admir Mehmedi,28,1991-03-16,183,78,Switzerland,VfL Wolfsburg,"CF, LW, RW",Right,SUB,14.0
925.0,WC-2022,2022 FIFA World Cup,M-2022-25,Japan v Costa Rica,group stage,Group E,1.0,0.0,0.0,0.0,11/27/2022,13:00,S-108,Ahmad bin Ali Stadium,Al Rayyan,Qatar,T-42,Japan,JPN,T-16,Costa Rica,CRI,01,0.0,1.0,-1.0,1.0,0.0,0.0,0-0,0.0,0.0,away team win,0.0,1.0,0.0,189156,https://sofifa.com/player/189156/daniel-filipe-martins-carrico/20/159586,Daniel Carriço,Daniel Filipe Martins Carriço,30,1988-08-04,180,80,Portugal,Sevilla FC,CB,Right,SUB,6.0
926.0,WC-2022,2022 FIFA World Cup,M-2022-26,Belgium v Morocco,group stage,Group F,1.0,0.0,0.0,0.0,11/27/2022,16:00,S-112,Al Thumama Stadium,Doha,Qatar,T-06,Belgium,BEL,T-45,Morocco,MAR,02,0.0,2.0,-2.0,2.0,0.0,0.0,0-0,0.0,0.0,away team win,0.0,1.0,0.0,189251,https://sofifa.com/player/189251/sebastian-rudy/20/159586,S. Rudy,Sebastian Rudy,29,1990-02-28,179,74,Germany,TSG 1899 Hoffenheim,"CDM, CM, RB",Right,RCM,16.0
927.0,WC-2022,2022 FIFA World Cup,M-2022-27,Croatia v Canada,group stage,Group F,1.0,0.0,0.0,0.0,11/27/2022,19:00,S-110,Khalifa International Stadium,Al Rayyan,Qatar,T-17,Croatia,HRV,T-12,Canada,CAN,41,4.0,1.0,3.0,-3.0,0.0,0.0,0-0,0.0,0.0,home team win,1.0,0.0,0.0,189423,https://sofifa.com/player/189423/josef-de-souza-dias/20/159586,Souza,Josef de Souza Dias,30,1989-02-11,188,80,Brazil,Al Ahli,"CDM, CM",Right,CDM,6.0
928.0,WC-2022,2022 FIFA World Cup,M-2022-28,Spain v Germany,group stage,Group E,1.0,0.0,0.0,0.0,11/27/2022,22:00,S-107,Al Bayt Stadium,Al Khor,Qatar,T-71,Spain,ESP,T-29,Germany,DEU,11,1.0,1.0,0.0,0.0,0.0,0.0,0-0,0.0,0.0,draw,0.0,0.0,1.0,189433,https://sofifa.com/player/189433/benjamin-hubner/20/159586,B. Hübner,Benjamin Hübner,29,1989-07-04,193,86,Germany,TSG 1899 Hoffenheim,CB,Left,LCB,21.0
929.0,WC-2022,2022 FIFA World Cup,M-2022-29,Cameroon v Serbia,group stage,Group G,1.0,0.0,0.0,0.0,11/28/2022,13:00,S-111,Al Janoub Stadium,Al Wakrah,Qatar,T-11,Cameroon,CMR,T-64,Serbia,SRB,33,3.0,3.0,0.0,0.0,0.0,0.0,0-0,0.0,0.0,draw,0.0,0.0,1.0,189560,https://sofifa.com/player/189560/vicente-iborra-de-la-fuente/20/159586,Iborra,Vicente Iborra de la Fuente,31,1988-01-16,190,80,Spain,Villarreal CF,"CM, CDM",Right,SUB,10.0
930.0,WC-2022,2022 FIFA World Cup,M-2022-30,South Korea v Ghana,group stage,Group H,1.0,0.0,0.0,0.0,11/28/2022,16:00,S-109,Education City Stadium,Al Rayyan,Qatar,T-69,South Korea,KOR,T-30,Ghana,GHA,23,2.0,3.0,-1.0,1.0,0.0,0.0,0-0,0.0,0.0,away team win,0.0,1.0,0.0,189606,https://sofifa.com/player/189606/julian-baumgartlinger/20/159586,J. Baumgartlinger,Julian Baumgartlinger,31,1988-01-02,184,86,Austria,Bayer 04 Leverkusen,CDM,Right,RCM,15.0
931.0,WC-2022,2022 FIFA World Cup,M-2022-31,Brazil v Switzerland,group stage,Group G,1.0,0.0,0.0,0.0,11/28/2022,19:00,S-113,Stadium 974,Doha,Qatar,T-09,Brazil,BRA,T-73,Switzerland,CHE,10,1.0,0.0,1.0,-1.0,0.0,0.0,0-0,0.0,0.0,home team win,1.0,0.0,0.0,189681,https://sofifa.com/player/189681/rafael-pereira-da-silva/20/159586,Rafael,Rafael Pereira da Silva,28,1990-07-09,172,78,Brazil,Olympique Lyonnais,RB,Right,SUB,4.0
932.0,WC-2022,2022 FIFA World Cup,M-2022-32,Portugal v Uruguay,group stage,Group H,1.0,0.0,0.0,0.0,11/28/2022,22:00,S-114,Lusail Stadium,Lusail,Qatar,T-56,Portugal,PRT,T-81,Uruguay,URY,20,2.0,0.0,2.0,-2.0,0.0,0.0,0-0,0.0,0.0,home team win,1.0,0.0,0.0,189682,https://sofifa.com/player/189682/ben-mee/20/159586,B. Mee,Ben Mee,29,1989-09-23,183,82,England,Burnley,CB,Left,LCB,6.0
933.0,WC-2022,2022 FIFA World Cup,M-2022-33,Ecuador v Senegal,group stage,Group A,1.0,0.0,0.0,0.0,11/29/2022,18:00,S-110,Khalifa International Stadium,Al Rayyan,Qatar,T-24,Ecuador,ECU,T-63,Senegal,SEN,12,1.0,2.0,-1.0,1.0,0.0,0.0,0-0,0.0,0.0,away team win,0.0,1.0,0.0,190149,https://sofifa.com/player/190149/oscar-de-marcos-arana/20/159586,De Marcos,Óscar de Marcos Arana,30,1989-04-14,182,80,Spain,Athletic Club de Bilbao,"RB, RW",Right,SUB,18.0
934.0,WC-2022,2022 FIFA World Cup,M-2022-34,Netherlands v Qatar,group stage,Group A,1.0,0.0,0.0,0.0,11/29/2022,18:00,S-107,Al Bayt Stadium,Al Khor,Qatar,T-46,Netherlands,NLD,T-57,Qatar,QAT,20,2.0,0.0,2.0,-2.0,0.0,0.0,0-0,0.0,0.0,home team win,1.0,0.0,0.0,190243,https://sofifa.com/player/190243/marwin-hitz/20/159586,M. Hitz,Marwin Hitz,31,1987-09-18,194,89,Switzerland,Borussia Dortmund,GK,Right,SUB,35.0
935.0,WC-2022,2022 FIFA World Cup,M-2022-35,Iran v United States,group stage,Group B,1.0,0.0,0.0,0.0,11/29/2022,22:00,S-112,Al Thumama Stadium,Doha,Qatar,T-36,Iran,IRN,T-80,United States,USA,01,0.0,1.0,-1.0,1.0,0.0,0.0,0-0,0.0,0.0,away team win,0.0,1.0,0.0,190456,https://sofifa.com/player/190456/nathaniel-clyne/20/159586,N. Clyne,Nathaniel Edwin Clyne,28,1991-04-05,175,67,England,Liverpool,RB,Right,SUB,2.0
936.0,WC-2022,2022 FIFA World Cup,M-2022-36,Wales v England,group stage,Group B,1.0,0.0,0.0,0.0,11/29/2022,22:00,S-108,Ahmad bin Ali Stadium,Al Rayyan,Qatar,T-82,Wales,WAL,T-27,England,ENG,03,0.0,3.0,-3.0,3.0,0.0,0.0,0-0,0.0,0.0,away team win,0.0,1.0,0.0,190674,https://sofifa.com/player/190674/benjamin-andre/20/159586,B. André,Benjamin André,28,1990-08-03,180,76,France,LOSC Lille,"CM, CDM",Right,RDM,21.0
937.0,WC-2022,2022 FIFA World Cup,M-2022-37,Australia v Denmark,group stage,Group D,1.0,0.0,0.0,0.0,11/30/2022,18:00,S-111,Al Janoub Stadium,Al Wakrah,Qatar,T-04,Australia,AUS,T-21,Denmark,DNK,10,1.0,0.0,1.0,-1.0,0.0,0.0,0-0,0.0,0.0,home team win,1.0,0.0,0.0,190717,https://sofifa.com/player/190717/michail-antonio/20/159586,M. Antonio,Michail Antonio,29,1990-03-28,178,82,England,West Ham United,"RM, ST",Right,SUB,30.0
938.0,WC-2022,2022 FIFA World Cup,M-2022-38,Tunisia v France,group stage,Group D,1.0,0.0,0.0,0.0,11/30/2022,18:00,S-109,Education City Stadium,Al Rayyan,Qatar,T-76,Tunisia,TUN,T-28,France,FRA,10,1.0,0.0,1.0,-1.0,0.0,0.0,0-0,0.0,0.0,home team win,1.0,0.0,0.0,190765,https://sofifa.com/player/190765/pascal-gross/20/159586,P. Groß,Pascal Groß,28,1991-06-15,181,78,Germany,Brighton & Hove Albion,"CM, CAM, RW",Right,RW,13.0
939.0,WC-2022,2022 FIFA World Cup,M-2022-39,Poland v Argentina,group stage,Group C,1.0,0.0,0.0,0.0,11/30/2022,22:00,S-113,Stadium 974,Doha,Qatar,T-55,Poland,POL,T-03,Argentina,ARG,02,0.0,2.0,-2.0,2.0,0.0,0.0,0-0,0.0,0.0,away team win,0.0,1.0,0.0,191076,https://sofifa.com/player/191076/johann-berg-gudhmundsson/20/159586,J. Guðmundsson,Johann  Berg Guðmunds­son,28,1990-10-27,179,77,Iceland,Burnley,"RM, LM",Left,RM,7.0
940.0,WC-2022,2022 FIFA World Cup,M-2022-40,Saudi Arabia v Mexico,group stage,Group C,1.0,0.0,0.0,0.0,11/30/2022,22:00,S-114,Lusail Stadium,Lusail,Qatar,T-61,Saudi Arabia,SAU,T-44,Mexico,MEX,12,1.0,2.0,-1.0,1.0,0.0,0.0,0-0,0.0,0.0,away team win,0.0,1.0,0.0,192445,https://sofifa.com/player/192445/daniel-ginczek/20/159586,D. Ginczek,Daniel Ginczek,28,1991-04-13,190,85,Germany,VfL Wolfsburg,"ST, RW",Right,RES,33.0
941.0,WC-2022,2022 FIFA World Cup,M-2022-41,Canada v Morocco,group stage,Group F,1.0,0.0,0.0,0.0,12/1/2022,18:00,S-112,Al Thumama Stadium,Doha,Qatar,T-12,Canada,CAN,T-45,Morocco,MAR,12,1.0,2.0,-1.0,1.0,0.0,0.0,0-0,0.0,0.0,away team win,0.0,1.0,0.0,193011,https://sofifa.com/player/193011/steve-cook/20/159586,S. Cook,Steve Cook,28,1991-04-19,185,82,England,Bournemouth,CB,Right,RCB,3.0
942.0,WC-2022,2022 FIFA World Cup,M-2022-42,Croatia v Belgium,group stage,Group F,1.0,0.0,0.0,0.0,12/1/2022,18:00,S-108,Ahmad bin Ali Stadium,Al Rayyan,Qatar,T-17,Croatia,HRV,T-06,Belgium,BEL,00,0.0,0.0,0.0,0.0,0.0,0.0,0-0,0.0,0.0,draw,0.0,0.0,1.0,193171,https://sofifa.com/player/193171/jaume-vicent-costa-jorda/20/159586,Jaume Costa,Jaume Vicent Costa Jordá,31,1988-03-18,171,62,Spain,Valencia CF,LB,Left,SUB,3.0
943.0,WC-2022,2022 FIFA World Cup,M-2022-43,Costa Rica v Germany,group stage,Group E,1.0,0.0,0.0,0.0,12/1/2022,22:00,S-107,Al Bayt Stadium,Al Khor,Qatar,T-16,Costa Rica,CRI,T-29,Germany,DEU,24,2.0,4.0,-2.0,2.0,0.0,0.0,0-0,0.0,0.0,away team win,0.0,1.0,0.0,193361,https://sofifa.com/player/193361/roberto-soriano/20/159586,R. Soriano,Roberto Soriano,28,1991-02-08,182,76,Italy,Bologna,"CAM, CM, LM",Right,CAM,21.0
944.0,WC-2022,2022 FIFA World Cup,M-2022-44,Japan v Spain,group stage,Group E,1.0,0.0,0.0,0.0,12/1/2022,22:00,S-110,Khalifa International Stadium,Al Rayyan,Qatar,T-42,Japan,JPN,T-71,Spain,ESP,21,2.0,1.0,1.0,-1.0,0.0,0.0,0-0,0.0,0.0,home team win,1.0,0.0,0.0,193532,https://sofifa.com/player/193532/gary-medel/20/159586,G. Medel,Gary Alexis Medel Soto,31,1987-08-03,171,65,Chile,Beşiktaş JK,"CDM, CB",Right,RDM,6.0
945.0,WC-2022,2022 FIFA World Cup,M-2022-45,Ghana v Uruguay,group stage,Group H,1.0,0.0,0.0,0.0,12/2/2022,18:00,S-111,Al Janoub Stadium,Al Wakrah,Qatar,T-30,Ghana,GHA,T-81,Uruguay,URY,02,0.0,2.0,-2.0,2.0,0.0,0.0,0-0,0.0,0.0,away team win,0.0,1.0,0.0,193886,https://sofifa.com/player/193886/daniel-didavi/20/159586,D. Didavi,Daniel Didavi,29,1990-02-21,180,77,Germany,VfB Stuttgart,"CAM, CM",Left,CAM,10.0
946.0,WC-2022,2022 FIFA World Cup,M-2022-46,South Korea v Portugal,group stage,Group H,1.0,0.0,0.0,0.0,12/2/2022,18:00,S-109,Education City Stadium,Al Rayyan,Qatar,T-69,South Korea,KOR,T-56,Portugal,PRT,21,2.0,1.0,1.0,-1.0,0.0,0.0,0-0,0.0,0.0,home team win,1.0,0.0,0.0,194229,https://sofifa.com/player/194229/hugo-mallo-novegil/20/159586,Hugo Mallo,Hugo Mallo Novegil,28,1991-06-22,173,69,Spain,RC Celta,RB,Right,RB,2.0
947.0,WC-2022,2022 FIFA World Cup,M-2022-47,Cameroon v Brazil,group stage,Group G,1.0,0.0,0.0,0.0,12/2/2022,22:00,S-114,Lusail Stadium,Lusail,Qatar,T-11,Cameroon,CMR,T-09,Brazil,BRA,10,1.0,0.0,1.0,-1.0,0.0,0.0,0-0,0.0,0.0,home team win,1.0,0.0,0.0,194932,https://sofifa.com/player/194932/andros-townsend/20/159586,A. Townsend,Andros Townsend,27,1991-07-16,178,73,England,Crystal Palace,"RM, ST, RW",Left,RM,10.0
948.0,WC-2022,2022 FIFA World Cup,M-2022-48,Serbia v Switzerland,group stage,Group G,1.0,0.0,0.0,0.0,12/2/2022,22:00,S-113,Stadium 974,Doha,Qatar,T-64,Serbia,SRB,T-73,Switzerland,CHE,23,2.0,3.0,-1.0,1.0,0.0,0.0,0-0,0.0,0.0,away team win,0.0,1.0,0.0,195202,https://sofifa.com/player/195202/tom-cairney/20/159586,T. Cairney,Tom Cairney,28,1991-01-20,186,84,Scotland,Fulham,"CAM, CM",Left,RCM,10.0
949.0,WC-2022,2022 FIFA World Cup,M-2022-49,Netherlands v United States,round of 16,not applicable,0.0,1.0,0.0,0.0,12/3/2022,18:00,S-110,Khalifa International Stadium,Al Rayyan,Qatar,T-46,Netherlands,NLD,T-80,United States,USA,31,3.0,1.0,2.0,-2.0,0.0,0.0,0-0,0.0,0.0,home team win,1.0,0.0,0.0,195586,https://sofifa.com/player/195586/alfredh-finnbogason/20/159586,A. Finnbogason,Alfreð Finnbogason,30,1989-02-01,184,80,Iceland,FC Augsburg,ST,Right,ST,27.0
950.0,WC-2022,2022 FIFA World Cup,M-2022-50,Argentina v Australia,round of 16,not applicable,0.0,1.0,0.0,0.0,12/3/2022,22:00,S-108,Ahmad bin Ali Stadium,Al Rayyan,Qatar,T-03,Argentina,ARG,T-04,Australia,AUS,21,2.0,1.0,1.0,-1.0,0.0,0.0,0-0,0.0,0.0,home team win,1.0,0.0,0.0,197225,https://sofifa.com/player/197225/nicolas-lodeiro/20/159586,N. Lodeiro,Marcelo Nicolás Lodeiro Benítez,30,1989-03-21,170,69,Uruguay,Seattle Sounders FC,"CAM, RM, CF",Left,CAM,10.0
951.0,WC-2022,2022 FIFA World Cup,M-2022-51,France v Poland,round of 16,not applicable,0.0,1.0,0.0,0.0,12/4/2022,18:00,S-112,Al Thumama Stadium,Doha,Qatar,T-28,France,FRA,T-55,Poland,POL,31,3.0,1.0,2.0,-2.0,0.0,0.0,0-0,0.0,0.0,home team win,1.0,0.0,0.0,197242,https://sofifa.com/player/197242/grzegorz-krychowiak/20/159586,G. Krychowiak,Grzegorz Krychowiak,29,1990-01-29,186,85,Poland,Lokomotiv Moscow,"CDM, CM",Right,RDM,7.0
952.0,WC-2022,2022 FIFA World Cup,M-2022-52,England v Senegal,round of 16,not applicable,0.0,1.0,0.0,0.0,12/4/2022,22:00,S-107,Al Bayt Stadium,Al Khor,Qatar,T-27,England,ENG,T-63,Senegal,SEN,30,3.0,0.0,3.0,-3.0,0.0,0.0,0-0,0.0,0.0,home team win,1.0,0.0,0.0,198200,https://sofifa.com/player/198200/benjamin-stambouli/20/159586,B. Stambouli,Benjamin Stambouli,28,1990-08-13,180,82,France,FC Schalke 04,"CB, CDM",Right,RDM,17.0
953.0,WC-2022,2022 FIFA World Cup,M-2022-53,Japan v Croatia,round of 16,not applicable,0.0,1.0,0.0,0.0,12/5/2022,18:00,S-111,Al Janoub Stadium,Al Wakrah,Qatar,T-42,Japan,JPN,T-17,Croatia,HRV,11,1.0,1.0,0.0,0.0,1.0,1.0,13,1.0,3.0,away team win,0.0,1.0,0.0,198949,https://sofifa.com/player/198949/kevin-malcuit/20/159586,K. Malcuit,Kévin Malcuit,27,1991-07-31,178,77,France,Napoli,"RB, RM",Right,RB,2.0
954.0,WC-2022,2022 FIFA World Cup,M-2022-54,Brazil v South Korea,round of 16,not applicable,0.0,1.0,0.0,0.0,12/5/2022,22:00,S-113,Stadium 974,Doha,Qatar,T-09,Brazil,BRA,T-69,South Korea,KOR,41,4.0,1.0,3.0,-3.0,0.0,0.0,0-0,0.0,0.0,home team win,1.0,0.0,0.0,199561,https://sofifa.com/player/199561/manuel-agudo-duran/20/159586,Nolito,Manuel Agudo Durán,32,1986-10-15,175,72,Spain,Sevilla FC,"LM, LW",Right,SUB,8.0
955.0,WC-2022,2022 FIFA World Cup,M-2022-55,Morocco v Spain,round of 16,not applicable,0.0,1.0,0.0,0.0,12/6/2022,18:00,S-109,Education City Stadium,Al Rayyan,Qatar,T-45,Morocco,MAR,T-71,Spain,ESP,00,0.0,0.0,0.0,0.0,1.0,1.0,30,3.0,0.0,home team win,1.0,0.0,0.0,200215,https://sofifa.com/player/200215/sebastian-rode/20/159586,S. Rode,Sebastian Rode,28,1990-10-11,179,75,Germany,Eintracht Frankfurt,"CDM, CM",Right,SUB,17.0
956.0,WC-2022,2022 FIFA World Cup,M-2022-56,Portugal v Switzerland,round of 16,not applicable,0.0,1.0,0.0,0.0,12/6/2022,22:00,S-114,Lusail Stadium,Lusail,Qatar,T-56,Portugal,PRT,T-73,Switzerland,CHE,61,6.0,1.0,5.0,-5.0,0.0,0.0,0-0,0.0,0.0,home team win,1.0,0.0,0.0,201095,https://sofifa.com/player/201095/agustin-marchesin/20/159586,A. Marchesín,Agustín Marchesín,31,1988-03-16,188,85,Argentina,FC Porto,GK,Right,GK,32.0
957.0,WC-2022,2022 FIFA World Cup,M-2022-57,Croatia v Brazil,quarter-finals,not applicable,0.0,1.0,0.0,0.0,12/9/2022,18:00,S-109,Education City Stadium,Al Rayyan,Qatar,T-17,Croatia,HRV,T-09,Brazil,BRA,11,1.0,1.0,0.0,0.0,1.0,1.0,42,4.0,2.0,home team win,1.0,0.0,0.0,201508,https://sofifa.com/player/201508/gaston-ramirez/20/159586,G. Ramírez,Gastón Exequiel Ramírez Pereyra,28,1990-12-02,183,78,Uruguay,Sampdoria,CAM,Left,RW,11.0
958.0,WC-2022,2022 FIFA World Cup,M-2022-58,Netherlands v Argentina,quarter-finals,not applicable,0.0,1.0,0.0,0.0,12/9/2022,22:00,S-114,Lusail Stadium,Lusail,Qatar,T-46,Netherlands,NLD,T-03,Argentina,ARG,22,2.0,2.0,0.0,0.0,1.0,1.0,34,3.0,4.0,away team win,0.0,1.0,0.0,201862,https://sofifa.com/player/201862/marcos-rojo/20/159586,M. Rojo,Faustino Marcos Alberto Rojo,29,1990-03-20,187,85,Argentina,Manchester United,CB,Left,SUB,16.0
959.0,WC-2022,2022 FIFA World Cup,M-2022-59,Morocco v Portugal,quarter-finals,not applicable,0.0,1.0,0.0,0.0,12/10/2022,18:00,S-112,Al Thumama Stadium,Doha,Qatar,T-45,Morocco,MAR,T-56,Portugal,PRT,10,1.0,0.0,1.0,-1.0,0.0,0.0,0-0,0.0,0.0,home team win,1.0,0.0,0.0,202054,https://sofifa.com/player/202054/edinaldo-gomes-pereira/20/159586,Naldo,Edinaldo Gomes Pereira,30,1988-08-25,188,80,Brazil,RCD Espanyol,CB,Right,RCB,5.0
960.0,WC-2022,2022 FIFA World Cup,M-2022-60,England v France,quarter-finals,not applicable,0.0,1.0,0.0,0.0,12/10/2022,22:00,S-107,Al Bayt Stadium,Al Khor,Qatar,T-27,England,ENG,T-28,France,FRA,12,1.0,2.0,-1.0,1.0,0.0,0.0,0-0,0.0,0.0,away team win,0.0,1.0,0.0,202201,https://sofifa.com/player/202201/jeffrey-gouweleeuw/20/159586,J. Gouweleeuw,Jeffrey Gouweleeuw,27,1991-07-10,188,78,Netherlands,FC Augsburg,CB,Right,RCB,6.0
961.0,WC-2022,2022 FIFA World Cup,M-2022-61,Argentina v Croatia,semi-finals,not applicable,0.0,1.0,0.0,0.0,12/13/2022,22:00,S-114,Lusail Stadium,Lusail,Qatar,T-03,Argentina,ARG,T-17,Croatia,HRV,30,3.0,0.0,3.0,-3.0,0.0,0.0,0-0,0.0,0.0,home team win,1.0,0.0,0.0,202851,https://sofifa.com/player/202851/gregoire-defrel/20/159586,G. Defrel,Gregoire Defrel,28,1991-06-17,179,77,France,Roma,"ST, RW",Left,SUB,21.0
962.0,WC-2022,2022 FIFA World Cup,M-2022-62,France v Morocco,semi-finals,not applicable,0.0,1.0,0.0,0.0,12/14/2022,22:00,S-107,Al Bayt Stadium,Al Khor,Qatar,T-28,France,FRA,T-45,Morocco,MAR,20,2.0,0.0,2.0,-2.0,0.0,0.0,0-0,0.0,0.0,home team win,1.0,0.0,0.0,202935,https://sofifa.com/player/202935/alvaro-gonzalez-soberon/20/159586,Álvaro,Álvaro González Soberón,29,1990-01-08,183,75,Spain,Olympique de Marseille,CB,Right,LCB,3.0
963.0,WC-2022,2022 FIFA World Cup,M-2022-63,Croatia v Morocco,third-place match,not applicable,0.0,1.0,0.0,0.0,12/17/2022,18:00,S-110,Khalifa International Stadium,Al Rayyan,Qatar,T-17,Croatia,HRV,T-45,Morocco,MAR,21,2.0,1.0,1.0,-1.0,0.0,0.0,0-0,0.0,0.0,home team win,1.0,0.0,0.0,203299,https://sofifa.com/player/203299/andre-carrillo/20/159586,A. Carrillo,André Martín Carrillo Díaz,28,1991-06-14,181,78,Peru,Al Hilal,RM,Right,RM,19.0
964.0,WC-2022,2022 FIFA World Cup,M-2022-64,Argentina v France,final,not applicable,0.0,1.0,0.0,0.0,12/18/2022,18:00,S-114,Lusail Stadium,Lusail,Qatar,T-03,Argentina,ARG,T-28,France,FRA,33,3.0,3.0,0.0,0.0,1.0,1.0,42,4.0,2.0,home team win,1.0,0.0,0.0,204385,https://sofifa.com/player/204385/santiago-garcia/20/159586,S. García,Santiago Damián García Correa,28,1990-09-14,181,80,Uruguay,Godoy Cruz,ST,Right,ST,18.0
